{"temporal0": 6.81e-06, "temporal1": 7.5e-06, "temporal2": 0.00072404, "temporal3": 9.12e-06, "temporal4": 9.34e-06, "total": 0.000763581832870841}