{"temporal0": 8.16e-06, "temporal1": 8.38e-06, "temporal2": 9.49e-06, "temporal3": 1.002e-05, "temporal4": 0.00072427, "total": 0.0007701885770075023}