{"temporal0": 6.88e-06, "temporal1": 7.01e-06, "temporal2": 7.94e-06, "temporal3": 8.42e-06, "temporal4": 0.00072501, "total": 0.0007646034355275333}