{"temporal0": 0.00073943, "temporal1": 6.25e-06, "temporal2": 0.00073835, "temporal3": 8.05e-06, "temporal4": 8.33e-06, "total": 0.0022274658549576998}