{"temporal0": 0.00073888, "temporal1": 0.0007506, "temporal2": 7.46e-06, "temporal3": 7.75e-06, "temporal4": 7.78e-06, "total": 0.0022634470369666815}