{"temporal0": 3.95e-06, "temporal1": 4.36e-06, "temporal2": 0.00050169, "temporal3": 0.0009927, "temporal4": 5.72e-06, "total": 0.00151358253788203}