{"temporal0": 7.83e-06, "temporal1": 7.41e-06, "temporal2": 8.17e-06, "temporal3": 8.44e-06, "temporal4": 0.00146435, "total": 0.0015008955961093307}