{"temporal0": 0.00100228, "temporal1": 0.00050781, "temporal2": 5.38e-06, "temporal3": 5.84e-06, "temporal4": 6.14e-06, "total": 0.0025256650988012552}