{"temporal0": 4.62e-06, "temporal1": 4.58e-06, "temporal2": 0.00049836, "temporal3": 0.00049698, "temporal4": 0.00049775, "total": 0.001507245353423059}