{"temporal0": 0.00075474, "temporal1": 6.49e-06, "temporal2": 7.35e-06, "temporal3": 7.76e-06, "temporal4": 0.00073034, "total": 0.0022695816587656736}