{"temporal0": 5.99e-06, "temporal1": 6.01e-06, "temporal2": 6.84e-06, "temporal3": 0.00073701, "temporal4": 7.57e-06, "total": 0.0007661624113097787}