{"temporal0": 4.56e-06, "temporal1": 0.00049804, "temporal2": 0.0010025, "temporal3": 6.44e-06, "temporal4": 6.88e-06, "total": 0.0015230248682200909}