{"temporal0": 4.23e-06, "temporal1": 0.00050138, "temporal2": 5.46e-06, "temporal3": 0.00049627, "temporal4": 6.25e-06, "total": 0.0010187800507992506}