{"temporal0": 0.00050695, "temporal1": 4.5e-06, "temporal2": 5.2e-06, "temporal3": 5.7e-06, "temporal4": 0.00049639, "total": 0.0015193986473605037}