{"temporal0": 5.09e-06, "temporal1": 4.61e-06, "temporal2": 0.00049642, "temporal3": 5.87e-06, "temporal4": 0.00050032, "total": 0.0010176063515245914}