{"temporal0": 5.7e-06, "temporal1": 0.00050261, "temporal2": 5.24e-06, "temporal3": 5.74e-06, "temporal4": 0.00099913, "total": 0.0015228064730763435}