{"temporal0": 7.16e-06, "temporal1": 7.54e-06, "temporal2": 0.00144397, "temporal3": 8.59e-06, "temporal4": 8.51e-06, "total": 0.001481581130065024}