{"temporal0": 7.05e-06, "temporal1": 0.00072974, "temporal2": 9.55e-06, "temporal3": 0.00072417, "temporal4": 1.048e-05, "total": 0.0014899099478498101}