{"temporal0": 0.00050545, "temporal1": 4.73e-06, "temporal2": 0.00049931, "temporal3": 0.00050068, "temporal4": 6.17e-06, "total": 0.0020156458485871553}