{"temporal0": 0.00050548, "temporal1": 0.00050121, "temporal2": 5.88e-06, "temporal3": 0.00050097, "temporal4": 7.03e-06, "total": 0.002031890209764242}