{"temporal0": 4.47e-06, "temporal1": 4.68e-06, "temporal2": 5.55e-06, "temporal3": 6.13e-06, "temporal4": 0.00049492, "total": 0.0005202648462727666}