{"temporal0": 0.00073349, "temporal1": 7.17e-06, "temporal2": 7.97e-06, "temporal3": 0.00072673, "temporal4": 8.26e-06, "total": 0.0021998693700879812}