{"temporal0": 6.25e-06, "temporal1": 6.7e-06, "temporal2": 0.00074885, "temporal3": 0.00073001, "temporal4": 8.06e-06, "total": 0.001508944551460445}