{"temporal0": 0.00100924, "temporal1": 4.25e-06, "temporal2": 4.94e-06, "temporal3": 0.00050699, "temporal4": 5.66e-06, "total": 0.0025408307556062937}