{"temporal0": 5.26e-06, "temporal1": 0.00050062, "temporal2": 0.00049869, "temporal3": 6.33e-06, "temporal4": 0.0005001, "total": 0.001515488955192268}