{"temporal0": 0.00074174, "temporal1": 7.73e-06, "temporal2": 8.83e-06, "temporal3": 9.27e-06, "temporal4": 9.36e-06, "total": 0.0014973117504268885}