{"temporal0": 5.71e-06, "temporal1": 0.00150044, "temporal2": 4.93e-06, "temporal3": 5.48e-06, "temporal4": 5.91e-06, "total": 0.001527664833702147}