{"temporal0": 7.08e-06, "temporal1": 0.00072869, "temporal2": 9.14e-06, "temporal3": 0.00072502, "temporal4": 1.002e-05, "total": 0.0014913066988810897}