{"temporal0": 6.54e-06, "temporal1": 0.00073356, "temporal2": 0.00072659, "temporal3": 7.71e-06, "temporal4": 7.77e-06, "total": 0.0014912690967321396}