{"temporal0": 0.00073263, "temporal1": 7.34e-06, "temporal2": 8.28e-06, "temporal3": 0.00074938, "temporal4": 8.5e-06, "total": 0.002237038454040885}