{"temporal0": 0.00073463, "temporal1": 0.00074166, "temporal2": 8.12e-06, "temporal3": 8.68e-06, "temporal4": 8.92e-06, "total": 0.0022186394780874252}