{"temporal0": 7.02e-06, "temporal1": 0.00073579, "temporal2": 8.37e-06, "temporal3": 8.9e-06, "temporal4": 9.11e-06, "total": 0.0007818847079761326}