{"temporal0": 7.02e-06, "temporal1": 7.34e-06, "temporal2": 0.00073261, "temporal3": 8.91e-06, "temporal4": 9.16e-06, "total": 0.0007779335137456656}