{"temporal0": 0.00050549, "temporal1": 5.01e-06, "temporal2": 5.94e-06, "temporal3": 6.62e-06, "temporal4": 7.03e-06, "total": 0.0010369097581133246}