{"temporal0": 8.43e-06, "temporal1": 8.54e-06, "temporal2": 9.46e-06, "temporal3": 0.00072089, "temporal4": 0.00072081, "total": 0.0014791111461818218}