{"temporal0": 7.84e-06, "temporal1": 0.00072343, "temporal2": 8.08e-06, "temporal3": 8.23e-06, "temporal4": 0.00073646, "total": 0.001490672817453742}