{"temporal0": 0.00147894, "temporal1": 6.71e-06, "temporal2": 7.39e-06, "temporal3": 7.74e-06, "temporal4": 7.88e-06, "total": 0.0030194888822734356}