{"temporal0": 0.00070872, "temporal1": 1.164e-05, "temporal2": 1.241e-05, "temporal3": 1.238e-05, "temporal4": 1.218e-05, "total": 0.0014833116438239813}