{"temporal0": 1.388e-05, "temporal1": 0.00139398, "temporal2": 1.456e-05, "temporal3": 1.509e-05, "temporal4": 1.533e-05, "total": 0.0014712928095832467}