{"temporal0": 1.607e-05, "temporal1": 1.574e-05, "temporal2": 1.753e-05, "temporal3": 1.844e-05, "temporal4": 0.00067291, "total": 0.0007670951308682561}