{"temporal0": 1.733e-05, "temporal1": 0.00134862, "temporal2": 1.79e-05, "temporal3": 1.767e-05, "temporal4": 1.715e-05, "total": 0.0014329791301861405}