{"temporal0": 1.557e-05, "temporal1": 0.00069412, "temporal2": 1.716e-05, "temporal3": 1.773e-05, "temporal4": 0.00066231, "total": 0.0014256223803386092}