{"temporal0": 1.871e-05, "temporal1": 1.864e-05, "temporal2": 2.043e-05, "temporal3": 2.117e-05, "temporal4": 0.00066348, "total": 0.0007687853649258614}