{"temporal0": 0.00135029, "temporal1": 1.708e-05, "temporal2": 1.871e-05, "temporal3": 1.911e-05, "temporal4": 1.924e-05, "total": 0.0027606291696429253}