{"temporal0": 1.68e-05, "temporal1": 0.00066129, "temporal2": 1.828e-05, "temporal3": 1.893e-05, "temporal4": 0.00069413, "total": 0.0014271149411797523}