{"temporal0": 0.00068089, "temporal1": 1.791e-05, "temporal2": 2.005e-05, "temporal3": 0.00066161, "temporal4": 2.167e-05, "total": 0.002049081027507782}