{"temporal0": 1.607e-05, "temporal1": 1.589e-05, "temporal2": 0.00132702, "temporal3": 1.846e-05, "temporal4": 1.881e-05, "total": 0.0014235678827390075}