{"temporal0": 1.672e-05, "temporal1": 1.595e-05, "temporal2": 0.00135113, "temporal3": 1.802e-05, "temporal4": 1.772e-05, "total": 0.0014309111284092069}