{"temporal0": 1.673e-05, "temporal1": 1.59e-05, "temporal2": 1.727e-05, "temporal3": 0.00137188, "temporal4": 1.773e-05, "total": 0.0014587640762329102}