{"temporal0": 2.07e-05, "temporal1": 2.02e-05, "temporal2": 2.234e-05, "temporal3": 0.00065569, "temporal4": 0.00065633, "total": 0.0014065592549741268}