{"temporal0": 0.00068441, "temporal1": 1.994e-05, "temporal2": 2.18e-05, "temporal3": 0.00065478, "temporal4": 2.218e-05, "total": 0.002047554589807987}