{"temporal0": 2.002e-05, "temporal1": 1.902e-05, "temporal2": 2.042e-05, "temporal3": 2.081e-05, "temporal4": 0.00072569, "total": 0.0008249444072134793}