{"temporal0": 1.882e-05, "temporal1": 1.847e-05, "temporal2": 0.00065806, "temporal3": 0.00068097, "temporal4": 2.159e-05, "total": 0.0014185730833560228}