{"temporal0": 0.00067407, "temporal1": 1.987e-05, "temporal2": 0.00065881, "temporal3": 2.073e-05, "temporal4": 2.01e-05, "total": 0.0020648424979299307}