{"temporal0": 0.0007288, "temporal1": 1.322e-05, "temporal2": 1.428e-05, "temporal3": 0.00068662, "temporal4": 1.472e-05, "total": 0.002190296072512865}