{"temporal0": 1.673e-05, "temporal1": 1.539e-05, "temporal2": 0.00072282, "temporal3": 1.659e-05, "temporal4": 0.00067297, "total": 0.0014579694252461195}