{"temporal0": 1.959e-05, "temporal1": 0.00131779, "temporal2": 2.205e-05, "temporal3": 2.303e-05, "temporal4": 2.338e-05, "total": 0.0014326792443171144}