{"temporal0": 0.00067371, "temporal1": 1.959e-05, "temporal2": 2.196e-05, "temporal3": 2.3e-05, "temporal4": 2.345e-05, "total": 0.0014090731274336576}