{"temporal0": 0.00143798, "temporal1": 1.113e-05, "temporal2": 1.199e-05, "temporal3": 1.228e-05, "temporal4": 1.232e-05, "total": 0.002905205124989152}