{"temporal0": 1.267e-05, "temporal1": 0.00069278, "temporal2": 1.266e-05, "temporal3": 1.274e-05, "temporal4": 1.269e-05, "total": 0.0007563522085547447}