{"temporal0": 1.245e-05, "temporal1": 1.211e-05, "temporal2": 0.00070728, "temporal3": 0.00069114, "temporal4": 1.343e-05, "total": 0.0014565824531018734}