{"temporal0": 1.184e-05, "temporal1": 0.00072406, "temporal2": 1.312e-05, "temporal3": 1.351e-05, "temporal4": 0.00068587, "total": 0.0014599896967411041}