{"temporal0": 1.32e-05, "temporal1": 1.271e-05, "temporal2": 1.378e-05, "temporal3": 0.00070357, "temporal4": 1.456e-05, "total": 0.00078006082912907}