{"temporal0": 1.119e-05, "temporal1": 0.00069718, "temporal2": 1.206e-05, "temporal3": 1.255e-05, "temporal4": 0.00071888, "total": 0.001463832799345255}