{"temporal0": 0.00071368, "temporal1": 9.25e-06, "temporal2": 1.011e-05, "temporal3": 0.00071612, "temporal4": 1.05e-05, "total": 0.002184213139116764}