{"temporal0": 1.068e-05, "temporal1": 1.011e-05, "temporal2": 0.00070293, "temporal3": 1.11e-05, "temporal4": 0.00073954, "total": 0.001481963088735938}