{"temporal0": 1.262e-05, "temporal1": 1.245e-05, "temporal2": 1.374e-05, "temporal3": 0.00069239, "temporal4": 1.466e-05, "total": 0.0007655335939489305}