{"temporal0": 9.42e-06, "temporal1": 8.71e-06, "temporal2": 0.00073952, "temporal3": 9.38e-06, "temporal4": 9.32e-06, "total": 0.0007834066054783762}