{"temporal0": 0.00070908, "temporal1": 1.261e-05, "temporal2": 1.38e-05, "temporal3": 1.435e-05, "temporal4": 1.459e-05, "total": 0.0014345354866236448}