{"temporal0": 1.056e-05, "temporal1": 0.00074122, "temporal2": 1.038e-05, "temporal3": 1.064e-05, "temporal4": 1.071e-05, "total": 0.000797946413513273}