{"temporal0": 1.42e-05, "temporal1": 0.00070424, "temporal2": 0.00068871, "temporal3": 1.484e-05, "temporal4": 1.474e-05, "total": 0.0014577374095097184}