{"temporal0": 1.299e-05, "temporal1": 0.0006956, "temporal2": 1.36e-05, "temporal3": 1.405e-05, "temporal4": 0.00070211, "total": 0.0014595858519896865}