{"temporal0": 0.00069928, "temporal1": 1.263e-05, "temporal2": 1.343e-05, "temporal3": 1.375e-05, "temporal4": 0.00070307, "total": 0.002106148051097989}