{"temporal0": 1.088e-05, "temporal1": 1.036e-05, "temporal2": 0.00069457, "temporal3": 0.00074225, "temporal4": 1.158e-05, "total": 0.0014836539048701525}