{"temporal0": 0.00142461, "temporal1": 1.047e-05, "temporal2": 1.136e-05, "temporal3": 1.172e-05, "temporal4": 1.191e-05, "total": 0.002869904274120927}