{"temporal0": 0.00070094, "temporal1": 1.26e-05, "temporal2": 1.347e-05, "temporal3": 0.00069395, "temporal4": 1.376e-05, "total": 0.00213215802796185}