{"temporal0": 1.215e-05, "temporal1": 0.00071233, "temporal2": 0.00069421, "temporal3": 1.278e-05, "temporal4": 1.271e-05, "total": 0.0014589892234653234}