{"temporal0": 1.085e-05, "temporal1": 1.027e-05, "temporal2": 0.00071989, "temporal3": 1.175e-05, "temporal4": 0.00069225, "total": 0.001458682119846344}