{"temporal0": 1.495e-05, "temporal1": 1.482e-05, "temporal2": 1.59e-05, "temporal3": 1.64e-05, "temporal4": 0.0013651, "total": 0.0014499027747660875}