{"temporal0": 1.347e-05, "temporal1": 1.274e-05, "temporal2": 1.343e-05, "temporal3": 0.00070046, "temporal4": 1.342e-05, "total": 0.0007661415147595108}