{"temporal0": 3.9e-06, "temporal1": 3.74e-06, "temporal2": 0.00075437, "temporal3": 4.42e-06, "temporal4": 0.00075364, "total": 0.0015243036905303597}