{"temporal0": 4.71e-06, "temporal1": 0.00075778, "temporal2": 5.47e-06, "temporal3": 0.00075617, "temporal4": 5.81e-06, "total": 0.0015340163372457027}