{"temporal0": 5.22e-06, "temporal1": 0.00051308, "temporal2": 3.98e-06, "temporal3": 4.05e-06, "temporal4": 0.00051314, "total": 0.0010440704645588994}