{"temporal0": 3.89e-06, "temporal1": 3.89e-06, "temporal2": 4.18e-06, "temporal3": 0.00075705, "temporal4": 0.00075268, "total": 0.0015254347817972302}