{"temporal0": 0.00102777, "temporal1": 4.11e-06, "temporal2": 4.59e-06, "temporal3": 4.89e-06, "temporal4": 5.01e-06, "total": 0.002073373179882765}