{"temporal0": 6.08e-06, "temporal1": 4.37e-06, "temporal2": 4.33e-06, "temporal3": 0.00101962, "temporal4": 4.45e-06, "total": 0.0010427989764139056}