{"temporal0": 0.00151911, "temporal1": 3.84e-06, "temporal2": 4.09e-06, "temporal3": 4.23e-06, "temporal4": 4.24e-06, "total": 0.0030532588716596365}