{"temporal0": 6.96e-06, "temporal1": 3.78e-06, "temporal2": 0.00051167, "temporal3": 0.00051222, "temporal4": 0.00051245, "total": 0.0015519552398473024}