{"temporal0": 5.29e-06, "temporal1": 0.00051284, "temporal2": 0.0005129, "temporal3": 4.06e-06, "temporal4": 0.00051264, "total": 0.0015519207809120417}