{"temporal0": 3.87e-06, "temporal1": 0.00076291, "temporal2": 0.00075256, "temporal3": 4.1e-06, "temporal4": 4.09e-06, "total": 0.0015314578777179122}