{"temporal0": 7.51e-06, "temporal1": 4.21e-06, "temporal2": 0.00051326, "temporal3": 4.1e-06, "temporal4": 0.00051113, "total": 0.0010446921223774552}