{"temporal0": 0.00051772, "temporal1": 3.91e-06, "temporal2": 0.00051236, "temporal3": 3.99e-06, "temporal4": 0.00051161, "total": 0.0020659908186644316}