{"temporal0": 6.25e-06, "temporal1": 3.97e-06, "temporal2": 0.00102019, "temporal3": 4.27e-06, "temporal4": 0.00051185, "total": 0.0015509879449382424}