{"temporal0": 0.00075942, "temporal1": 4.07e-06, "temporal2": 0.0007535, "temporal3": 5.07e-06, "temporal4": 5.11e-06, "total": 0.002286764793097973}