{"temporal0": 0.00076179, "temporal1": 4.55e-06, "temporal2": 5.04e-06, "temporal3": 5.29e-06, "temporal4": 0.00075392, "total": 0.0022981995716691017}