{"temporal0": 4.59e-06, "temporal1": 4.67e-06, "temporal2": 0.0007555, "temporal3": 5.67e-06, "temporal4": 5.7e-06, "total": 0.0007798780570738018}