{"temporal0": 0.00051601, "temporal1": 3.85e-06, "temporal2": 3.58e-06, "temporal3": 0.00102248, "temporal4": 3.63e-06, "total": 0.002064307453110814}