{"temporal0": 0.00051569, "temporal1": 0.00051458, "temporal2": 3.71e-06, "temporal3": 3.74e-06, "temporal4": 0.00051249, "total": 0.002064027823507786}