{"temporal0": 3.78e-06, "temporal1": 0.00075584, "temporal2": 4.08e-06, "temporal3": 4.35e-06, "temporal4": 0.00075577, "total": 0.001528366468846798}