{"temporal0": 0.00076528, "temporal1": 3.38e-06, "temporal2": 3.76e-06, "temporal3": 0.00075351, "temporal4": 3.98e-06, "total": 0.0022978237830102444}