{"temporal0": 3.9e-06, "temporal1": 3.83e-06, "temporal2": 4.27e-06, "temporal3": 0.00150023, "temporal4": 4.43e-06, "total": 0.0015211844583973289}