{"temporal0": 3.8e-06, "temporal1": 3.74e-06, "temporal2": 0.00075394, "temporal3": 4.49e-06, "temporal4": 4.48e-06, "total": 0.0007734345272183418}