{"temporal0": 4.44e-06, "temporal1": 0.0007525, "temporal2": 4.76e-06, "temporal3": 5e-06, "temporal4": 0.00075441, "total": 0.0015245078830048442}