{"temporal0": 0.00076314, "temporal1": 3e-06, "temporal2": 0.00075692, "temporal3": 3.55e-06, "temporal4": 3.65e-06, "total": 0.002291999524459243}