{"temporal0": 0.00051624, "temporal1": 0.00102119, "temporal2": 3.81e-06, "temporal3": 3.87e-06, "temporal4": 3.96e-06, "total": 0.002063111402094364}