{"temporal0": 0.00051669, "temporal1": 3.74e-06, "temporal2": 0.00051143, "temporal3": 4.03e-06, "temporal4": 4.11e-06, "total": 0.001554416841827333}