{"temporal0": 3.86e-06, "temporal1": 3.79e-06, "temporal2": 4.3e-06, "temporal3": 0.00075905, "temporal4": 4.54e-06, "total": 0.0007784540648572147}