{"temporal0": 3.49e-06, "temporal1": 0.00075826, "temporal2": 4.04e-06, "temporal3": 4.19e-06, "temporal4": 4.31e-06, "total": 0.0007777027203701437}