{"temporal0": 3.59e-06, "temporal1": 3.7e-06, "temporal2": 0.00076161, "temporal3": 4.21e-06, "temporal4": 4.23e-06, "total": 0.0007806091452948749}