{"temporal0": 0.00076237, "temporal1": 0.00076039, "temporal2": 3.26e-06, "temporal3": 3.47e-06, "temporal4": 3.6e-06, "total": 0.002300129272043705}