{"temporal0": 4.93e-06, "temporal1": 4.72e-06, "temporal2": 5.37e-06, "temporal3": 0.00075176, "temporal4": 5.69e-06, "total": 0.0007762454333715141}