{"temporal0": 3.89e-06, "temporal1": 3.78e-06, "temporal2": 4.27e-06, "temporal3": 4.54e-06, "temporal4": 0.00075288, "total": 0.0007726082112640142}