{"temporal0": 5.26e-06, "temporal1": 0.00051378, "temporal2": 3.7e-06, "temporal3": 0.00051192, "temporal4": 3.84e-06, "total": 0.0010424249339848757}