{"temporal0": 5.1e-06, "temporal1": 0.00051317, "temporal2": 3.75e-06, "temporal3": 0.00051253, "temporal4": 3.87e-06, "total": 0.0010425207437947392}