{"temporal0": 0.00153788, "temporal1": 3.78e-06, "temporal2": 3.91e-06, "temporal3": 3.99e-06, "temporal4": 4.06e-06, "total": 0.003089352510869503}