{"temporal0": 3.29e-06, "temporal1": 0.00075728, "temporal2": 3.64e-06, "temporal3": 3.82e-06, "temporal4": 0.00076062, "total": 0.0015311164315789938}