{"temporal0": 0.00151609, "temporal1": 3.92e-06, "temporal2": 4.36e-06, "temporal3": 4.6e-06, "temporal4": 4.59e-06, "total": 0.0030505387112498283}