{"temporal0": 5.15e-06, "temporal1": 4.18e-06, "temporal2": 0.00050772, "temporal3": 0.00050745, "temporal4": 0.00049907, "total": 0.0015275587793439627}