{"temporal0": 0.0005096, "temporal1": 4.32e-06, "temporal2": 0.00050169, "temporal3": 0.0005026, "temporal4": 5.04e-06, "total": 0.0020357994362711906}