{"temporal0": 0.00050603, "temporal1": 3.96e-06, "temporal2": 0.00050206, "temporal3": 0.00050163, "temporal4": 4.82e-06, "total": 0.002026517875492573}