{"temporal0": 4.79e-06, "temporal1": 0.00100011, "temporal2": 4.98e-06, "temporal3": 0.00050009, "temporal4": 5.42e-06, "total": 0.0015213601291179657}