{"temporal0": 0.00100825, "temporal1": 4.5e-06, "temporal2": 5.06e-06, "temporal3": 5.41e-06, "temporal4": 0.00050049, "total": 0.00252657663077116}