{"temporal0": 4.8e-06, "temporal1": 4.41e-06, "temporal2": 4.83e-06, "temporal3": 5.18e-06, "temporal4": 0.00050113, "total": 0.0005245692445896566}