{"temporal0": 5.1e-06, "temporal1": 4.8e-06, "temporal2": 5.67e-06, "temporal3": 6.19e-06, "temporal4": 0.00148556, "total": 0.001515006530098617}