{"temporal0": 4.89e-06, "temporal1": 5.56e-06, "temporal2": 6.59e-06, "temporal3": 7.06e-06, "temporal4": 0.00145573, "total": 0.0014860109658911824}