{"temporal0": 4.61e-06, "temporal1": 4.3e-06, "temporal2": 4.77e-06, "temporal3": 5.14e-06, "temporal4": 0.00099526, "total": 0.001020757481455803}