{"temporal0": 5.16e-06, "temporal1": 6.28e-06, "temporal2": 7.6e-06, "temporal3": 0.00072651, "temporal4": 8.47e-06, "total": 0.0007613690104335546}