{"temporal0": 4.99e-06, "temporal1": 5.55e-06, "temporal2": 0.00073371, "temporal3": 0.00073101, "temporal4": 7.06e-06, "total": 0.0014862847747281194}