{"temporal0": 0.00050535, "temporal1": 0.00050489, "temporal2": 4.28e-06, "temporal3": 4.72e-06, "temporal4": 0.00050382, "total": 0.00202541658654809}