{"temporal0": 4.76e-06, "temporal1": 0.00074347, "temporal2": 5.98e-06, "temporal3": 6.57e-06, "temporal4": 6.86e-06, "total": 0.0007744034519419074}