{"temporal0": 0.00074586, "temporal1": 4.63e-06, "temporal2": 5.53e-06, "temporal3": 5.95e-06, "temporal4": 6.2e-06, "total": 0.0015204460360109806}