{"temporal0": 0.00075042, "temporal1": 5.78e-06, "temporal2": 7.11e-06, "temporal3": 7.86e-06, "temporal4": 8.19e-06, "total": 0.0015433679800480604}