{"temporal0": 0.00074191, "temporal1": 6.16e-06, "temporal2": 0.00073017, "temporal3": 7.72e-06, "temporal4": 7.68e-06, "total": 0.002234842861071229}