{"temporal0": 0.00074728, "temporal1": 0.00075549, "temporal2": 5.63e-06, "temporal3": 6.05e-06, "temporal4": 6.25e-06, "total": 0.002250825287774205}