{"temporal0": 0.00074143, "temporal1": 5.2e-06, "temporal2": 0.00074356, "temporal3": 6.71e-06, "temporal4": 7e-06, "total": 0.0022310717031359673}