{"temporal0": 4.55e-06, "temporal1": 0.00050225, "temporal2": 0.00050277, "temporal3": 5.12e-06, "temporal4": 5.31e-06, "total": 0.0010240329429507256}