{"temporal0": 0.00050471, "temporal1": 0.0005085, "temporal2": 0.00049944, "temporal3": 5.26e-06, "temporal4": 5.44e-06, "total": 0.0020275674760341644}