{"temporal0": 0.00074586, "temporal1": 0.0007336, "temporal2": 8.21e-06, "temporal3": 8.92e-06, "temporal4": 9.34e-06, "total": 0.0022383725736290216}