{"temporal0": 6.08e-06, "temporal1": 5.85e-06, "temporal2": 0.0014649, "temporal3": 7.38e-06, "temporal4": 7.65e-06, "total": 0.0015025855973362923}