{"temporal0": 6.68e-06, "temporal1": 6.54e-06, "temporal2": 7.62e-06, "temporal3": 0.00145852, "temporal4": 8.44e-06, "total": 0.001497970661148429}