{"temporal0": 0.00050657, "temporal1": 0.00050434, "temporal2": 4.52e-06, "temporal3": 4.97e-06, "temporal4": 5.25e-06, "total": 0.0015374957583844662}