{"temporal0": 7.08e-06, "temporal1": 0.00074356, "temporal2": 8.04e-06, "temporal3": 8.6e-06, "temporal4": 0.00072371, "total": 0.0014979088446125388}