{"temporal0": 5.94e-06, "temporal1": 5.92e-06, "temporal2": 0.00147928, "temporal3": 7.03e-06, "temporal4": 7.1e-06, "total": 0.0015141080366447568}