{"temporal0": 6.26e-06, "temporal1": 0.00073499, "temporal2": 7.79e-06, "temporal3": 8.48e-06, "temporal4": 8.66e-06, "total": 0.0007724446477368474}