{"temporal0": 7.42e-06, "temporal1": 7.64e-06, "temporal2": 8.78e-06, "temporal3": 0.00072812, "temporal4": 9.46e-06, "total": 0.0007682114955969155}