{"temporal0": 4.6e-06, "temporal1": 0.00050281, "temporal2": 4.91e-06, "temporal3": 0.00050051, "temporal4": 5.72e-06, "total": 0.0010243378346785903}