{"temporal0": 0.00148882, "temporal1": 6.94e-06, "temporal2": 8.14e-06, "temporal3": 8.69e-06, "temporal4": 8.92e-06, "total": 0.003012510249391198}