{"temporal0": 0.00050748, "temporal1": 4.08e-06, "temporal2": 0.00050287, "temporal3": 5.35e-06, "temporal4": 0.0005075, "total": 0.0020299137104302645}