{"temporal0": 6.33e-06, "temporal1": 6.09e-06, "temporal2": 6.99e-06, "temporal3": 0.00073739, "temporal4": 0.00073681, "total": 0.0014974757796153426}