{"temporal0": 7.74e-06, "temporal1": 0.00072924, "temporal2": 9.29e-06, "temporal3": 9.8e-06, "temporal4": 9.91e-06, "total": 0.0007739291177131236}