{"temporal0": 3.98e-06, "temporal1": 3.97e-06, "temporal2": 0.0005011, "temporal3": 0.00099642, "temporal4": 5.16e-06, "total": 0.001515079289674759}