{"temporal0": 6.62e-06, "temporal1": 0.00146149, "temporal2": 8.58e-06, "temporal3": 9.19e-06, "temporal4": 9.43e-06, "total": 0.0015046264743432403}