{"temporal0": 6.25e-06, "temporal1": 6.77e-06, "temporal2": 7.98e-06, "temporal3": 0.00075072, "temporal4": 0.00072849, "total": 0.0015068992506712675}