{"temporal0": 1.116e-05, "temporal1": 1.132e-05, "temporal2": 0.00071429, "temporal3": 0.00068992, "temporal4": 1.363e-05, "total": 0.001453738077543676}