{"temporal0": 1.361e-05, "temporal1": 1.365e-05, "temporal2": 1.501e-05, "temporal3": 0.00069792, "temporal4": 0.0006796, "total": 0.0014367102412506938}