{"temporal0": 0.00069758, "temporal1": 1.176e-05, "temporal2": 1.302e-05, "temporal3": 1.362e-05, "temporal4": 1.39e-05, "total": 0.0014055846258997917}