{"temporal0": 0.00068996, "temporal1": 1.249e-05, "temporal2": 1.384e-05, "temporal3": 0.00073893, "temporal4": 1.449e-05, "total": 0.002124057849869132}