{"temporal0": 1.345e-05, "temporal1": 1.366e-05, "temporal2": 0.00136538, "temporal3": 1.514e-05, "temporal4": 1.488e-05, "total": 0.0014361361972987652}