{"temporal0": 1.197e-05, "temporal1": 1.199e-05, "temporal2": 1.339e-05, "temporal3": 0.00068106, "temporal4": 0.00074086, "total": 0.0014735748991370201}