{"temporal0": 1.426e-05, "temporal1": 0.00068739, "temporal2": 1.558e-05, "temporal3": 0.00068273, "temporal4": 1.604e-05, "total": 0.0014361611101776361}