{"temporal0": 1.267e-05, "temporal1": 0.00137968, "temporal2": 1.443e-05, "temporal3": 1.496e-05, "temporal4": 1.497e-05, "total": 0.0014522235142067075}