{"temporal0": 0.00069577, "temporal1": 1.469e-05, "temporal2": 1.594e-05, "temporal3": 1.633e-05, "temporal4": 0.00067971, "total": 0.0021144389174878597}