{"temporal0": 1.076e-05, "temporal1": 0.00071882, "temporal2": 1.229e-05, "temporal3": 1.278e-05, "temporal4": 0.00069239, "total": 0.0014552278444170952}