{"temporal0": 0.00071017, "temporal1": 1.365e-05, "temporal2": 1.5e-05, "temporal3": 1.539e-05, "temporal4": 0.00067737, "total": 0.002156599424779415}