{"temporal0": 0.00069337, "temporal1": 1.562e-05, "temporal2": 1.718e-05, "temporal3": 1.787e-05, "temporal4": 1.812e-05, "total": 0.0014325976371765137}