{"temporal0": 1.242e-05, "temporal1": 0.00073726, "temporal2": 1.325e-05, "temporal3": 1.368e-05, "temporal4": 1.379e-05, "total": 0.0008044857531785965}