{"temporal0": 0.00074341, "temporal1": 0.00069371, "temporal2": 1.29e-05, "temporal3": 1.346e-05, "temporal4": 1.375e-05, "total": 0.0022291417699307203}