{"temporal0": 1.297e-05, "temporal1": 1.337e-05, "temporal2": 0.00140119, "temporal3": 1.498e-05, "temporal4": 1.507e-05, "total": 0.0014710896648466587}