{"temporal0": 1.239e-05, "temporal1": 1.268e-05, "temporal2": 0.0006782, "temporal3": 1.455e-05, "temporal4": 0.00070906, "total": 0.0014405553229153156}