{"temporal0": 1.543e-05, "temporal1": 0.00068804, "temporal2": 1.844e-05, "temporal3": 1.939e-05, "temporal4": 1.978e-05, "total": 0.0007813171832822263}