{"temporal0": 1.134e-05, "temporal1": 1.175e-05, "temporal2": 0.00068948, "temporal3": 0.00071064, "temporal4": 1.434e-05, "total": 0.001450035022571683}