{"temporal0": 0.00072451, "temporal1": 1.334e-05, "temporal2": 1.48e-05, "temporal3": 0.00067402, "temporal4": 1.501e-05, "total": 0.0021877805702388287}