{"temporal0": 1.364e-05, "temporal1": 1.379e-05, "temporal2": 1.501e-05, "temporal3": 1.544e-05, "temporal4": 0.00068907, "total": 0.0007629535393789411}