{"temporal0": 0.00139739, "temporal1": 1.302e-05, "temporal2": 1.445e-05, "temporal3": 1.517e-05, "temporal4": 1.561e-05, "total": 0.002773993881419301}