{"temporal0": 0.00142315, "temporal1": 1.148e-05, "temporal2": 1.224e-05, "temporal3": 1.225e-05, "temporal4": 1.218e-05, "total": 0.002904628636315465}