{"temporal0": 1.426e-05, "temporal1": 0.00140837, "temporal2": 1.36e-05, "temporal3": 1.402e-05, "temporal4": 1.42e-05, "total": 0.0014852670719847083}