{"temporal0": 0.00069606, "temporal1": 1.416e-05, "temporal2": 1.555e-05, "temporal3": 1.636e-05, "temporal4": 1.684e-05, "total": 0.0014105046866461635}