{"temporal0": 1.377e-05, "temporal1": 1.304e-05, "temporal2": 1.44e-05, "temporal3": 0.00070562, "temporal4": 0.00067005, "total": 0.001435382990166545}