{"temporal0": 0.00068284, "temporal1": 1.694e-05, "temporal2": 1.837e-05, "temporal3": 0.00067308, "temporal4": 1.868e-05, "total": 0.0020540240220725536}