{"temporal0": 1.703e-05, "temporal1": 1.494e-05, "temporal2": 0.0006682, "temporal3": 1.573e-05, "temporal4": 0.000732, "total": 0.001465928740799427}