{"temporal0": 1.483e-05, "temporal1": 0.00069357, "temporal2": 1.368e-05, "temporal3": 1.383e-05, "temporal4": 1.358e-05, "total": 0.0007616988150402904}