{"temporal0": 0.00067921, "temporal1": 1.478e-05, "temporal2": 0.00070616, "temporal3": 1.697e-05, "temporal4": 1.702e-05, "total": 0.0020711508113890886}