{"temporal0": 1.565e-05, "temporal1": 1.504e-05, "temporal2": 0.00069361, "temporal3": 1.7e-05, "temporal4": 0.0006713, "total": 0.0014320035697892308}