{"temporal0": 0.00068381, "temporal1": 1.57e-05, "temporal2": 1.679e-05, "temporal3": 1.719e-05, "temporal4": 1.731e-05, "total": 0.001428638701327145}