{"temporal0": 1.823e-05, "temporal1": 0.00067689, "temporal2": 1.634e-05, "temporal3": 1.64e-05, "temporal4": 0.00068892, "total": 0.0014391534496098757}