{"temporal0": 1.313e-05, "temporal1": 0.00070752, "temporal2": 0.00073004, "temporal3": 1.171e-05, "temporal4": 1.151e-05, "total": 0.0014845215482637286}