{"temporal0": 0.00068839, "temporal1": 1.616e-05, "temporal2": 0.00067585, "temporal3": 1.833e-05, "temporal4": 1.873e-05, "total": 0.0020559339318424463}