{"temporal0": 1.955e-05, "temporal1": 0.00067769, "temporal2": 1.92e-05, "temporal3": 1.984e-05, "temporal4": 2.016e-05, "total": 0.0007883291109465063}