{"temporal0": 1.783e-05, "temporal1": 0.00068069, "temporal2": 1.789e-05, "temporal3": 0.00067475, "temporal4": 1.881e-05, "total": 0.0014392546145245433}