{"temporal0": 0.00071582, "temporal1": 1.41e-05, "temporal2": 1.514e-05, "temporal3": 1.539e-05, "temporal4": 0.00066873, "total": 0.0021673450246453285}