{"temporal0": 1.485e-05, "temporal1": 1.257e-05, "temporal2": 1.318e-05, "temporal3": 0.00073252, "temporal4": 1.314e-05, "total": 0.0008003010880202055}