{"temporal0": 1.615e-05, "temporal1": 1.414e-05, "temporal2": 1.538e-05, "temporal3": 1.601e-05, "temporal4": 0.00070364, "total": 0.000787988246884197}