{"temporal0": 1.712e-05, "temporal1": 1.55e-05, "temporal2": 1.677e-05, "temporal3": 0.00134359, "temporal4": 1.763e-05, "total": 0.0014413229655474424}