{"temporal0": 1.617e-05, "temporal1": 1.371e-05, "temporal2": 1.461e-05, "temporal3": 1.508e-05, "temporal4": 0.00068187, "total": 0.0007654203800484538}