{"temporal0": 1.707e-05, "temporal1": 1.592e-05, "temporal2": 0.00134012, "temporal3": 1.797e-05, "temporal4": 1.825e-05, "total": 0.001437487779185176}