{"temporal0": 1.512e-05, "temporal1": 1.393e-05, "temporal2": 1.499e-05, "temporal3": 0.00136152, "temporal4": 1.548e-05, "total": 0.001433017780072987}