{"temporal0": 0.00064225, "temporal1": 8.744e-05, "temporal2": 6.901e-05, "temporal3": 0.00057902, "temporal4": 6.388e-05, "total": 0.001971616642549634}