{"temporal0": 0.00014889, "temporal1": 0.00010626, "temporal2": 0.00059938, "temporal3": 0.00059358, "temporal4": 0.00059177, "total": 0.0020573940128087997}