{"temporal0": 0.00077951, "temporal1": 8.44e-06, "temporal2": 7.48e-06, "temporal3": 0.00077372, "temporal4": 7.17e-06, "total": 0.002354995347559452}