{"temporal0": 1.463e-05, "temporal1": 0.00077532, "temporal2": 7.52e-06, "temporal3": 7.29e-06, "temporal4": 0.00077533, "total": 0.0015874066157266498}