{"temporal0": 0.00064073, "temporal1": 0.00059771, "temporal2": 0.00058159, "temporal3": 6.173e-05, "temporal4": 6.067e-05, "total": 0.002473282627761364}