{"temporal0": 1.117e-05, "temporal1": 0.00077421, "temporal2": 6.13e-06, "temporal3": 5.95e-06, "temporal4": 5.9e-06, "total": 0.0008102368446998298}