{"temporal0": 1.242e-05, "temporal1": 7.73e-06, "temporal2": 0.0015403, "temporal3": 6.73e-06, "temporal4": 6.69e-06, "total": 0.00158076046500355}