{"temporal0": 0.00077985, "temporal1": 7.96e-06, "temporal2": 7.13e-06, "temporal3": 6.98e-06, "temporal4": 0.00077338, "total": 0.002354733180254698}