{"temporal0": 1.304e-05, "temporal1": 8.19e-06, "temporal2": 0.00077415, "temporal3": 7.2e-06, "temporal4": 0.00077357, "total": 0.0015827312599867582}