{"temporal0": 0.00065593, "temporal1": 0.00010055, "temporal2": 7.972e-05, "temporal3": 7.406e-05, "temporal4": 0.00109935, "total": 0.0025415760464966297}