{"temporal0": 0.00114727, "temporal1": 0.00059096, "temporal2": 6.069e-05, "temporal3": 5.677e-05, "temporal4": 5.644e-05, "total": 0.00295615172944963}