{"temporal0": 0.0001474, "temporal1": 0.00010345, "temporal2": 8.282e-05, "temporal3": 0.0005912, "temporal4": 0.00110211, "total": 0.0020440020598471165}