{"temporal0": 1.386e-05, "temporal1": 0.00077558, "temporal2": 7.44e-06, "temporal3": 7.22e-06, "temporal4": 0.00077454, "total": 0.0015857673715800047}