{"temporal0": 0.00015027, "temporal1": 0.00062075, "temporal2": 0.00060173, "temporal3": 8.307e-05, "temporal4": 8.237e-05, "total": 0.0015562132466584444}