{"temporal0": 0.0001369, "temporal1": 0.00060462, "temporal2": 7.249e-05, "temporal3": 0.0005814, "temporal4": 6.702e-05, "total": 0.001478535938076675}