{"temporal0": 1.238e-05, "temporal1": 7.67e-06, "temporal2": 0.00077302, "temporal3": 6.64e-06, "temporal4": 0.00077287, "total": 0.0015792562626302242}