{"temporal0": 0.00012553, "temporal1": 0.00059383, "temporal2": 6.351e-05, "temporal3": 0.0010899, "temporal4": 5.811e-05, "total": 0.0019465192453935742}