{"temporal0": 0.00013698, "temporal1": 0.0006067, "temporal2": 7.525e-05, "temporal3": 0.00058403, "temporal4": 6.976e-05, "total": 0.0014892667531967163}