{"temporal0": 0.00077907, "temporal1": 7.54e-06, "temporal2": 6.76e-06, "temporal3": 6.63e-06, "temporal4": 0.00077314, "total": 0.002351262839511037}