{"temporal0": 1.068e-05, "temporal1": 6.88e-06, "temporal2": 0.00077174, "temporal3": 0.00077153, "temporal4": 6.16e-06, "total": 0.001573073328472674}