{"temporal0": 9.91e-06, "temporal1": 6.35e-06, "temporal2": 5.63e-06, "temporal3": 0.00077187, "temporal4": 0.00077293, "total": 0.0015724885743111372}