{"temporal0": 0.00062601, "temporal1": 6.762e-05, "temporal2": 0.00057015, "temporal3": 5.06e-05, "temporal4": 4.935e-05, "total": 0.0018921141745522618}