{"temporal0": 0.00062121, "temporal1": 6.446e-05, "temporal2": 0.00056811, "temporal3": 4.864e-05, "temporal4": 0.0005631, "total": 0.0023936934303492308}