{"temporal0": 1.078e-05, "temporal1": 0.00154186, "temporal2": 5.97e-06, "temporal3": 5.83e-06, "temporal4": 5.77e-06, "total": 0.00157639489043504}