{"temporal0": 1.006e-05, "temporal1": 6.45e-06, "temporal2": 0.00077243, "temporal3": 0.00077328, "temporal4": 5.73e-06, "total": 0.001573875779286027}