{"temporal0": 0.00062972, "temporal1": 7.401e-05, "temporal2": 0.00057299, "temporal3": 5.471e-05, "temporal4": 5.499e-05, "total": 0.0019156573107466102}