{"temporal0": 0.00077679, "temporal1": 6.81e-06, "temporal2": 6.19e-06, "temporal3": 6.07e-06, "temporal4": 6.06e-06, "total": 0.0015799571992829442}