{"temporal0": 0.00011944, "temporal1": 0.00058468, "temporal2": 5.604e-05, "temporal3": 5.259e-05, "temporal4": 0.00056657, "total": 0.0013948669657111168}