{"temporal0": 0.00010868, "temporal1": 6.247e-05, "temporal2": 0.00159633, "temporal3": 4.658e-05, "temporal4": 4.634e-05, "total": 0.0018764465348795056}