{"temporal0": 0.00078019, "temporal1": 6.74e-06, "temporal2": 5.9e-06, "temporal3": 0.00077508, "temporal4": 5.66e-06, "total": 0.0023500616662204266}