{"temporal0": 1.062e-05, "temporal1": 6.52e-06, "temporal2": 5.73e-06, "temporal3": 0.00077366, "temporal4": 5.51e-06, "total": 0.0008084928267635405}