{"temporal0": 1.072e-05, "temporal1": 0.00153881, "temporal2": 6.27e-06, "temporal3": 6.24e-06, "temporal4": 6.18e-06, "total": 0.001574563211761415}