{"temporal0": 0.00077675, "temporal1": 5.98e-06, "temporal2": 0.00077216, "temporal3": 5.15e-06, "temporal4": 5.09e-06, "total": 0.002342879306524992}