{"temporal0": 0.00077817, "temporal1": 5.68e-06, "temporal2": 5.03e-06, "temporal3": 0.00077314, "temporal4": 4.84e-06, "total": 0.002343754982575774}