{"temporal0": 0.00154542, "temporal1": 5.64e-06, "temporal2": 5.02e-06, "temporal3": 4.92e-06, "temporal4": 4.89e-06, "total": 0.003112061880528927}