{"temporal0": 0.0001713, "temporal1": 0.00014586, "temporal2": 0.00090233, "temporal3": 0.00014748, "temporal4": 0.00015277, "total": 0.0015540895983576775}