{"temporal0": 0.0016745, "temporal1": 0.0018672, "temporal2": 0.00124389, "temporal3": 0.00176804, "temporal4": 0.0012695, "total": 0.007901076227426529}