{"temporal0": 0.00024668, "temporal1": 0.00097465, "temporal2": 0.00094638, "temporal3": 0.0001896, "temporal4": 0.0001962, "total": 0.002592633944004774}