{"temporal0": 0.00028679, "temporal1": 0.00023153, "temporal2": 0.00096833, "temporal3": 0.0009645, "temporal4": 0.00021025, "total": 0.002701501827687025}