{"temporal0": 0.00198044, "temporal1": 0.00152283, "temporal2": 0.00153512, "temporal3": 0.00216106, "temporal4": 0.00172401, "total": 0.009000308811664581}