{"temporal0": 0.00267714, "temporal1": 0.00130726, "temporal2": 0.00120025, "temporal3": 0.00171221, "temporal4": 0.00120472, "total": 0.009203794412314892}