{"temporal0": 0.00228487, "temporal1": 0.00230198, "temporal2": 0.00169785, "temporal3": 0.00227938, "temporal4": 0.00233072, "total": 0.010991506278514862}