{"temporal0": 0.00090354, "temporal1": 0.00090109, "temporal2": 0.00012947, "temporal3": 0.00012737, "temporal4": 0.00012768, "total": 0.002995185786858201}