{"temporal0": 0.00015226, "temporal1": 0.00090238, "temporal2": 0.00013076, "temporal3": 0.00089303, "temporal4": 0.00013398, "total": 0.0022454564459621906}