{"temporal0": 0.0018964, "temporal1": 0.00146533, "temporal2": 0.00145436, "temporal3": 0.00205371, "temporal4": 0.00211846, "total": 0.009064357727766037}