{"temporal0": 0.00207581, "temporal1": 0.00158921, "temporal2": 0.00159846, "temporal3": 0.00222706, "temporal4": 0.00231118, "total": 0.009881298989057541}