{"temporal0": 0.00228704, "temporal1": 0.00137161, "temporal2": 0.00129845, "temporal3": 0.00184373, "temporal4": 0.00187483, "total": 0.009264059364795685}