{"temporal0": 0.00326845, "temporal1": 0.00167081, "temporal2": 0.00165258, "temporal3": 0.00174094, "temporal4": 0.0023365, "total": 0.011782399378716946}