{"temporal0": 0.00014554, "temporal1": 0.00013368, "temporal2": 0.00012937, "temporal3": 0.00012929, "temporal4": 0.00089311, "total": 0.0014626532793045044}