{"temporal0": 0.00235779, "temporal1": 0.00141214, "temporal2": 0.00189491, "temporal3": 0.00142734, "temporal4": 0.00199457, "total": 0.009674872271716595}