{"temporal0": 0.00094482, "temporal1": 0.00092059, "temporal2": 0.00015031, "temporal3": 0.00016051, "temporal4": 0.00016864, "total": 0.003153576049953699}