{"temporal0": 0.00015799, "temporal1": 0.00090318, "temporal2": 0.00089657, "temporal3": 0.00013684, "temporal4": 0.0001416, "total": 0.002269832184538245}