{"temporal0": 0.00205843, "temporal1": 0.00179605, "temporal2": 0.0016818, "temporal3": 0.00114606, "temporal4": 0.00115209, "total": 0.008422737009823322}