{"temporal0": 0.00021954, "temporal1": 0.00018717, "temporal2": 0.00018077, "temporal3": 0.00019241, "temporal4": 0.00095481, "total": 0.0017723302589729428}