{"temporal0": 0.00019712, "temporal1": 0.00016804, "temporal2": 0.00016212, "temporal3": 0.00092772, "temporal4": 0.00018074, "total": 0.0016725806053727865}