{"temporal0": 0.00134392, "temporal1": 0.00169516, "temporal2": 0.00211847, "temporal3": 0.00106318, "temporal4": 0.00106869, "total": 0.007358558010309935}