{"temporal0": 0.0016486, "temporal1": 0.00011213, "temporal2": 0.00010787, "temporal3": 0.00010483, "temporal4": 0.00010316, "total": 0.0036546015180647373}