{"temporal0": 0.00177175, "temporal1": 0.00110772, "temporal2": 0.00207497, "temporal3": 0.00103079, "temporal4": 0.00103965, "total": 0.0076045626774430275}