{"temporal0": 0.00013713, "temporal1": 0.00088227, "temporal2": 0.00011353, "temporal3": 0.00011063, "temporal4": 0.00087558, "total": 0.0021463294979184866}