{"temporal0": 0.00014475, "temporal1": 0.00089452, "temporal2": 0.00012661, "temporal3": 0.0001226, "temporal4": 0.0001207, "total": 0.0014383019879460335}