{"temporal0": 0.00143929, "temporal1": 0.0022783, "temporal2": 0.00111825, "temporal3": 0.00110398, "temporal4": 0.0016267, "total": 0.007638960611075163}