{"temporal0": 0.00088195, "temporal1": 0.00010876, "temporal2": 0.00010429, "temporal3": 0.00010166, "temporal4": 9.998e-05, "total": 0.0020959472749382257}