{"temporal0": 0.00105315, "temporal1": 0.00098979, "temporal2": 0.00094865, "temporal3": 0.00095461, "temporal4": 0.00096764, "total": 0.004971801768988371}