{"temporal0": 0.00165893, "temporal1": 0.00011962, "temporal2": 0.00011726, "temporal3": 0.00011448, "temporal4": 0.00011331, "total": 0.0037004409823566675}