{"temporal0": 0.00013841, "temporal1": 0.00012351, "temporal2": 0.00012119, "temporal3": 0.00088493, "temporal4": 0.00011586, "total": 0.0014121626736596227}