{"temporal0": 0.0001433, "temporal1": 0.00011865, "temporal2": 0.00087954, "temporal3": 0.00087605, "temporal4": 0.00010797, "total": 0.002152557484805584}