{"temporal0": 0.00014378, "temporal1": 0.00013433, "temporal2": 0.00013119, "temporal3": 0.00012811, "temporal4": 0.00165546, "total": 0.0022233957424759865}