{"temporal0": 0.00012549, "temporal1": 0.0001109, "temporal2": 0.00010592, "temporal3": 0.00086891, "temporal4": 0.00086817, "total": 0.0021055417601019144}