{"temporal0": 0.00114341, "temporal1": 0.00157316, "temporal2": 0.00151389, "temporal3": 0.00099606, "temporal4": 0.00100651, "total": 0.006295426283031702}