{"temporal0": 0.00014278, "temporal1": 0.00013103, "temporal2": 0.00089468, "temporal3": 0.00012529, "temporal4": 0.00089012, "total": 0.0022133244201540947}