{"temporal0": 0.00011324, "temporal1": 0.00010496, "temporal2": 0.00086601, "temporal3": 0.00086405, "temporal4": 9.595e-05, "total": 0.0020700108725577593}