{"temporal0": 0.00164064, "temporal1": 0.00010852, "temporal2": 0.00010262, "temporal3": 9.909e-05, "temporal4": 9.645e-05, "total": 0.003617307636886835}