{"temporal0": 8.75e-06, "temporal1": 0.00074842, "temporal2": 1.11e-05, "temporal3": 1.164e-05, "temporal4": 0.00070489, "total": 0.0014917223015800118}