{"temporal0": 9.36e-06, "temporal1": 0.00071983, "temporal2": 0.00070944, "temporal3": 1.276e-05, "temporal4": 1.291e-05, "total": 0.0014738637255504727}