{"temporal0": 9.03e-06, "temporal1": 9.54e-06, "temporal2": 1.083e-05, "temporal3": 0.00071626, "temporal4": 0.00071614, "total": 0.001472875359468162}