{"temporal0": 0.00050882, "temporal1": 4.83e-06, "temporal2": 5.22e-06, "temporal3": 5.5e-06, "temporal4": 0.00049466, "total": 0.001532695721834898}