{"temporal0": 4.93e-06, "temporal1": 4.88e-06, "temporal2": 5.61e-06, "temporal3": 0.00049622, "temporal4": 0.0004958, "total": 0.0010128598660230637}