{"temporal0": 4.64e-06, "temporal1": 0.00050116, "temporal2": 5.47e-06, "temporal3": 0.00049876, "temporal4": 6.34e-06, "total": 0.0010237910319119692}