{"temporal0": 9.5e-06, "temporal1": 0.00142464, "temporal2": 1.191e-05, "temporal3": 1.249e-05, "temporal4": 1.261e-05, "total": 0.0014807559782639146}