{"temporal0": 0.00050407, "temporal1": 0.00050112, "temporal2": 5.67e-06, "temporal3": 0.00049687, "temporal4": 6.97e-06, "total": 0.002012861194089055}