{"temporal0": 4.56e-06, "temporal1": 0.00050725, "temporal2": 5.74e-06, "temporal3": 6.13e-06, "temporal4": 0.00098599, "total": 0.001515981275588274}