{"temporal0": 0.00073217, "temporal1": 8.51e-06, "temporal2": 9.78e-06, "temporal3": 0.00071465, "temporal4": 1.023e-05, "total": 0.0022223368287086487}