{"temporal0": 7.68e-06, "temporal1": 7.44e-06, "temporal2": 0.00073321, "temporal3": 8.92e-06, "temporal4": 9.19e-06, "total": 0.0007741362787783146}