{"temporal0": 4.17e-06, "temporal1": 0.00049805, "temporal2": 5.75e-06, "temporal3": 6.39e-06, "temporal4": 6.79e-06, "total": 0.0005254986463114619}