{"temporal0": 0.0005025, "temporal1": 4.34e-06, "temporal2": 4.87e-06, "temporal3": 0.00099592, "temporal4": 5.37e-06, "total": 0.0020164332818239927}