{"temporal0": 0.00050242, "temporal1": 4.62e-06, "temporal2": 0.00099847, "temporal3": 5.89e-06, "temporal4": 6.23e-06, "total": 0.002016036305576563}