{"temporal0": 0.00072638, "temporal1": 9.26e-06, "temporal2": 1.046e-05, "temporal3": 1.109e-05, "temporal4": 0.00071715, "total": 0.0021882131695747375}