{"temporal0": 4.37e-06, "temporal1": 0.00099084, "temporal2": 5.7e-06, "temporal3": 6.36e-06, "temporal4": 6.81e-06, "total": 0.001019421499222517}