{"temporal0": 8.77e-06, "temporal1": 9.34e-06, "temporal2": 1.061e-05, "temporal3": 0.00142131, "temporal4": 1.127e-05, "total": 0.001471647759899497}