{"temporal0": 8.14e-06, "temporal1": 9.33e-06, "temporal2": 0.00074608, "temporal3": 1.129e-05, "temporal4": 1.143e-05, "total": 0.0007928949198685586}