{"temporal0": 4.71e-06, "temporal1": 5.06e-06, "temporal2": 6.05e-06, "temporal3": 6.65e-06, "temporal4": 0.00099471, "total": 0.0010227459715679288}