{"temporal0": 0.00073444, "temporal1": 0.00073508, "temporal2": 9.54e-06, "temporal3": 1.031e-05, "temporal4": 1.074e-05, "total": 0.0022186075802892447}