{"temporal0": 0.00148908, "temporal1": 5.97e-06, "temporal2": 6.87e-06, "temporal3": 7.4e-06, "temporal4": 7.63e-06, "total": 0.003008731873705983}