{"temporal0": 0.0005019, "temporal1": 5.03e-06, "temporal2": 0.00049628, "temporal3": 0.00049867, "temporal4": 6.98e-06, "total": 0.00200609490275383}