{"temporal0": 8.17e-06, "temporal1": 9.55e-06, "temporal2": 1.092e-05, "temporal3": 1.15e-05, "temporal4": 0.00071603, "total": 0.0007660012342967093}