{"temporal0": 0.00050329, "temporal1": 4.73e-06, "temporal2": 0.00049968, "temporal3": 0.0004923, "temporal4": 6.71e-06, "total": 0.0020037852227687836}