{"temporal0": 0.00072747, "temporal1": 7.8e-06, "temporal2": 9.18e-06, "temporal3": 0.00074838, "temporal4": 9.92e-06, "total": 0.0022111255675554276}