{"temporal0": 7.03e-06, "temporal1": 7.89e-06, "temporal2": 0.00071469, "temporal3": 9.75e-06, "temporal4": 0.00073082, "total": 0.001478279009461403}