{"temporal0": 0.00050395, "temporal1": 0.00049867, "temporal2": 0.00049328, "temporal3": 6.58e-06, "temporal4": 7e-06, "total": 0.0020206922199577093}