{"temporal0": 0.00074189, "temporal1": 7.78e-06, "temporal2": 8.95e-06, "temporal3": 9.4e-06, "temporal4": 9.54e-06, "total": 0.0015309854643419385}