{"temporal0": 8.75e-06, "temporal1": 1.036e-05, "temporal2": 0.00072171, "temporal3": 1.278e-05, "temporal4": 1.312e-05, "total": 0.0007758854771964252}