{"temporal0": 7.08e-06, "temporal1": 8.04e-06, "temporal2": 0.00071704, "temporal3": 0.00072903, "temporal4": 9.78e-06, "total": 0.0014747793320566416}