{"temporal0": 7.68e-06, "temporal1": 8.71e-06, "temporal2": 0.00071602, "temporal3": 1.077e-05, "temporal4": 0.00072345, "total": 0.0014787521213293076}