{"temporal0": 0.00075084, "temporal1": 7.51e-06, "temporal2": 8.4e-06, "temporal3": 8.76e-06, "temporal4": 8.91e-06, "total": 0.0015424422454088926}