{"temporal0": 6.77e-06, "temporal1": 7.53e-06, "temporal2": 8.71e-06, "temporal3": 9.28e-06, "temporal4": 0.00074566, "total": 0.0007826724904589355}