{"temporal0": 0.00072368, "temporal1": 9.73e-06, "temporal2": 1.101e-05, "temporal3": 0.00071445, "temporal4": 1.165e-05, "total": 0.002198608824983239}