{"temporal0": 3.92e-06, "temporal1": 4.53e-06, "temporal2": 0.00098916, "temporal3": 5.86e-06, "temporal4": 0.00049828, "total": 0.0015068396460264921}