{"temporal0": 6.99e-06, "temporal1": 0.00144419, "temporal2": 8.49e-06, "temporal3": 8.76e-06, "temporal4": 8.65e-06, "total": 0.0014828656567260623}