{"temporal0": 0.00073213, "temporal1": 0.0007283, "temporal2": 9.24e-06, "temporal3": 1.002e-05, "temporal4": 1.041e-05, "total": 0.0022013916168361902}