{"temporal0": 0.00052077, "temporal1": 5.96e-06, "temporal2": 5.56e-06, "temporal3": 5.51e-06, "temporal4": 0.00051568, "total": 0.0015708350110799074}