{"temporal0": 9.53e-06, "temporal1": 6.48e-06, "temporal2": 0.00051606, "temporal3": 0.0005161, "temporal4": 0.00051572, "total": 0.0015694191679358482}