{"temporal0": 0.00076831, "temporal1": 3.57e-06, "temporal2": 0.00075831, "temporal3": 4.09e-06, "temporal4": 4.01e-06, "total": 0.0023097973316907883}