{"temporal0": 3.93e-06, "temporal1": 3.49e-06, "temporal2": 3.68e-06, "temporal3": 3.77e-06, "temporal4": 0.0007599, "total": 0.000777803361415863}