{"temporal0": 0.00076637, "temporal1": 3.35e-06, "temporal2": 3.56e-06, "temporal3": 3.72e-06, "temporal4": 3.72e-06, "total": 0.0015472634695470333}