{"temporal0": 0.00076685, "temporal1": 3.1e-06, "temporal2": 3.29e-06, "temporal3": 3.43e-06, "temporal4": 3.42e-06, "total": 0.0015490998048335314}