{"temporal0": 3.7e-06, "temporal1": 0.0015243, "temporal2": 3.32e-06, "temporal3": 3.42e-06, "temporal4": 3.41e-06, "total": 0.0015424990560859442}