{"temporal0": 4.13e-06, "temporal1": 3.91e-06, "temporal2": 4.21e-06, "temporal3": 4.35e-06, "temporal4": 0.00075802, "total": 0.0007788586663082242}