{"temporal0": 8.88e-06, "temporal1": 0.00051705, "temporal2": 5.51e-06, "temporal3": 5.53e-06, "temporal4": 0.00051669, "total": 0.0010587726719677448}