{"temporal0": 9.53e-06, "temporal1": 0.0005169, "temporal2": 6.17e-06, "temporal3": 0.00051567, "temporal4": 0.00051685, "total": 0.0015704082325100899}