{"temporal0": 3.62e-06, "temporal1": 2.96e-06, "temporal2": 3.14e-06, "temporal3": 0.00076471, "temporal4": 0.00076233, "total": 0.0015398049727082253}