{"temporal0": 3.94e-06, "temporal1": 3.44e-06, "temporal2": 3.53e-06, "temporal3": 0.00076197, "temporal4": 0.0007603, "total": 0.0015377725940197706}