{"temporal0": 0.00076729, "temporal1": 0.00076464, "temporal2": 3.1e-06, "temporal3": 3.19e-06, "temporal4": 3.23e-06, "total": 0.0023099209647625685}