{"temporal0": 0.00052113, "temporal1": 0.00051796, "temporal2": 5.52e-06, "temporal3": 5.47e-06, "temporal4": 0.00051647, "total": 0.002084370469674468}