{"temporal0": 9.56e-06, "temporal1": 0.00051755, "temporal2": 5.5e-06, "temporal3": 0.0010278, "temporal4": 5.52e-06, "total": 0.001571491826325655}