{"temporal0": 8.79e-06, "temporal1": 5.72e-06, "temporal2": 0.00102632, "temporal3": 0.00051663, "temporal4": 5.31e-06, "total": 0.0015678313793614507}