{"temporal0": 0.00052139, "temporal1": 0.00051703, "temporal2": 0.00051576, "temporal3": 6.15e-06, "temporal4": 6.23e-06, "total": 0.0020855420734733343}