{"temporal0": 8.48e-06, "temporal1": 5.75e-06, "temporal2": 0.00051734, "temporal3": 5.51e-06, "temporal4": 5.59e-06, "total": 0.0005476967198774219}