{"temporal0": 0.00076441, "temporal1": 3.89e-06, "temporal2": 4.29e-06, "temporal3": 4.51e-06, "temporal4": 0.00076052, "total": 0.0023064445704221725}