{"temporal0": 0.00052077, "temporal1": 0.00051716, "temporal2": 5.6e-06, "temporal3": 5.58e-06, "temporal4": 5.61e-06, "total": 0.001573778223246336}