{"temporal0": 9.49e-06, "temporal1": 6.55e-06, "temporal2": 6.12e-06, "temporal3": 6.06e-06, "temporal4": 0.00051542, "total": 0.0005494453944265842}