{"temporal0": 3.96e-06, "temporal1": 3.36e-06, "temporal2": 3.54e-06, "temporal3": 3.68e-06, "temporal4": 0.00076389, "total": 0.0007821036851964891}