{"temporal0": 0.00076563, "temporal1": 3.03e-06, "temporal2": 3.12e-06, "temporal3": 0.00075967, "temporal4": 3.21e-06, "total": 0.002300881315022707}