{"temporal0": 4.86e-06, "temporal1": 4.1e-06, "temporal2": 4.38e-06, "temporal3": 0.00075859, "temporal4": 4.51e-06, "total": 0.0007798889419063926}