{"temporal0": 0.00076283, "temporal1": 3.29e-06, "temporal2": 3.41e-06, "temporal3": 3.49e-06, "temporal4": 0.00075955, "total": 0.00230086175724864}