{"temporal0": 3.97e-06, "temporal1": 3.37e-06, "temporal2": 0.00076085, "temporal3": 3.64e-06, "temporal4": 3.65e-06, "total": 0.0007782279280945659}