{"temporal0": 0.00103305, "temporal1": 5.58e-06, "temporal2": 5.29e-06, "temporal3": 0.0005169, "temporal4": 5.37e-06, "total": 0.00259421463124454}