{"temporal0": 4.32e-06, "temporal1": 0.00076209, "temporal2": 3.72e-06, "temporal3": 0.00075916, "temporal4": 3.83e-06, "total": 0.0015361849218606949}