{"temporal0": 3.81e-06, "temporal1": 0.00076088, "temporal2": 3.47e-06, "temporal3": 0.00076102, "temporal4": 3.54e-06, "total": 0.0015355354407802224}