{"temporal0": 0.00052077, "temporal1": 5.87e-06, "temporal2": 0.00051597, "temporal3": 0.00051537, "temporal4": 5.38e-06, "total": 0.00208007893525064}