{"temporal0": 0.00052026, "temporal1": 5.3e-06, "temporal2": 0.00051631, "temporal3": 4.88e-06, "temporal4": 0.00051636, "total": 0.0020792989525943995}