{"temporal0": 3.88e-06, "temporal1": 0.00075963, "temporal2": 0.00076135, "temporal3": 3.52e-06, "temporal4": 3.5e-06, "total": 0.001535021816380322}