{"temporal0": 3.48e-06, "temporal1": 2.9e-06, "temporal2": 0.00076541, "temporal3": 0.00076098, "temporal4": 3.09e-06, "total": 0.0015394468791782856}