{"temporal0": 4e-06, "temporal1": 0.00076182, "temporal2": 0.00076041, "temporal3": 3.3e-06, "temporal4": 3.28e-06, "total": 0.001536161988042295}