{"temporal0": 8.1e-06, "temporal1": 0.00154331, "temporal2": 5.15e-06, "temporal3": 5.1e-06, "temporal4": 5.16e-06, "total": 0.0015731597086414695}