{"temporal0": 3.72e-06, "temporal1": 3.29e-06, "temporal2": 0.00151538, "temporal3": 3.57e-06, "temporal4": 3.58e-06, "total": 0.001532506663352251}