{"temporal0": 0.00152656, "temporal1": 3.33e-06, "temporal2": 3.56e-06, "temporal3": 3.67e-06, "temporal4": 3.72e-06, "total": 0.003081507282331586}