{"temporal0": 0.00066562, "temporal1": 1.809e-05, "temporal2": 1.849e-05, "temporal3": 1.847e-05, "temporal4": 0.00066861, "total": 0.0020531502086669207}