{"temporal0": 2.259e-05, "temporal1": 0.00066268, "temporal2": 2.155e-05, "temporal3": 0.00065877, "temporal4": 2.086e-05, "total": 0.0014183000894263387}