{"temporal0": 1.829e-05, "temporal1": 1.628e-05, "temporal2": 1.772e-05, "temporal3": 0.00069383, "temporal4": 1.867e-05, "total": 0.0007860303740017116}