{"temporal0": 0.0007273, "temporal1": 0.00069401, "temporal2": 1.278e-05, "temporal3": 1.266e-05, "temporal4": 1.229e-05, "total": 0.00219163135625422}