{"temporal0": 0.00069232, "temporal1": 0.00066196, "temporal2": 1.802e-05, "temporal3": 1.748e-05, "temporal4": 1.7e-05, "total": 0.002115039387717843}