{"temporal0": 1.607e-05, "temporal1": 1.348e-05, "temporal2": 0.00071907, "temporal3": 1.314e-05, "temporal4": 1.275e-05, "total": 0.0007871650741435587}