{"temporal0": 1.832e-05, "temporal1": 0.00072399, "temporal2": 1.535e-05, "temporal3": 1.553e-05, "temporal4": 1.549e-05, "total": 0.000810784287750721}