{"temporal0": 2.015e-05, "temporal1": 1.82e-05, "temporal2": 1.963e-05, "temporal3": 0.00067537, "temporal4": 0.00065933, "total": 0.0014257596340030432}