{"temporal0": 0.00131879, "temporal1": 1.881e-05, "temporal2": 2.001e-05, "temporal3": 2.042e-05, "temporal4": 2.051e-05, "total": 0.002635668031871319}