{"temporal0": 1.838e-05, "temporal1": 1.624e-05, "temporal2": 0.00133799, "temporal3": 1.758e-05, "temporal4": 1.744e-05, "total": 0.0014320521149784327}