{"temporal0": 1.909e-05, "temporal1": 0.00068198, "temporal2": 1.821e-05, "temporal3": 1.836e-05, "temporal4": 0.00067548, "total": 0.0014274327550083399}