{"temporal0": 2.364e-05, "temporal1": 0.00066458, "temporal2": 0.0006502, "temporal3": 2.474e-05, "temporal4": 2.5e-05, "total": 0.0014218095457181334}