{"temporal0": 2.326e-05, "temporal1": 2.185e-05, "temporal2": 0.00067838, "temporal3": 2.332e-05, "temporal4": 0.00064618, "total": 0.0014147819019854069}