{"temporal0": 2.37e-05, "temporal1": 2.22e-05, "temporal2": 0.00065135, "temporal3": 0.00065178, "temporal4": 2.426e-05, "total": 0.0014080526307225227}