{"temporal0": 2.309e-05, "temporal1": 0.00065558, "temporal2": 2.261e-05, "temporal3": 2.301e-05, "temporal4": 0.00065264, "total": 0.0014134948141872883}