{"temporal0": 0.0006969, "temporal1": 1.391e-05, "temporal2": 1.443e-05, "temporal3": 0.00071891, "temporal4": 1.363e-05, "total": 0.0021870755590498447}