{"temporal0": 2.077e-05, "temporal1": 1.889e-05, "temporal2": 0.00065312, "temporal3": 1.887e-05, "temporal4": 1.803e-05, "total": 0.0007516934419982135}