{"temporal0": 0.00065211, "temporal1": 1.986e-05, "temporal2": 2.092e-05, "temporal3": 2.121e-05, "temporal4": 0.00068927, "total": 0.0020229623187333345}