{"temporal0": 0.00067011, "temporal1": 1.704e-05, "temporal2": 1.801e-05, "temporal3": 1.831e-05, "temporal4": 0.00072323, "total": 0.0020753107964992523}