{"temporal0": 2.103e-05, "temporal1": 1.914e-05, "temporal2": 2.057e-05, "temporal3": 0.00067758, "temporal4": 2.121e-05, "total": 0.0007833087584003806}