{"temporal0": 2.272e-05, "temporal1": 2.107e-05, "temporal2": 2.259e-05, "temporal3": 0.00128099, "temporal4": 2.337e-05, "total": 0.001403634436428547}