{"temporal0": 0.00097745, "temporal1": 0.00093318, "temporal2": 0.00142072, "temporal3": 0.00091297, "temporal4": 0.00144086, "total": 0.005740185268223286}