{"temporal0": 0.00139188, "temporal1": 0.00135132, "temporal2": 0.00080899, "temporal3": 0.00081541, "temporal4": 0.00133899, "total": 0.006274113897234201}