{"temporal0": 0.0008686, "temporal1": 0.00010069, "temporal2": 9.569e-05, "temporal3": 9.31e-05, "temporal4": 9.127e-05, "total": 0.0020455908961594105}