{"temporal0": 0.00086505, "temporal1": 9.478e-05, "temporal2": 8.994e-05, "temporal3": 8.732e-05, "temporal4": 8.582e-05, "total": 0.002019057050347328}