{"temporal0": 0.00086675, "temporal1": 9.681e-05, "temporal2": 9.18e-05, "temporal3": 8.91e-05, "temporal4": 8.741e-05, "total": 0.002028424758464098}