{"temporal0": 0.00078879, "temporal1": 0.00125319, "temporal2": 0.00070919, "temporal3": 0.00122376, "temporal4": 0.00071363, "total": 0.0047379410825669765}