{"temporal0": 0.00060975, "temporal1": 0.00055671, "temporal2": 0.00106399, "temporal3": 0.00053227, "temporal4": 0.0015692, "total": 0.004377393051981926}