{"temporal0": 0.00144118, "temporal1": 0.00140363, "temporal2": 0.0008611, "temporal3": 0.00087111, "temporal4": 0.00088368, "total": 0.006029642187058926}