{"temporal0": 0.00010231, "temporal1": 0.00086478, "temporal2": 9.226e-05, "temporal3": 8.911e-05, "temporal4": 0.00085504, "total": 0.0020263809710741043}