{"temporal0": 0.00186284, "temporal1": 0.00078055, "temporal2": 0.0007578, "temporal3": 0.00076185, "temporal4": 0.00128502, "total": 0.0065290676429867744}