{"temporal0": 9.544e-05, "temporal1": 9.049e-05, "temporal2": 0.0016198, "temporal3": 8.367e-05, "temporal4": 8.275e-05, "total": 0.001993657788261771}