{"temporal0": 0.00010311, "temporal1": 9.927e-05, "temporal2": 9.413e-05, "temporal3": 0.00085836, "temporal4": 0.00085693, "total": 0.002036942634731531}