{"temporal0": 0.0007564, "temporal1": 0.00069399, "temporal2": 0.00118771, "temporal3": 0.00118169, "temporal4": 0.00066629, "total": 0.0045352838933467865}