{"temporal0": 0.00010625, "temporal1": 0.00010169, "temporal2": 0.0008629, "temporal3": 9.38e-05, "temporal4": 0.00085802, "total": 0.002048394875600934}