{"temporal0": 9.762e-05, "temporal1": 9.25e-05, "temporal2": 0.00085599, "temporal3": 8.477e-05, "temporal4": 0.00085101, "total": 0.002004435518756509}