{"temporal0": 0.00115773, "temporal1": 0.00058539, "temporal2": 0.0010913, "temporal3": 0.00055981, "temporal4": 0.0010767, "total": 0.005032036453485489}