{"temporal0": 9.477e-05, "temporal1": 0.00085501, "temporal2": 8.365e-05, "temporal3": 0.00084687, "temporal4": 7.891e-05, "total": 0.001980558503419161}