{"temporal0": 9.817e-05, "temporal1": 9.406e-05, "temporal2": 0.0008577, "temporal3": 8.75e-05, "temporal4": 0.00085468, "total": 0.0020154169760644436}