{"temporal0": 0.00072045, "temporal1": 0.00117705, "temporal2": 0.00063397, "temporal3": 0.00114419, "temporal4": 0.00062519, "total": 0.00434950040653348}