{"temporal0": 0.0011902, "temporal1": 0.0011399, "temporal2": 0.00112012, "temporal3": 0.00058923, "temporal4": 0.00058697, "total": 0.005188886541873217}