{"temporal0": 0.00085723, "temporal1": 0.00085015, "temporal2": 7.77e-05, "temporal3": 7.473e-05, "temporal4": 7.35e-05, "total": 0.002727198414504528}