{"temporal0": 9.184e-05, "temporal1": 8.273e-05, "temporal2": 7.597e-05, "temporal3": 0.0008413, "temporal4": 7.071e-05, "total": 0.001182128326036036}