{"temporal0": 8.978e-05, "temporal1": 8.047e-05, "temporal2": 7.349e-05, "temporal3": 0.00083743, "temporal4": 0.00083654, "total": 0.0019377836724743247}