{"temporal0": 0.00049245, "temporal1": 0.00096587, "temporal2": 0.00043717, "temporal3": 0.00094863, "temporal4": 0.00094749, "total": 0.0038329584058374166}