{"temporal0": 8.594e-05, "temporal1": 7.748e-05, "temporal2": 7.11e-05, "temporal3": 0.00160316, "temporal4": 6.662e-05, "total": 0.001923984382301569}