{"temporal0": 0.00086135, "temporal1": 8.702e-05, "temporal2": 8.135e-05, "temporal3": 0.00084443, "temporal4": 7.614e-05, "total": 0.0027455524541437626}