{"temporal0": 0.001025, "temporal1": 0.00099047, "temporal2": 0.00045939, "temporal3": 0.00097097, "temporal4": 0.00045017, "total": 0.0044535803608596325}