{"temporal0": 0.00162508, "temporal1": 8.569e-05, "temporal2": 7.926e-05, "temporal3": 7.53e-05, "temporal4": 7.334e-05, "total": 0.0035071708261966705}