{"temporal0": 9.501e-05, "temporal1": 0.00085544, "temporal2": 8.311e-05, "temporal3": 8.003e-05, "temporal4": 0.00084656, "total": 0.001980770146474242}