{"temporal0": 0.00105668, "temporal1": 0.00049901, "temporal2": 0.00048658, "temporal3": 0.00099846, "temporal4": 0.00047538, "total": 0.004073291551321745}