{"temporal0": 0.00045569, "temporal1": 0.00042211, "temporal2": 0.00041217, "temporal3": 0.00195148, "temporal4": 0.00040754, "total": 0.003689273726195097}