{"temporal0": 0.00057202, "temporal1": 0.00052587, "temporal2": 0.00155651, "temporal3": 0.00050495, "temporal4": 0.00050238, "total": 0.0037055129650980234}