{"temporal0": 9.769e-05, "temporal1": 0.00085643, "temporal2": 0.00085113, "temporal3": 8.194e-05, "temporal4": 8.018e-05, "total": 0.0019876458682119846}