{"temporal0": 0.00085519, "temporal1": 8.132e-05, "temporal2": 0.00084225, "temporal3": 7.135e-05, "temporal4": 6.973e-05, "total": 0.002712161047384143}