{"temporal0": 8.563e-05, "temporal1": 0.00161051, "temporal2": 7.034e-05, "temporal3": 6.695e-05, "temporal4": 6.555e-05, "total": 0.0019182838732376695}