{"temporal0": 1.371e-05, "temporal1": 1.357e-05, "temporal2": 1.453e-05, "temporal3": 0.00140686, "temporal4": 1.43e-05, "total": 0.0014772890135645866}