{"temporal0": 1.127e-05, "temporal1": 1.097e-05, "temporal2": 0.00068888, "temporal3": 0.00071748, "temporal4": 1.292e-05, "total": 0.0014548685867339373}