{"temporal0": 1.067e-05, "temporal1": 0.00072147, "temporal2": 0.00070168, "temporal3": 1.16e-05, "temporal4": 1.154e-05, "total": 0.0014644592301920056}