{"temporal0": 0.00071008, "temporal1": 1.412e-05, "temporal2": 1.517e-05, "temporal3": 1.56e-05, "temporal4": 0.00068513, "total": 0.002108648419380188}