{"temporal0": 1.288e-05, "temporal1": 1.239e-05, "temporal2": 1.344e-05, "temporal3": 1.391e-05, "temporal4": 0.00071595, "total": 0.0007822079351171851}