{"temporal0": 0.00071394, "temporal1": 1.185e-05, "temporal2": 1.285e-05, "temporal3": 0.00068785, "temporal4": 1.324e-05, "total": 0.0021672076545655727}