{"temporal0": 0.00069804, "temporal1": 1.348e-05, "temporal2": 1.475e-05, "temporal3": 1.536e-05, "temporal4": 1.566e-05, "total": 0.0014222153695300221}