{"temporal0": 1.447e-05, "temporal1": 0.0013819, "temporal2": 1.561e-05, "temporal3": 1.626e-05, "temporal4": 1.66e-05, "total": 0.0014675767160952091}