{"temporal0": 1.217e-05, "temporal1": 0.00074299, "temporal2": 1.264e-05, "temporal3": 0.00068733, "temporal4": 1.299e-05, "total": 0.001483476022258401}