{"temporal0": 1.247e-05, "temporal1": 0.0007068, "temporal2": 1.327e-05, "temporal3": 1.361e-05, "temporal4": 0.00069651, "total": 0.001457548001781106}