{"temporal0": 1.387e-05, "temporal1": 1.401e-05, "temporal2": 1.513e-05, "temporal3": 0.0006949, "temporal4": 1.561e-05, "total": 0.0007692920044064522}