{"temporal0": 1.153e-05, "temporal1": 1.155e-05, "temporal2": 0.00071372, "temporal3": 0.00069592, "temporal4": 1.309e-05, "total": 0.0014528174651786685}