{"temporal0": 0.00139129, "temporal1": 1.458e-05, "temporal2": 1.61e-05, "temporal3": 1.675e-05, "temporal4": 1.702e-05, "total": 0.0027784989215433598}