{"temporal0": 0.00074239, "temporal1": 1.074e-05, "temporal2": 0.00073527, "temporal3": 1.142e-05, "temporal4": 1.13e-05, "total": 0.002257884480059147}