{"temporal0": 1.259e-05, "temporal1": 0.00068975, "temporal2": 1.362e-05, "temporal3": 1.404e-05, "temporal4": 0.00073967, "total": 0.001483009196817875}