{"temporal0": 1.482e-05, "temporal1": 0.00069248, "temporal2": 0.00069054, "temporal3": 1.586e-05, "temporal4": 1.584e-05, "total": 0.0014479915844276547}