{"temporal0": 0.00069728, "temporal1": 1.538e-05, "temporal2": 0.00068487, "temporal3": 1.634e-05, "temporal4": 1.6e-05, "total": 0.0021249500568956137}