{"temporal0": 0.00072654, "temporal1": 1.186e-05, "temporal2": 1.286e-05, "temporal3": 1.332e-05, "temporal4": 0.00068754, "total": 0.002199837239459157}