{"temporal0": 1.307e-05, "temporal1": 1.309e-05, "temporal2": 1.428e-05, "temporal3": 1.472e-05, "temporal4": 0.00137332, "total": 0.0014443681575357914}