{"temporal0": 1.338e-05, "temporal1": 1.312e-05, "temporal2": 0.00138209, "temporal3": 1.492e-05, "temporal4": 1.528e-05, "total": 0.001460572239011526}