{"temporal0": 0.00143588, "temporal1": 1.036e-05, "temporal2": 1.12e-05, "temporal3": 1.152e-05, "temporal4": 1.169e-05, "total": 0.0028799616266041994}