{"temporal0": 1.347e-05, "temporal1": 1.353e-05, "temporal2": 1.471e-05, "temporal3": 1.515e-05, "temporal4": 0.00068865, "total": 0.00076234748121351}