{"temporal0": 1.282e-05, "temporal1": 1.283e-05, "temporal2": 1.399e-05, "temporal3": 0.00136405, "temporal4": 1.463e-05, "total": 0.0014338461915031075}