{"temporal0": 0.0013731, "temporal1": 1.389e-05, "temporal2": 1.49e-05, "temporal3": 1.524e-05, "temporal4": 1.528e-05, "total": 0.0027726904954761267}