{"temporal0": 1.17e-05, "temporal1": 1.164e-05, "temporal2": 1.271e-05, "temporal3": 0.00073817, "temporal4": 1.314e-05, "total": 0.000801198068074882}