{"temporal0": 1.235e-05, "temporal1": 0.00068407, "temporal2": 0.000712, "temporal3": 1.364e-05, "temporal4": 1.339e-05, "total": 0.0014472936745733023}