{"temporal0": 1.416e-05, "temporal1": 0.0006848, "temporal2": 0.0006911, "temporal3": 1.64e-05, "temporal4": 1.673e-05, "total": 0.0014458352234214544}