{"temporal0": 1.496e-05, "temporal1": 0.00068859, "temporal2": 1.681e-05, "temporal3": 0.0006825, "temporal4": 1.769e-05, "total": 0.001441893633455038}