{"temporal0": 1.493e-05, "temporal1": 1.527e-05, "temporal2": 0.00068318, "temporal3": 1.654e-05, "temporal4": 1.626e-05, "total": 0.0007649319595657289}