{"temporal0": 0.00071971, "temporal1": 0.00070244, "temporal2": 1.139e-05, "temporal3": 1.156e-05, "temporal4": 1.135e-05, "total": 0.0021913605742156506}