{"temporal0": 1.358e-05, "temporal1": 1.269e-05, "temporal2": 1.359e-05, "temporal3": 1.397e-05, "temporal4": 0.00067917, "total": 0.0007487381808459759}