{"temporal0": 1.339e-05, "temporal1": 1.248e-05, "temporal2": 1.341e-05, "temporal3": 0.00067803, "temporal4": 0.0007104, "total": 0.0014419520739465952}