{"temporal0": 0.00069491, "temporal1": 1.071e-05, "temporal2": 1.193e-05, "temporal3": 0.00071246, "temporal4": 1.3e-05, "total": 0.0020889458246529102}