{"temporal0": 0.00070545, "temporal1": 0.00073594, "temporal2": 1.106e-05, "temporal3": 1.094e-05, "temporal4": 1.078e-05, "total": 0.0021843344438821077}