{"temporal0": 1.296e-05, "temporal1": 1.266e-05, "temporal2": 0.0013682, "temporal3": 1.422e-05, "temporal4": 1.422e-05, "total": 0.0014378414489328861}