{"temporal0": 0.00069061, "temporal1": 1.276e-05, "temporal2": 1.373e-05, "temporal3": 1.416e-05, "temporal4": 1.431e-05, "total": 0.001400961889885366}