{"temporal0": 1.649e-05, "temporal1": 1.444e-05, "temporal2": 1.547e-05, "temporal3": 0.00069124, "temporal4": 0.00068057, "total": 0.001449395320378244}