{"temporal0": 1.39e-05, "temporal1": 1.179e-05, "temporal2": 1.242e-05, "temporal3": 1.261e-05, "temporal4": 0.00141461, "total": 0.0014784489758312702}