{"temporal0": 9.76e-06, "temporal1": 0.00071651, "temporal2": 0.00073613, "temporal3": 1e-05, "temporal4": 9.86e-06, "total": 0.0014912826009094715}