{"temporal0": 1.899e-05, "temporal1": 1.764e-05, "temporal2": 1.864e-05, "temporal3": 1.892e-05, "temporal4": 0.0013345, "total": 0.0014363580849021673}