{"temporal0": 1.745e-05, "temporal1": 0.00069378, "temporal2": 0.00068025, "temporal3": 1.736e-05, "temporal4": 1.766e-05, "total": 0.0014569892082363367}