{"temporal0": 5.67e-06, "temporal1": 0.00051144, "temporal2": 0.0005092, "temporal3": 2.91e-06, "temporal4": 2.97e-06, "total": 0.0010391285177320242}