{"temporal0": 0.00075685, "temporal1": 4.26e-06, "temporal2": 4.63e-06, "temporal3": 0.00074797, "temporal4": 4.85e-06, "total": 0.0022865328937768936}