{"temporal0": 5.33e-06, "temporal1": 0.00075697, "temporal2": 5.03e-06, "temporal3": 0.00074559, "temporal4": 4.9e-06, "total": 0.0015211703721433878}