{"temporal0": 5.57e-06, "temporal1": 3.22e-06, "temporal2": 0.00050868, "temporal3": 3.39e-06, "temporal4": 0.0010128, "total": 0.0015385865699499846}