{"temporal0": 0.0005115, "temporal1": 3.17e-06, "temporal2": 3.12e-06, "temporal3": 3.19e-06, "temporal4": 0.00050744, "total": 0.0015431417850777507}