{"temporal0": 0.00076091, "temporal1": 4.52e-06, "temporal2": 0.00075687, "temporal3": 4.69e-06, "temporal4": 4.57e-06, "total": 0.0022979178465902805}