{"temporal0": 0.00152589, "temporal1": 3.02e-06, "temporal2": 3.08e-06, "temporal3": 3.19e-06, "temporal4": 3.3e-06, "total": 0.0030571843963116407}