{"temporal0": 0.00051238, "temporal1": 3.25e-06, "temporal2": 3.27e-06, "temporal3": 0.00101268, "temporal4": 3.55e-06, "total": 0.0020492796320468187}