{"temporal0": 5.35e-06, "temporal1": 0.00050966, "temporal2": 0.00050825, "temporal3": 3.02e-06, "temporal4": 0.00051147, "total": 0.0015433435328304768}