{"temporal0": 6.08e-06, "temporal1": 3.24e-06, "temporal2": 3.34e-06, "temporal3": 0.00051083, "temporal4": 0.00050776, "total": 0.0010354025289416313}