{"temporal0": 4.9e-06, "temporal1": 0.00149637, "temporal2": 5.15e-06, "temporal3": 5.41e-06, "temporal4": 5.49e-06, "total": 0.0015234540915116668}