{"temporal0": 4.42e-06, "temporal1": 0.00075033, "temporal2": 4.35e-06, "temporal3": 4.54e-06, "temporal4": 4.62e-06, "total": 0.0007729562348686159}