{"temporal0": 0.00075332, "temporal1": 4.74e-06, "temporal2": 0.00075003, "temporal3": 5.08e-06, "temporal4": 5e-06, "total": 0.002279376843944192}