{"temporal0": 5.17e-06, "temporal1": 5.28e-06, "temporal2": 5.55e-06, "temporal3": 5.64e-06, "temporal4": 0.0007436, "total": 0.0007694181404076517}