{"temporal0": 6.19e-06, "temporal1": 3.12e-06, "temporal2": 0.00050981, "temporal3": 0.00050755, "temporal4": 0.0005097, "total": 0.0015444275923073292}