{"temporal0": 4.39e-06, "temporal1": 0.0007474, "temporal2": 4.74e-06, "temporal3": 4.8e-06, "temporal4": 0.00075844, "total": 0.0015238220803439617}