{"temporal0": 4.21e-06, "temporal1": 0.00051061, "temporal2": 0.00050879, "temporal3": 3.26e-06, "temporal4": 3.35e-06, "total": 0.0010353298857808113}