{"temporal0": 0.00051054, "temporal1": 0.00050928, "temporal2": 3.26e-06, "temporal3": 3.25e-06, "temporal4": 3.31e-06, "total": 0.0015406790189445019}