{"temporal0": 4.92e-06, "temporal1": 4.58e-06, "temporal2": 0.0007474, "temporal3": 0.00075056, "temporal4": 4.83e-06, "total": 0.0015165857039391994}