{"temporal0": 4.9e-06, "temporal1": 0.00050854, "temporal2": 3.43e-06, "temporal3": 0.00050698, "temporal4": 0.00050816, "total": 0.001536305993795395}