{"temporal0": 0.00051294, "temporal1": 3.38e-06, "temporal2": 3.53e-06, "temporal3": 3.65e-06, "temporal4": 3.79e-06, "total": 0.001045893644914031}