{"temporal0": 4.86e-06, "temporal1": 0.00074854, "temporal2": 0.00074402, "temporal3": 5.21e-06, "temporal4": 5.1e-06, "total": 0.0015141566982492805}