{"temporal0": 0.0007505, "temporal1": 0.00075262, "temporal2": 4.72e-06, "temporal3": 4.73e-06, "temporal4": 4.67e-06, "total": 0.002269541146233678}