{"temporal0": 5.09e-06, "temporal1": 0.00152066, "temporal2": 3.41e-06, "temporal3": 3.53e-06, "temporal4": 3.7e-06, "total": 0.0015401552664116025}