{"temporal0": 0.00051232, "temporal1": 3.26e-06, "temporal2": 0.0005118, "temporal3": 0.00050927, "temporal4": 3.8e-06, "total": 0.002053057076409459}