{"temporal0": 0.00075532, "temporal1": 4.45e-06, "temporal2": 4.62e-06, "temporal3": 0.00075695, "temporal4": 4.57e-06, "total": 0.0022728871554136276}