{"temporal0": 4.54e-06, "temporal1": 4.66e-06, "temporal2": 4.97e-06, "temporal3": 0.00074461, "temporal4": 0.0007478, "total": 0.0015130569227039814}