{"temporal0": 4.99e-06, "temporal1": 5.06e-06, "temporal2": 0.00074565, "temporal3": 5.56e-06, "temporal4": 0.00074667, "total": 0.0015140895266085863}