{"temporal0": 4.79e-06, "temporal1": 4.71e-06, "temporal2": 0.00074714, "temporal3": 5.13e-06, "temporal4": 5.12e-06, "total": 0.0007715265965089202}