{"temporal0": 5.04e-06, "temporal1": 5.23e-06, "temporal2": 5.69e-06, "temporal3": 0.00074508, "temporal4": 5.7e-06, "total": 0.0007724750903435051}