{"temporal0": 5e-06, "temporal1": 4.94e-06, "temporal2": 0.00075009, "temporal3": 5.13e-06, "temporal4": 4.94e-06, "total": 0.0007739098509773612}