{"temporal0": 4.13e-06, "temporal1": 4.23e-06, "temporal2": 4.52e-06, "temporal3": 4.58e-06, "temporal4": 0.00149169, "total": 0.0015124266501516104}