{"temporal0": 0.00150155, "temporal1": 4.75e-06, "temporal2": 5.24e-06, "temporal3": 5.44e-06, "temporal4": 5.41e-06, "total": 0.003015439258888364}