{"temporal0": 5.16e-06, "temporal1": 0.0005075, "temporal2": 0.00050647, "temporal3": 0.00050775, "temporal4": 4.25e-06, "total": 0.0015353687340393662}