{"temporal0": 0.00075689, "temporal1": 4.05e-06, "temporal2": 4.4e-06, "temporal3": 4.59e-06, "temporal4": 0.0007499, "total": 0.002267612610012293}