{"temporal0": 4.48e-06, "temporal1": 4.66e-06, "temporal2": 5.04e-06, "temporal3": 0.00149258, "temporal4": 5.16e-06, "total": 0.0015147996600717306}