{"temporal0": 0.0007002, "temporal1": 0.00068794, "temporal2": 1.514e-05, "temporal3": 1.549e-05, "temporal4": 1.555e-05, "total": 0.0020885819103568792}