{"temporal0": 1.104e-05, "temporal1": 0.0007358, "temporal2": 1.063e-05, "temporal3": 0.00070926, "temporal4": 1.12e-05, "total": 0.0014863781398162246}