{"temporal0": 1.348e-05, "temporal1": 1.298e-05, "temporal2": 1.425e-05, "temporal3": 0.00073764, "temporal4": 1.478e-05, "total": 0.0008103440050035715}