{"temporal0": 0.00070901, "temporal1": 0.00068706, "temporal2": 1.534e-05, "temporal3": 1.568e-05, "temporal4": 1.582e-05, "total": 0.0021632928401231766}