{"temporal0": 1.452e-05, "temporal1": 1.372e-05, "temporal2": 1.509e-05, "temporal3": 1.578e-05, "temporal4": 0.00069083, "total": 0.0007760236039757729}