{"temporal0": 0.00141687, "temporal1": 1.31e-05, "temporal2": 1.399e-05, "temporal3": 1.429e-05, "temporal4": 1.436e-05, "total": 0.002852127654477954}