{"temporal0": 1.208e-05, "temporal1": 1.104e-05, "temporal2": 0.00069322, "temporal3": 1.272e-05, "temporal4": 0.00071162, "total": 0.0014574583619832993}