{"temporal0": 1.322e-05, "temporal1": 1.226e-05, "temporal2": 0.00073905, "temporal3": 0.00068248, "temporal4": 1.353e-05, "total": 0.0014776774914935231}