{"temporal0": 0.0007042, "temporal1": 1.285e-05, "temporal2": 0.00069784, "temporal3": 1.465e-05, "temporal4": 1.488e-05, "total": 0.002100188285112381}