{"temporal0": 0.00069185, "temporal1": 1.585e-05, "temporal2": 1.692e-05, "temporal3": 0.00067934, "temporal4": 1.672e-05, "total": 0.0021065236069262028}