{"temporal0": 1.728e-05, "temporal1": 1.541e-05, "temporal2": 0.0006817, "temporal3": 1.694e-05, "temporal4": 0.00069533, "total": 0.0014476875076070428}