{"temporal0": 0.00071951, "temporal1": 1.511e-05, "temporal2": 0.00067479, "temporal3": 1.656e-05, "temporal4": 1.638e-05, "total": 0.0021821598056703806}