{"temporal0": 0.00069021, "temporal1": 1.334e-05, "temporal2": 0.00071302, "temporal3": 1.535e-05, "temporal4": 1.546e-05, "total": 0.0020976492669433355}