{"temporal0": 1.471e-05, "temporal1": 1.382e-05, "temporal2": 1.51e-05, "temporal3": 0.00068529, "temporal4": 1.602e-05, "total": 0.0007639023824594915}