{"temporal0": 1.494e-05, "temporal1": 0.00071448, "temporal2": 0.00067741, "temporal3": 1.601e-05, "temporal4": 1.611e-05, "total": 0.0014583654701709747}