{"temporal0": 1.72e-05, "temporal1": 0.00068198, "temporal2": 1.926e-05, "temporal3": 0.00067607, "temporal4": 2.061e-05, "total": 0.0014429239090532064}