{"temporal0": 1.841e-05, "temporal1": 1.78e-05, "temporal2": 1.936e-05, "temporal3": 2.002e-05, "temporal4": 0.00133185, "total": 0.0014353214064612985}