{"temporal0": 1.673e-05, "temporal1": 1.551e-05, "temporal2": 1.679e-05, "temporal3": 0.0006952, "temporal4": 0.00067882, "total": 0.0014444015687331557}