{"temporal0": 1.423e-05, "temporal1": 1.363e-05, "temporal2": 1.478e-05, "temporal3": 1.518e-05, "temporal4": 0.0007355, "total": 0.000805020157713443}