{"temporal0": 1.826e-05, "temporal1": 0.00069221, "temporal2": 1.943e-05, "temporal3": 2.019e-05, "temporal4": 2.055e-05, "total": 0.0007981496746651828}