{"temporal0": 1.286e-05, "temporal1": 0.00069909, "temporal2": 1.385e-05, "temporal3": 1.421e-05, "temporal4": 1.416e-05, "total": 0.0007640780531801283}