{"temporal0": 0.00072059, "temporal1": 0.00073269, "temporal2": 9.09e-06, "temporal3": 9.57e-06, "temporal4": 9.78e-06, "total": 0.002165552694350481}