{"temporal0": 9.81e-06, "temporal1": 9.66e-06, "temporal2": 0.00074532, "temporal3": 1.041e-05, "temporal4": 1.025e-05, "total": 0.0007944751414470375}