{"temporal0": 0.00073354, "temporal1": 1.019e-05, "temporal2": 1.117e-05, "temporal3": 1.164e-05, "temporal4": 1.187e-05, "total": 0.0015296745114028454}