{"temporal0": 1.111e-05, "temporal1": 0.00070412, "temporal2": 1.141e-05, "temporal3": 1.16e-05, "temporal4": 0.0007245, "total": 0.0014742080820724368}