{"temporal0": 9.79e-06, "temporal1": 9.96e-06, "temporal2": 0.00071645, "temporal3": 0.00070769, "temporal4": 1.124e-05, "total": 0.0014676052378490567}