{"temporal0": 0.00142393, "temporal1": 1.098e-05, "temporal2": 1.214e-05, "temporal3": 1.263e-05, "temporal4": 1.282e-05, "total": 0.002845420967787504}