{"temporal0": 1.102e-05, "temporal1": 1.117e-05, "temporal2": 0.00070634, "temporal3": 1.287e-05, "temporal4": 1.312e-05, "total": 0.0007727249176241457}