{"temporal0": 0.00074891, "temporal1": 0.00071998, "temporal2": 8.57e-06, "temporal3": 8.87e-06, "temporal4": 9e-06, "total": 0.0022526688408106565}