{"temporal0": 9.81e-06, "temporal1": 9.39e-06, "temporal2": 1.038e-05, "temporal3": 0.00070896, "temporal4": 0.00071804, "total": 0.001473960466682911}