{"temporal0": 9.35e-06, "temporal1": 8.59e-06, "temporal2": 9.15e-06, "temporal3": 0.00074533, "temporal4": 0.00071196, "total": 0.0014923852868378162}