{"temporal0": 9.8e-06, "temporal1": 9.26e-06, "temporal2": 0.00073024, "temporal3": 1.063e-05, "temporal4": 1.078e-05, "total": 0.0007819221355021}