{"temporal0": 0.00072385, "temporal1": 9.14e-06, "temporal2": 1.001e-05, "temporal3": 1.042e-05, "temporal4": 0.00074313, "total": 0.00218550325371325}