{"temporal0": 8.87e-06, "temporal1": 0.00145738, "temporal2": 8.34e-06, "temporal3": 8.34e-06, "temporal4": 8.11e-06, "total": 0.0014990990748628974}