{"temporal0": 0.0007239, "temporal1": 9.21e-06, "temporal2": 9.85e-06, "temporal3": 0.0007102, "temporal4": 9.8e-06, "total": 0.0021962737664580345}