{"temporal0": 0.00071387, "temporal1": 1.144e-05, "temporal2": 0.00070411, "temporal3": 1.212e-05, "temporal4": 1.185e-05, "total": 0.002165728947147727}