{"temporal0": 1.264e-05, "temporal1": 1.296e-05, "temporal2": 1.403e-05, "temporal3": 0.00070114, "temporal4": 0.00070073, "total": 0.0014576039975509048}