{"temporal0": 9.95e-06, "temporal1": 9.52e-06, "temporal2": 0.000718, "temporal3": 1.076e-05, "temporal4": 0.00070959, "total": 0.0014754056464880705}