{"temporal0": 9.51e-06, "temporal1": 9.1e-06, "temporal2": 9.86e-06, "temporal3": 0.00072803, "temporal4": 0.00070713, "total": 0.00147432298399508}