{"temporal0": 1.194e-05, "temporal1": 0.00070873, "temporal2": 0.00070524, "temporal3": 1.384e-05, "temporal4": 1.405e-05, "total": 0.0014718559104949236}