{"temporal0": 1.216e-05, "temporal1": 0.00070764, "temporal2": 1.344e-05, "temporal3": 0.00071217, "temporal4": 1.419e-05, "total": 0.001477219513617456}