{"temporal0": 0.00077393, "temporal1": 5.98e-06, "temporal2": 5.28e-06, "temporal3": 5.15e-06, "temporal4": 0.00077061, "total": 0.002335083670914173}