{"temporal0": 0.00059633, "temporal1": 4.323e-05, "temporal2": 3.496e-05, "temporal3": 3.327e-05, "temporal4": 0.0005483, "total": 0.001782167237251997}