{"temporal0": 0.0007744, "temporal1": 5.57e-06, "temporal2": 4.95e-06, "temporal3": 0.00077161, "temporal4": 4.73e-06, "total": 0.0023355872835963964}