{"temporal0": 0.00061737, "temporal1": 0.0010878, "temporal2": 4.727e-05, "temporal3": 4.507e-05, "temporal4": 4.589e-05, "total": 0.0023714315611869097}