{"temporal0": 9.538e-05, "temporal1": 5.093e-05, "temporal2": 0.00055682, "temporal3": 3.86e-05, "temporal4": 0.0005537, "total": 0.0013101431541144848}