{"temporal0": 8.87e-06, "temporal1": 5.41e-06, "temporal2": 4.78e-06, "temporal3": 0.00077207, "temporal4": 4.64e-06, "total": 0.0008027647854760289}