{"temporal0": 0.00060825, "temporal1": 5.269e-05, "temporal2": 0.00055876, "temporal3": 4.014e-05, "temporal4": 3.935e-05, "total": 0.0018261520890519023}