{"temporal0": 8.36e-06, "temporal1": 0.00154032, "temporal2": 4.55e-06, "temporal3": 4.44e-06, "temporal4": 4.43e-06, "total": 0.0015685620019212365}