{"temporal0": 0.00077434, "temporal1": 5.82e-06, "temporal2": 5.11e-06, "temporal3": 0.0007713, "temporal4": 4.88e-06, "total": 0.002335888333618641}