{"temporal0": 0.00077444, "temporal1": 5.12e-06, "temporal2": 4.59e-06, "temporal3": 0.00077219, "temporal4": 4.42e-06, "total": 0.0023378590121865273}