{"temporal0": 9.12e-06, "temporal1": 5.55e-06, "temporal2": 0.00077239, "temporal3": 4.76e-06, "temporal4": 0.00077242, "total": 0.0015719686634838581}