{"temporal0": 9.44e-06, "temporal1": 0.0007705, "temporal2": 5.07e-06, "temporal3": 4.94e-06, "temporal4": 4.89e-06, "total": 0.0008020331733860075}