{"temporal0": 9.8e-06, "temporal1": 6.03e-06, "temporal2": 5.25e-06, "temporal3": 5.07e-06, "temporal4": 0.00153701, "total": 0.0015712336171418428}