{"temporal0": 0.00060447, "temporal1": 4.949e-05, "temporal2": 3.896e-05, "temporal3": 3.719e-05, "temporal4": 0.00055171, "total": 0.0018084920011460781}