{"temporal0": 8.87e-05, "temporal1": 0.00056089, "temporal2": 0.00106802, "temporal3": 3.567e-05, "temporal4": 3.605e-05, "total": 0.0018032025545835495}