{"temporal0": 0.00059807, "temporal1": 4.507e-05, "temporal2": 3.596e-05, "temporal3": 0.00054985, "temporal4": 3.422e-05, "total": 0.0017891819588840008}