{"temporal0": 8.137e-05, "temporal1": 0.00055582, "temporal2": 0.00054903, "temporal3": 0.00054775, "temporal4": 3.171e-05, "total": 0.0017786943353712559}