{"temporal0": 0.00061178, "temporal1": 0.00056911, "temporal2": 4.396e-05, "temporal3": 0.00055755, "temporal4": 4.116e-05, "total": 0.0023507943842560053}