{"temporal0": 0.00061416, "temporal1": 0.00057119, "temporal2": 4.536e-05, "temporal3": 0.00055859, "temporal4": 4.382e-05, "total": 0.002360349055379629}