{"temporal0": 9.25e-06, "temporal1": 5.7e-06, "temporal2": 5.09e-06, "temporal3": 0.00077021, "temporal4": 4.99e-06, "total": 0.0008010831079445779}