{"temporal0": 0.00058957, "temporal1": 4.02e-05, "temporal2": 3.214e-05, "temporal3": 0.00054605, "temporal4": 3.13e-05, "total": 0.001764426357112825}