{"temporal0": 7.64e-06, "temporal1": 0.00153766, "temporal2": 4.6e-06, "temporal3": 4.52e-06, "temporal4": 4.52e-06, "total": 0.0015639194753021002}