{"temporal0": 0.00077252, "temporal1": 0.00076993, "temporal2": 5.21e-06, "temporal3": 5.27e-06, "temporal4": 5.21e-06, "total": 0.00233279331587255}