{"temporal0": 7.33e-05, "temporal1": 0.00054973, "temporal2": 2.92e-05, "temporal3": 0.00054219, "temporal4": 0.00054285, "total": 0.0017492127371951938}