{"temporal0": 7.81e-06, "temporal1": 5.19e-06, "temporal2": 0.00076914, "temporal3": 0.00076901, "temporal4": 4.73e-06, "total": 0.0015612428542226553}