{"temporal0": 8.66e-06, "temporal1": 5.91e-06, "temporal2": 0.00076932, "temporal3": 5.58e-06, "temporal4": 0.00077038, "total": 0.0015651255380362272}