{"temporal0": 7.508e-05, "temporal1": 3.712e-05, "temporal2": 0.00054496, "temporal3": 2.904e-05, "temporal4": 0.00105813, "total": 0.0017565141897648573}