{"temporal0": 0.00077394, "temporal1": 5.59e-06, "temporal2": 5.01e-06, "temporal3": 4.95e-06, "temporal4": 0.00077042, "total": 0.00233591184951365}