{"temporal0": 0.00077351, "temporal1": 5.09e-06, "temporal2": 4.68e-06, "temporal3": 0.00076922, "temporal4": 4.6e-06, "total": 0.002333924174308777}