{"temporal0": 7.86e-06, "temporal1": 4.87e-06, "temporal2": 0.0015366, "temporal3": 4.31e-06, "temporal4": 4.29e-06, "total": 0.0015637014294043183}