{"temporal0": 8.34e-06, "temporal1": 0.00077103, "temporal2": 4.66e-06, "temporal3": 4.56e-06, "temporal4": 4.54e-06, "total": 0.0007992121973074973}