{"temporal0": 8.18e-06, "temporal1": 5.15e-06, "temporal2": 0.00077255, "temporal3": 4.48e-06, "temporal4": 0.00077268, "total": 0.0015690999571233988}