{"temporal0": 7.587e-05, "temporal1": 3.848e-05, "temporal2": 0.00054671, "temporal3": 0.00054547, "temporal4": 0.00054507, "total": 0.001764068379998207}