{"temporal0": 7.47e-06, "temporal1": 5.16e-06, "temporal2": 0.00076989, "temporal3": 4.82e-06, "temporal4": 4.81e-06, "total": 0.0007972177118062973}