{"temporal0": 0.00153737, "temporal1": 5.18e-06, "temporal2": 4.83e-06, "temporal3": 4.83e-06, "temporal4": 4.77e-06, "total": 0.0031029507517814636}