{"temporal0": 5.57e-06, "temporal1": 3.89e-06, "temporal2": 3.64e-06, "temporal3": 0.00076961, "temporal4": 0.0007699, "total": 0.0015573912533000112}