{"temporal0": 6.58e-06, "temporal1": 0.00076861, "temporal2": 0.00076642, "temporal3": 4.62e-06, "temporal4": 4.63e-06, "total": 0.0015550983371213078}