{"temporal0": 6.91e-06, "temporal1": 4.64e-06, "temporal2": 4.29e-06, "temporal3": 4.17e-06, "temporal4": 0.00076928, "total": 0.00079450843622908}