{"temporal0": 0.00077319, "temporal1": 3.68e-06, "temporal2": 0.00077027, "temporal3": 3.4e-06, "temporal4": 3.39e-06, "total": 0.0023279699962586164}