{"temporal0": 2.994e-05, "temporal1": 1.606e-05, "temporal2": 1.409e-05, "temporal3": 0.00052698, "temporal4": 1.398e-05, "total": 0.0006097758887335658}