{"temporal0": 0.0007711, "temporal1": 4.51e-06, "temporal2": 4.21e-06, "temporal3": 4.19e-06, "temporal4": 4.16e-06, "total": 0.0015600980259478092}