{"temporal0": 6.49e-06, "temporal1": 4.2e-06, "temporal2": 3.8e-06, "temporal3": 0.00153412, "temporal4": 3.69e-06, "total": 0.0015575888101011515}