{"temporal0": 3.461e-05, "temporal1": 0.00053065, "temporal2": 0.00052833, "temporal3": 1.514e-05, "temporal4": 1.535e-05, "total": 0.0011333796428516507}