{"temporal0": 4.113e-05, "temporal1": 0.00053289, "temporal2": 0.00053045, "temporal3": 0.00053072, "temporal4": 1.676e-05, "total": 0.00166216806974262}