{"temporal0": 0.00054325, "temporal1": 1.538e-05, "temporal2": 0.00052718, "temporal3": 1.341e-05, "temporal4": 1.347e-05, "total": 0.001635205466300249}