{"temporal0": 5.85e-06, "temporal1": 0.00076775, "temporal2": 3.58e-06, "temporal3": 3.54e-06, "temporal4": 3.55e-06, "total": 0.0007888042600825429}