{"temporal0": 3.857e-05, "temporal1": 0.00053233, "temporal2": 0.00053016, "temporal3": 1.639e-05, "temporal4": 1.649e-05, "total": 0.0011439635418355465}