{"temporal0": 0.00054719, "temporal1": 1.703e-05, "temporal2": 0.00052826, "temporal3": 1.478e-05, "temporal4": 1.499e-05, "total": 0.0016450448893010616}