{"temporal0": 6.61e-06, "temporal1": 0.00076791, "temporal2": 4.27e-06, "temporal3": 0.00076728, "temporal4": 4.42e-06, "total": 0.001554975169710815}