{"temporal0": 3.146e-05, "temporal1": 0.00053002, "temporal2": 1.448e-05, "temporal3": 1.427e-05, "temporal4": 0.00052776, "total": 0.0011268237140029669}