{"temporal0": 0.00054868, "temporal1": 1.884e-05, "temporal2": 1.623e-05, "temporal3": 0.0010419, "temporal4": 1.609e-05, "total": 0.0021642425563186407}