{"temporal0": 3.49e-05, "temporal1": 0.00053176, "temporal2": 0.00052883, "temporal3": 1.538e-05, "temporal4": 0.0005286, "total": 0.0016488588880747557}