{"temporal0": 4.185e-05, "temporal1": 0.00053326, "temporal2": 0.00053141, "temporal3": 1.733e-05, "temporal4": 0.00053144, "total": 0.0016653633210808039}