{"temporal0": 6.19e-06, "temporal1": 4.04e-06, "temporal2": 3.72e-06, "temporal3": 3.63e-06, "temporal4": 0.0015332, "total": 0.0015561074251309037}