{"temporal0": 5.36e-06, "temporal1": 0.00076745, "temporal2": 0.0007664, "temporal3": 4.07e-06, "temporal4": 4.11e-06, "total": 0.0015512502286583185}