{"temporal0": 2.555e-05, "temporal1": 1.396e-05, "temporal2": 1.245e-05, "temporal3": 0.00155091, "temporal4": 1.249e-05, "total": 0.0016250947955995798}