{"temporal0": 5.79e-06, "temporal1": 3.94e-06, "temporal2": 3.68e-06, "temporal3": 3.68e-06, "temporal4": 0.00153023, "total": 0.0015517714200541377}