{"temporal0": 5.22e-06, "temporal1": 3.66e-06, "temporal2": 0.00076672, "temporal3": 0.0007664, "temporal4": 3.55e-06, "total": 0.0015495404368266463}