{"temporal0": 0.00053955, "temporal1": 0.00052711, "temporal2": 1.254e-05, "temporal3": 1.238e-05, "temporal4": 0.00052581, "total": 0.002138681709766388}