{"temporal0": 5.19e-06, "temporal1": 0.00076819, "temporal2": 3.36e-06, "temporal3": 0.00076893, "temporal4": 3.39e-06, "total": 0.0015531571116298437}