{"temporal0": 0.00077007, "temporal1": 4.22e-06, "temporal2": 4.05e-06, "temporal3": 0.00076564, "temporal4": 4.07e-06, "total": 0.0023208647035062313}