{"temporal0": 0.00054062, "temporal1": 1.449e-05, "temporal2": 1.276e-05, "temporal3": 1.258e-05, "temporal4": 0.00103821, "total": 0.002140217227861285}