{"temporal0": 0.00054222, "temporal1": 1.504e-05, "temporal2": 1.322e-05, "temporal3": 0.00052719, "temporal4": 0.00052664, "total": 0.0021473702508956194}