{"temporal0": 0.00077017, "temporal1": 4.03e-06, "temporal2": 0.0007689, "temporal3": 3.79e-06, "temporal4": 3.83e-06, "total": 0.002323108958080411}