{"temporal0": 0.00105378, "temporal1": 1.5e-05, "temporal2": 1.311e-05, "temporal3": 0.00052574, "temporal4": 1.302e-05, "total": 0.00265571940690279}