{"temporal0": 5.52e-06, "temporal1": 3.81e-06, "temporal2": 0.00076578, "temporal3": 3.74e-06, "temporal4": 3.75e-06, "total": 0.000786918739322573}