{"temporal0": 6.06e-06, "temporal1": 4.18e-06, "temporal2": 4.03e-06, "temporal3": 4.08e-06, "temporal4": 0.00076608, "total": 0.0007888544350862503}