{"temporal0": 0.00076911, "temporal1": 0.00076603, "temporal2": 4.72e-06, "temporal3": 4.97e-06, "temporal4": 5e-06, "total": 0.002324915025383234}