{"temporal0": 5.82e-06, "temporal1": 0.00076742, "temporal2": 0.00076619, "temporal3": 3.98e-06, "temporal4": 3.99e-06, "total": 0.0015520114684477448}