{"temporal0": 0.001535, "temporal1": 3.85e-06, "temporal2": 3.76e-06, "temporal3": 3.77e-06, "temporal4": 3.86e-06, "total": 0.0030954990070313215}