{"temporal0": 0.0015324, "temporal1": 4.29e-06, "temporal2": 4.34e-06, "temporal3": 4.47e-06, "temporal4": 4.51e-06, "total": 0.003093649633228779}