{"temporal0": 4.88e-06, "temporal1": 3.46e-06, "temporal2": 0.00050876, "temporal3": 3.39e-06, "temporal4": 0.00101292, "total": 0.0015396110247820616}