{"temporal0": 0.00151673, "temporal1": 4.85e-06, "temporal2": 5.55e-06, "temporal3": 5.89e-06, "temporal4": 5.88e-06, "total": 0.0030816374346613884}