{"temporal0": 4.46e-06, "temporal1": 0.00050939, "temporal2": 3.61e-06, "temporal3": 0.00101487, "temporal4": 3.71e-06, "total": 0.0015418138355016708}