{"temporal0": 4.87e-06, "temporal1": 5.32e-06, "temporal2": 0.00074334, "temporal3": 0.00074993, "temporal4": 5.78e-06, "total": 0.0015128793893381953}