{"temporal0": 0.00051215, "temporal1": 0.00050997, "temporal2": 3.1e-06, "temporal3": 3.25e-06, "temporal4": 0.00050941, "total": 0.002053480129688978}