{"temporal0": 3.99e-06, "temporal1": 4.74e-06, "temporal2": 5.45e-06, "temporal3": 5.76e-06, "temporal4": 0.00148889, "total": 0.0015121882315725088}