{"temporal0": 0.00051383, "temporal1": 3.45e-06, "temporal2": 0.00051067, "temporal3": 3.85e-06, "temporal4": 3.98e-06, "total": 0.0015506306663155556}