{"temporal0": 3.85e-06, "temporal1": 0.00051076, "temporal2": 0.00050993, "temporal3": 3.33e-06, "temporal4": 3.48e-06, "total": 0.0010348502546548843}