{"temporal0": 4e-06, "temporal1": 4.67e-06, "temporal2": 5.28e-06, "temporal3": 0.00074722, "temporal4": 5.65e-06, "total": 0.0007726003532297909}