{"temporal0": 0.00075744, "temporal1": 5.13e-06, "temporal2": 6.05e-06, "temporal3": 6.47e-06, "temporal4": 6.57e-06, "total": 0.0015409484039992094}