{"temporal0": 4.56e-06, "temporal1": 4.79e-06, "temporal2": 0.00074688, "temporal3": 5.53e-06, "temporal4": 0.00075603, "total": 0.0015218995977193117}