{"temporal0": 4.17e-06, "temporal1": 3.24e-06, "temporal2": 0.00050753, "temporal3": 3.5e-06, "temporal4": 3.65e-06, "total": 0.0005262226331979036}