{"temporal0": 4.87e-06, "temporal1": 3.53e-06, "temporal2": 0.000508, "temporal3": 0.00050812, "temporal4": 0.00051073, "total": 0.0015407453756779432}