{"temporal0": 4.8e-06, "temporal1": 0.00149639, "temporal2": 5.32e-06, "temporal3": 5.52e-06, "temporal4": 5.54e-06, "total": 0.0015227369731292129}