{"temporal0": 4.25e-06, "temporal1": 0.00050922, "temporal2": 3.64e-06, "temporal3": 0.00050684, "temporal4": 4.02e-06, "total": 0.0010322749149054289}