{"temporal0": 5.19e-06, "temporal1": 0.00074989, "temporal2": 5.55e-06, "temporal3": 0.00074422, "temporal4": 5.64e-06, "total": 0.001515769399702549}