{"temporal0": 3.9e-06, "temporal1": 4.74e-06, "temporal2": 5.55e-06, "temporal3": 0.00074484, "temporal4": 5.95e-06, "total": 0.0007691680220887065}