{"temporal0": 4.42e-06, "temporal1": 0.0007498, "temporal2": 5.82e-06, "temporal3": 6.06e-06, "temporal4": 0.00074281, "total": 0.0015125079080462456}