{"temporal0": 4.86e-06, "temporal1": 3.37e-06, "temporal2": 0.00050901, "temporal3": 0.00101452, "temporal4": 3.48e-06, "total": 0.0015403357101604342}