{"temporal0": 0.00101946, "temporal1": 3.74e-06, "temporal2": 3.98e-06, "temporal3": 4.11e-06, "temporal4": 0.00050689, "total": 0.0025542948860675097}