{"temporal0": 3.51e-06, "temporal1": 0.00075506, "temporal2": 4.16e-06, "temporal3": 4.35e-06, "temporal4": 0.00074812, "total": 0.001519931829534471}