{"temporal0": 0.00075853, "temporal1": 4.16e-06, "temporal2": 4.62e-06, "temporal3": 4.83e-06, "temporal4": 4.9e-06, "total": 0.0015287103597074747}