{"temporal0": 4.59e-06, "temporal1": 3.4e-06, "temporal2": 3.55e-06, "temporal3": 3.62e-06, "temporal4": 0.00050846, "total": 0.000527312804479152}