{"temporal0": 4.79e-06, "temporal1": 0.00075828, "temporal2": 0.00075196, "temporal3": 4.41e-06, "temporal4": 4.37e-06, "total": 0.0015299782389774919}