{"temporal0": 0.00101828, "temporal1": 0.00051148, "temporal2": 3.55e-06, "temporal3": 3.68e-06, "temporal4": 3.8e-06, "total": 0.002561858156695962}