{"temporal0": 0.00075522, "temporal1": 3.97e-06, "temporal2": 0.00074887, "temporal3": 4.6e-06, "temporal4": 4.57e-06, "total": 0.0022758571431040764}