{"temporal0": 3.36e-06, "temporal1": 3.88e-06, "temporal2": 0.00075799, "temporal3": 4.61e-06, "temporal4": 4.7e-06, "total": 0.0007792332908138633}