{"temporal0": 0.0007551, "temporal1": 3.96e-06, "temporal2": 4.46e-06, "temporal3": 4.71e-06, "temporal4": 0.0007524, "total": 0.0022724501322954893}