{"temporal0": 0.00075417, "temporal1": 4.03e-06, "temporal2": 4.53e-06, "temporal3": 4.7e-06, "temporal4": 4.73e-06, "total": 0.0015304672997444868}