{"temporal0": 4.55e-06, "temporal1": 4.21e-06, "temporal2": 4.5e-06, "temporal3": 0.00075772, "temporal4": 4.41e-06, "total": 0.0007807855145074427}