{"temporal0": 4.48e-06, "temporal1": 0.00074815, "temporal2": 0.00075316, "temporal3": 4.31e-06, "temporal4": 4.22e-06, "total": 0.0015197601169347763}