{"temporal0": 0.0015299, "temporal1": 3.19e-06, "temporal2": 3.27e-06, "temporal3": 3.35e-06, "temporal4": 3.47e-06, "total": 0.003067915327847004}