{"temporal0": 4.19e-06, "temporal1": 3.78e-06, "temporal2": 4.04e-06, "temporal3": 0.00074941, "temporal4": 0.00074904, "total": 0.0015172045677900314}