{"temporal0": 0.00051185, "temporal1": 3.4e-06, "temporal2": 0.00050958, "temporal3": 3.81e-06, "temporal4": 0.00050838, "total": 0.0020486670546233654}