{"temporal0": 4.63e-06, "temporal1": 0.00101539, "temporal2": 3.67e-06, "temporal3": 0.00050931, "temporal4": 3.86e-06, "total": 0.0015409390907734632}