{"temporal0": 5.25e-06, "temporal1": 4.66e-06, "temporal2": 0.00074654, "temporal3": 0.00075075, "temporal4": 5.23e-06, "total": 0.0015193694271147251}