{"temporal0": 0.00150039, "temporal1": 4.9e-06, "temporal2": 5.45e-06, "temporal3": 5.81e-06, "temporal4": 5.83e-06, "total": 0.003017852082848549}