{"temporal0": 0.00075179, "temporal1": 0.00074802, "temporal2": 5.15e-06, "temporal3": 5.48e-06, "temporal4": 5.6e-06, "total": 0.0022586348932236433}