{"temporal0": 0.0005101, "temporal1": 3.36e-06, "temporal2": 3.47e-06, "temporal3": 3.58e-06, "temporal4": 3.75e-06, "total": 0.0010374481789767742}