{"temporal0": 4.79e-06, "temporal1": 5.28e-06, "temporal2": 0.00074324, "temporal3": 6.48e-06, "temporal4": 6.64e-06, "total": 0.0007711938815191388}