{"temporal0": 0.0005123, "temporal1": 0.00050899, "temporal2": 0.00050808, "temporal3": 3.47e-06, "temporal4": 3.58e-06, "total": 0.0020510763861238956}