{"temporal0": 0.00050955, "temporal1": 3.42e-06, "temporal2": 3.41e-06, "temporal3": 0.0005061, "temporal4": 3.46e-06, "total": 0.001536112162284553}