{"temporal0": 4.65e-06, "temporal1": 4.76e-06, "temporal2": 5.34e-06, "temporal3": 0.00148164, "temporal4": 5.51e-06, "total": 0.0015101960161700845}