{"temporal0": 0.00075452, "temporal1": 4.26e-06, "temporal2": 4.84e-06, "temporal3": 5.16e-06, "temporal4": 5.31e-06, "total": 0.0015158772002905607}