{"temporal0": 4.38e-06, "temporal1": 0.00074837, "temporal2": 5.31e-06, "temporal3": 5.55e-06, "temporal4": 0.00074607, "total": 0.0015179978217929602}