{"temporal0": 0.00101498, "temporal1": 3.48e-06, "temporal2": 3.58e-06, "temporal3": 3.64e-06, "temporal4": 0.00050714, "total": 0.0025459900498390198}