{"temporal0": 0.00075128, "temporal1": 5.47e-06, "temporal2": 6.24e-06, "temporal3": 6.65e-06, "temporal4": 6.71e-06, "total": 0.001519315759651363}