{"temporal0": 3.89e-06, "temporal1": 3.03e-06, "temporal2": 0.00101541, "temporal3": 3.24e-06, "temporal4": 0.00050811, "total": 0.0015372150810435414}