{"temporal0": 5.06e-06, "temporal1": 4.85e-06, "temporal2": 5.28e-06, "temporal3": 5.46e-06, "temporal4": 0.0007549, "total": 0.0007789699593558908}