{"temporal0": 0.00051075, "temporal1": 0.00050822, "temporal2": 0.00050582, "temporal3": 3.35e-06, "temporal4": 3.47e-06, "total": 0.002039317274466157}