{"temporal0": 0.00051021, "temporal1": 3.12e-06, "temporal2": 0.00050699, "temporal3": 3.4e-06, "temporal4": 3.56e-06, "total": 0.0015353105263784528}