{"temporal0": 4.82e-06, "temporal1": 0.00101638, "temporal2": 0.00050732, "temporal3": 3.43e-06, "temporal4": 3.53e-06, "total": 0.0015402734279632568}