{"temporal0": 0.0005105, "temporal1": 3.76e-06, "temporal2": 0.00050772, "temporal3": 3.7e-06, "temporal4": 0.00050758, "total": 0.002041617874056101}