{"temporal0": 4.82e-06, "temporal1": 0.00074404, "temporal2": 5.3e-06, "temporal3": 0.00074399, "temporal4": 5.37e-06, "total": 0.0015077691059559584}