{"temporal0": 0.00074888, "temporal1": 5.51e-06, "temporal2": 0.0007432, "temporal3": 6.69e-06, "temporal4": 6.62e-06, "total": 0.002260436536744237}