{"temporal0": 4.29e-06, "temporal1": 0.00075066, "temporal2": 5.24e-06, "temporal3": 0.00074352, "temporal4": 5.85e-06, "total": 0.0015157945454120636}