{"temporal0": 4.33e-06, "temporal1": 0.00101177, "temporal2": 3.29e-06, "temporal3": 3.39e-06, "temporal4": 0.0005063, "total": 0.0015343381091952324}