{"temporal0": 5.02e-06, "temporal1": 3.41e-06, "temporal2": 3.34e-06, "temporal3": 0.00050689, "temporal4": 0.00050544, "total": 0.00102891493588686}