{"temporal0": 0.00075486, "temporal1": 5.33e-06, "temporal2": 5.94e-06, "temporal3": 6.31e-06, "temporal4": 6.34e-06, "total": 0.0015202622162178159}