{"temporal0": 5.56e-06, "temporal1": 0.00075113, "temporal2": 0.0007403, "temporal3": 6.98e-06, "temporal4": 6.89e-06, "total": 0.0015148931415751576}