{"temporal0": 4.67e-06, "temporal1": 0.00074603, "temporal2": 5.91e-06, "temporal3": 6.4e-06, "temporal4": 0.00074263, "total": 0.0015118698356673121}