{"temporal0": 4.26e-06, "temporal1": 3.5e-06, "temporal2": 3.6e-06, "temporal3": 0.00151544, "temporal4": 3.8e-06, "total": 0.0015343909617513418}