{"temporal0": 4.69e-06, "temporal1": 4.32e-06, "temporal2": 4.78e-06, "temporal3": 0.00074802, "temporal4": 5.14e-06, "total": 0.0007747056661173701}