{"temporal0": 0.00076075, "temporal1": 5.15e-06, "temporal2": 0.00075481, "temporal3": 6.07e-06, "temporal4": 6.08e-06, "total": 0.0022999418433755636}