{"temporal0": 5.09e-06, "temporal1": 4.84e-06, "temporal2": 5.24e-06, "temporal3": 0.00074832, "temporal4": 0.00074298, "total": 0.0015105928760021925}