{"temporal0": 4.36e-06, "temporal1": 0.00075706, "temporal2": 4.75e-06, "temporal3": 5.01e-06, "temporal4": 0.00074764, "total": 0.0015239940257743}