{"temporal0": 3.92e-06, "temporal1": 3.94e-06, "temporal2": 0.00075055, "temporal3": 4.66e-06, "temporal4": 0.00074948, "total": 0.0015152916312217712}