{"temporal0": 0.0007514, "temporal1": 4.95e-06, "temporal2": 0.00074693, "temporal3": 6.21e-06, "temporal4": 6.34e-06, "total": 0.0022762243170291185}