{"temporal0": 4.21e-06, "temporal1": 4.25e-06, "temporal2": 0.00074679, "temporal3": 0.00075712, "temporal4": 4.83e-06, "total": 0.0015208340482786298}