{"temporal0": 4.77e-06, "temporal1": 3.18e-06, "temporal2": 3.13e-06, "temporal3": 0.00050821, "temporal4": 0.00050715, "total": 0.001030834624543786}