{"temporal0": 4.25e-06, "temporal1": 0.00050791, "temporal2": 3.01e-06, "temporal3": 0.000508, "temporal4": 0.00051088, "total": 0.0015377628151327372}