{"temporal0": 0.00075489, "temporal1": 5.51e-06, "temporal2": 6.42e-06, "temporal3": 6.79e-06, "temporal4": 0.00073822, "total": 0.0022786129266023636}