{"temporal0": 0.00075661, "temporal1": 1.378e-05, "temporal2": 0.0007529, "temporal3": 1.455e-05, "temporal4": 1.43e-05, "total": 0.002310324925929308}