{"temporal0": 0.00050094, "temporal1": 5.31e-06, "temporal2": 6.03e-06, "temporal3": 6.59e-06, "temporal4": 0.00050589, "total": 0.0015210288111120462}