{"temporal0": 0.0007561, "temporal1": 2.759e-05, "temporal2": 2.905e-05, "temporal3": 0.00075985, "temporal4": 3.011e-05, "total": 0.002331225201487541}