{"temporal0": 1.481e-05, "temporal1": 0.00073271, "temporal2": 1.756e-05, "temporal3": 1.833e-05, "temporal4": 0.00072534, "total": 0.0015156017616391182}