{"temporal0": 0.00050061, "temporal1": 0.0004982, "temporal2": 6e-06, "temporal3": 6.47e-06, "temporal4": 0.0004935, "total": 0.0020010890439152718}