{"temporal0": 6.06e-06, "temporal1": 0.0004974, "temporal2": 0.00049619, "temporal3": 6.38e-06, "temporal4": 6.6e-06, "total": 0.0010211423505097628}