{"temporal0": 0.00050717, "temporal1": 5.17e-06, "temporal2": 0.0004959, "temporal3": 6.07e-06, "temporal4": 0.00049764, "total": 0.0020234761759638786}