{"temporal0": 1.196e-05, "temporal1": 1.34e-05, "temporal2": 0.00143156, "temporal3": 1.435e-05, "temporal4": 1.453e-05, "total": 0.0014986814931035042}