{"temporal0": 1.545e-05, "temporal1": 1.81e-05, "temporal2": 0.00074648, "temporal3": 2.051e-05, "temporal4": 2.135e-05, "total": 0.0008330695563927293}