{"temporal0": 5.37e-06, "temporal1": 0.00050029, "temporal2": 0.00049528, "temporal3": 5.73e-06, "temporal4": 0.00049534, "total": 0.0015088401269167662}