{"temporal0": 0.00073974, "temporal1": 1.784e-05, "temporal2": 0.00072555, "temporal3": 2.144e-05, "temporal4": 2.159e-05, "total": 0.002237150678411126}