{"temporal0": 5.97e-06, "temporal1": 0.0005001, "temporal2": 5.53e-06, "temporal3": 0.00098562, "temporal4": 6.11e-06, "total": 0.001510389382019639}