{"temporal0": 1.052e-05, "temporal1": 0.00073192, "temporal2": 1.152e-05, "temporal3": 0.00075328, "temporal4": 1.189e-05, "total": 0.0015295266639441252}