{"temporal0": 1.615e-05, "temporal1": 1.757e-05, "temporal2": 1.877e-05, "temporal3": 1.926e-05, "temporal4": 0.0007472, "total": 0.0008228565566241741}