{"temporal0": 1.239e-05, "temporal1": 0.00072604, "temporal2": 1.399e-05, "temporal3": 1.458e-05, "temporal4": 0.00071677, "total": 0.0014978368999436498}