{"temporal0": 0.00050123, "temporal1": 4.9e-06, "temporal2": 0.00049868, "temporal3": 5.88e-06, "temporal4": 6.2e-06, "total": 0.0015128117520362139}