{"temporal0": 4.94e-06, "temporal1": 5.21e-06, "temporal2": 0.00148582, "temporal3": 6.46e-06, "temporal4": 6.73e-06, "total": 0.0015146539080888033}