{"temporal0": 6.12e-06, "temporal1": 5.34e-06, "temporal2": 5.92e-06, "temporal3": 0.0004922, "temporal4": 0.00049567, "total": 0.001013307017274201}