{"temporal0": 5.73e-06, "temporal1": 0.00049485, "temporal2": 6.33e-06, "temporal3": 0.00049525, "temporal4": 7.13e-06, "total": 0.0010193829657509923}