{"temporal0": 0.00099502, "temporal1": 5.41e-06, "temporal2": 6.11e-06, "temporal3": 6.62e-06, "temporal4": 0.00049202, "total": 0.00249660387635231}