{"temporal0": 0.0007388, "temporal1": 8.61e-06, "temporal2": 9.26e-06, "temporal3": 0.00073121, "temporal4": 9.85e-06, "total": 0.0022470494732260704}