{"temporal0": 1.017e-05, "temporal1": 1.044e-05, "temporal2": 1.128e-05, "temporal3": 1.164e-05, "temporal4": 0.00146136, "total": 0.0015139906900003552}