{"temporal0": 1.129e-05, "temporal1": 1.26e-05, "temporal2": 1.35e-05, "temporal3": 1.38e-05, "temporal4": 0.00072443, "total": 0.000788246572483331}