{"temporal0": 0.0007269, "temporal1": 1.188e-05, "temporal2": 1.277e-05, "temporal3": 0.00072028, "temporal4": 1.309e-05, "total": 0.0021921677980571985}