{"temporal0": 5.54e-06, "temporal1": 4.74e-06, "temporal2": 5.25e-06, "temporal3": 5.71e-06, "temporal4": 0.00148038, "total": 0.0015101517783477902}