{"temporal0": 5.76e-06, "temporal1": 0.00049764, "temporal2": 5.35e-06, "temporal3": 0.00049834, "temporal4": 6.05e-06, "total": 0.0010183585109189153}