{"temporal0": 1.017e-05, "temporal1": 1.08e-05, "temporal2": 1.166e-05, "temporal3": 0.00071598, "temporal4": 1.191e-05, "total": 0.0007700530695728958}