{"temporal0": 1.078e-05, "temporal1": 1.131e-05, "temporal2": 0.00072534, "temporal3": 1.245e-05, "temporal4": 0.00071962, "total": 0.0014878453221172094}