{"temporal0": 0.00072558, "temporal1": 0.00071559, "temporal2": 1.203e-05, "temporal3": 1.235e-05, "temporal4": 1.225e-05, "total": 0.002187808509916067}