{"temporal0": 0.0009976, "temporal1": 4.92e-06, "temporal2": 5.48e-06, "temporal3": 0.00049548, "temporal4": 6.16e-06, "total": 0.0025196955539286137}