{"temporal0": 5.59e-06, "temporal1": 0.0005058, "temporal2": 5.5e-06, "temporal3": 0.00050511, "temporal4": 5.97e-06, "total": 0.0010333850514143705}