{"temporal0": 0.00073334, "temporal1": 1.027e-05, "temporal2": 0.00073646, "temporal3": 1.152e-05, "temporal4": 1.152e-05, "total": 0.0022449535317718983}