{"temporal0": 0.00073077, "temporal1": 1.142e-05, "temporal2": 1.277e-05, "temporal3": 1.341e-05, "temporal4": 1.352e-05, "total": 0.0014944712165743113}