{"temporal0": 1.022e-05, "temporal1": 0.0007534, "temporal2": 1.133e-05, "temporal3": 0.00071998, "temporal4": 1.146e-05, "total": 0.001515065087005496}