{"temporal0": 8.64e-06, "temporal1": 0.00145941, "temporal2": 9.37e-06, "temporal3": 9.76e-06, "temporal4": 9.8e-06, "total": 0.0015027597546577454}