{"temporal0": 1.097e-05, "temporal1": 0.00071931, "temporal2": 1.253e-05, "temporal3": 0.00070979, "temporal4": 1.28e-05, "total": 0.001479518716223538}