{"temporal0": 0.00071607, "temporal1": 1.397e-05, "temporal2": 1.529e-05, "temporal3": 0.00066384, "temporal4": 1.502e-05, "total": 0.0021765290293842554}