{"temporal0": 1.704e-05, "temporal1": 1.729e-05, "temporal2": 0.00067881, "temporal3": 2.035e-05, "temporal4": 2.083e-05, "total": 0.0007750808144919574}