{"temporal0": 0.00067676, "temporal1": 1.789e-05, "temporal2": 2.018e-05, "temporal3": 2.137e-05, "temporal4": 0.00066317, "total": 0.0020591546781361103}