{"temporal0": 1.358e-05, "temporal1": 1.353e-05, "temporal2": 0.00069785, "temporal3": 0.00067363, "temporal4": 1.678e-05, "total": 0.0014290898106992245}