{"temporal0": 1.152e-05, "temporal1": 1.069e-05, "temporal2": 1.144e-05, "temporal3": 1.16e-05, "temporal4": 0.00072696, "total": 0.0007778892177157104}