{"temporal0": 0.00073548, "temporal1": 1.177e-05, "temporal2": 0.00068326, "temporal3": 1.353e-05, "temporal4": 1.353e-05, "total": 0.002205716911703348}