{"temporal0": 1.113e-05, "temporal1": 1.113e-05, "temporal2": 0.00072546, "temporal3": 0.0006932, "temporal4": 1.347e-05, "total": 0.0014618358109146357}