{"temporal0": 0.00069371, "temporal1": 1.23e-05, "temporal2": 1.387e-05, "temporal3": 1.469e-05, "temporal4": 0.00069804, "total": 0.0021048765629529953}