{"temporal0": 1.307e-05, "temporal1": 1.271e-05, "temporal2": 1.379e-05, "temporal3": 1.431e-05, "temporal4": 0.00068336, "total": 0.0007453460711985826}