{"temporal0": 1.706e-05, "temporal1": 1.774e-05, "temporal2": 2.029e-05, "temporal3": 0.00066127, "temporal4": 2.223e-05, "total": 0.0007612973568029702}