{"temporal0": 0.00068026, "temporal1": 0.00070281, "temporal2": 1.612e-05, "temporal3": 1.655e-05, "temporal4": 1.652e-05, "total": 0.0021092931274324656}