{"temporal0": 0.00068257, "temporal1": 1.567e-05, "temporal2": 1.813e-05, "temporal3": 0.00068149, "temporal4": 2.016e-05, "total": 0.0020609572529792786}