{"temporal0": 1.816e-05, "temporal1": 1.89e-05, "temporal2": 0.00066277, "temporal3": 2.26e-05, "temporal4": 0.00066103, "total": 0.0014090442564338446}