{"temporal0": 1.792e-05, "temporal1": 1.856e-05, "temporal2": 2.122e-05, "temporal3": 0.00065987, "temporal4": 2.329e-05, "total": 0.0007677712710574269}