{"temporal0": 1.467e-05, "temporal1": 0.0013535, "temporal2": 1.792e-05, "temporal3": 1.904e-05, "temporal4": 1.942e-05, "total": 0.0014429829316213727}