{"temporal0": 0.00067958, "temporal1": 1.901e-05, "temporal2": 2.169e-05, "temporal3": 2.296e-05, "temporal4": 0.00066099, "total": 0.0020579053089022636}