{"temporal0": 1.47e-05, "temporal1": 0.00066959, "temporal2": 1.626e-05, "temporal3": 0.00072658, "temporal4": 1.635e-05, "total": 0.0014572724467143416}