{"temporal0": 1.691e-05, "temporal1": 1.81e-05, "temporal2": 0.00066464, "temporal3": 2.226e-05, "temporal4": 2.303e-05, "total": 0.0007693222141824663}