{"temporal0": 0.00069997, "temporal1": 1.507e-05, "temporal2": 1.727e-05, "temporal3": 1.806e-05, "temporal4": 0.00067023, "total": 0.0021418987307697535}