{"temporal0": 1.696e-05, "temporal1": 1.738e-05, "temporal2": 0.00066353, "temporal3": 1.977e-05, "temporal4": 1.973e-05, "total": 0.0007531183655373752}