{"temporal0": 1.258e-05, "temporal1": 0.00144167, "temporal2": 1.278e-05, "temporal3": 1.311e-05, "temporal4": 1.311e-05, "total": 0.0015036904951557517}