{"temporal0": 1.774e-05, "temporal1": 0.00132193, "temporal2": 2.125e-05, "temporal3": 2.247e-05, "temporal4": 2.304e-05, "total": 0.0014318095054477453}