{"temporal0": 0.00067053, "temporal1": 2.294e-05, "temporal2": 2.503e-05, "temporal3": 0.00064347, "temporal4": 2.532e-05, "total": 0.0020179362036287785}