{"temporal0": 2.137e-05, "temporal1": 0.00065702, "temporal2": 2.203e-05, "temporal3": 0.00066919, "temporal4": 2.348e-05, "total": 0.00141739787068218}