{"temporal0": 2.443e-05, "temporal1": 2.543e-05, "temporal2": 2.833e-05, "temporal3": 2.964e-05, "temporal4": 0.00063406, "total": 0.0007730543147772551}