{"temporal0": 2.4e-05, "temporal1": 2.389e-05, "temporal2": 0.00063328, "temporal3": 2.69e-05, "temporal4": 2.73e-05, "total": 0.0007597071817144752}