{"temporal0": 2.385e-05, "temporal1": 2.372e-05, "temporal2": 2.62e-05, "temporal3": 0.00063608, "temporal4": 0.00064994, "total": 0.001392199657857418}