{"temporal0": 0.00066051, "temporal1": 2.561e-05, "temporal2": 2.85e-05, "temporal3": 2.965e-05, "temporal4": 3.013e-05, "total": 0.0014047397999092937}