{"temporal0": 0.00069466, "temporal1": 1.669e-05, "temporal2": 1.835e-05, "temporal3": 0.00067498, "temporal4": 1.85e-05, "total": 0.0021510173100978136}