{"temporal0": 2.05e-05, "temporal1": 1.871e-05, "temporal2": 2.016e-05, "temporal3": 0.0006516, "temporal4": 0.00068253, "total": 0.0014162396546453238}