{"temporal0": 2.064e-05, "temporal1": 1.884e-05, "temporal2": 0.00134454, "temporal3": 1.916e-05, "temporal4": 1.826e-05, "total": 0.0014410068979486823}