{"temporal0": 2.116e-05, "temporal1": 2.11e-05, "temporal2": 0.00068361, "temporal3": 2.413e-05, "temporal4": 0.00063566, "total": 0.0014049038290977478}