{"temporal0": 0.00066518, "temporal1": 2.11e-05, "temporal2": 2.299e-05, "temporal3": 2.37e-05, "temporal4": 2.401e-05, "total": 0.0014244895428419113}