{"temporal0": 0.00066609, "temporal1": 1.907e-05, "temporal2": 2.141e-05, "temporal3": 0.00065509, "temporal4": 2.299e-05, "total": 0.002011386211961508}