{"temporal0": 1.724e-05, "temporal1": 0.0006627, "temporal2": 0.00068063, "temporal3": 2.091e-05, "temporal4": 2.11e-05, "total": 0.0014247242361307144}