{"temporal0": 0.00068968, "temporal1": 1.49e-05, "temporal2": 1.631e-05, "temporal3": 1.629e-05, "temporal4": 1.619e-05, "total": 0.001447152579203248}