{"temporal0": 1.273e-05, "temporal1": 0.00072072, "temporal2": 1.271e-05, "temporal3": 0.0007163, "temporal4": 1.254e-05, "total": 0.0014865564880892634}