{"temporal0": 1.826e-05, "temporal1": 0.00069057, "temporal2": 2.179e-05, "temporal3": 2.259e-05, "temporal4": 2.275e-05, "total": 0.0007955054752528667}