{"temporal0": 1.833e-05, "temporal1": 0.00067467, "temporal2": 2.09e-05, "temporal3": 2.182e-05, "temporal4": 0.00066572, "total": 0.0014140283456072211}