{"temporal0": 2.241e-05, "temporal1": 0.00064979, "temporal2": 2.633e-05, "temporal3": 2.728e-05, "temporal4": 0.00064699, "total": 0.0014021967072039843}