{"temporal0": 1.705e-05, "temporal1": 1.753e-05, "temporal2": 0.00066087, "temporal3": 2.027e-05, "temporal4": 2.081e-05, "total": 0.0007585608982481062}