{"temporal0": 0.00072487, "temporal1": 1.373e-05, "temporal2": 1.493e-05, "temporal3": 1.523e-05, "temporal4": 0.00071187, "total": 0.002210916019976139}