{"temporal0": 0.00066643, "temporal1": 2.068e-05, "temporal2": 0.00065434, "temporal3": 2.392e-05, "temporal4": 2.423e-05, "total": 0.00202379934489727}