{"temporal0": 2.139e-05, "temporal1": 0.00130424, "temporal2": 2.077e-05, "temporal3": 2.012e-05, "temporal4": 1.95e-05, "total": 0.0014114852529019117}