{"temporal0": 3.81e-06, "temporal1": 0.00150515, "temporal2": 4.3e-06, "temporal3": 4.6e-06, "temporal4": 4.67e-06, "total": 0.0015265096444636583}