{"temporal0": 0.00051388, "temporal1": 3.96e-06, "temporal2": 0.00051113, "temporal3": 0.0005101, "temporal4": 3.65e-06, "total": 0.0020548582542687654}