{"temporal0": 3.96e-06, "temporal1": 0.00075308, "temporal2": 4.14e-06, "temporal3": 4.3e-06, "temporal4": 0.00075168, "total": 0.0015220544300973415}