{"temporal0": 0.00153149, "temporal1": 3.64e-06, "temporal2": 4.03e-06, "temporal3": 4.24e-06, "temporal4": 4.36e-06, "total": 0.003075995249673724}