{"temporal0": 3.76e-06, "temporal1": 3.58e-06, "temporal2": 0.00075923, "temporal3": 3.91e-06, "temporal4": 0.00075507, "total": 0.0015302484389394522}