{"temporal0": 4.67e-06, "temporal1": 0.00051194, "temporal2": 0.00051044, "temporal3": 0.00051042, "temporal4": 3.58e-06, "total": 0.0015464040916413069}