{"temporal0": 4.95e-06, "temporal1": 4.59e-06, "temporal2": 0.00074837, "temporal3": 5.08e-06, "temporal4": 4.93e-06, "total": 0.0007732195663265884}