{"temporal0": 0.00051488, "temporal1": 3.64e-06, "temporal2": 0.00051225, "temporal3": 0.00050959, "temporal4": 3.66e-06, "total": 0.0020599677227437496}