{"temporal0": 4.08e-06, "temporal1": 4.29e-06, "temporal2": 0.00075316, "temporal3": 0.00074875, "temporal4": 5.28e-06, "total": 0.0015194473089650273}