{"temporal0": 4.66e-06, "temporal1": 0.00051263, "temporal2": 0.00050973, "temporal3": 3.65e-06, "temporal4": 0.00050917, "total": 0.0015443559968844056}