{"temporal0": 3.57e-06, "temporal1": 0.00075613, "temporal2": 3.95e-06, "temporal3": 4.17e-06, "temporal4": 0.00075055, "total": 0.0015211598947644234}