{"temporal0": 4.58e-06, "temporal1": 3.47e-06, "temporal2": 3.52e-06, "temporal3": 3.55e-06, "temporal4": 0.00152262, "total": 0.0015431031351909041}