{"temporal0": 4.94e-06, "temporal1": 3.53e-06, "temporal2": 0.00051007, "temporal3": 3.72e-06, "temporal4": 3.82e-06, "total": 0.0005307056708261371}