{"temporal0": 0.00051443, "temporal1": 3.95e-06, "temporal2": 0.00050951, "temporal3": 0.00051045, "temporal4": 3.65e-06, "total": 0.0020546438172459602}