{"temporal0": 4.56e-06, "temporal1": 0.00051066, "temporal2": 3.69e-06, "temporal3": 0.00051171, "temporal4": 0.00051049, "total": 0.001546042738482356}