{"temporal0": 0.00051366, "temporal1": 3.65e-06, "temporal2": 3.5e-06, "temporal3": 3.53e-06, "temporal4": 0.00051241, "total": 0.001552441855892539}