{"temporal0": 4.48e-06, "temporal1": 4.21e-06, "temporal2": 0.00075113, "temporal3": 4.71e-06, "temporal4": 0.00074879, "total": 0.0015185625525191426}