{"temporal0": 3.58e-06, "temporal1": 3.43e-06, "temporal2": 3.79e-06, "temporal3": 3.98e-06, "temporal4": 0.00075326, "total": 0.000771637016441673}