{"temporal0": 0.00075664, "temporal1": 3.81e-06, "temporal2": 4.16e-06, "temporal3": 4.32e-06, "temporal4": 0.0007585, "total": 0.002280263230204582}