{"temporal0": 3.97e-06, "temporal1": 3.97e-06, "temporal2": 4.33e-06, "temporal3": 0.00075878, "temporal4": 4.38e-06, "total": 0.0007797252619639039}