{"temporal0": 3.87e-06, "temporal1": 3.78e-06, "temporal2": 0.00075099, "temporal3": 0.00075002, "temporal4": 4.5e-06, "total": 0.001518324832431972}