{"temporal0": 4.91e-06, "temporal1": 3.36e-06, "temporal2": 3.46e-06, "temporal3": 3.53e-06, "temporal4": 0.00051018, "total": 0.000529635464772582}