{"temporal0": 3.97e-06, "temporal1": 3.75e-06, "temporal2": 0.00075345, "temporal3": 4.31e-06, "temporal4": 4.32e-06, "total": 0.0007744317990727723}