{"temporal0": 0.00051268, "temporal1": 0.00051186, "temporal2": 0.00051096, "temporal3": 3.35e-06, "temporal4": 3.53e-06, "total": 0.0020551641937345266}