{"temporal0": 0.00076008, "temporal1": 3.44e-06, "temporal2": 3.85e-06, "temporal3": 0.00075392, "temporal4": 4.23e-06, "total": 0.0022819642908871174}