{"temporal0": 0.0007597, "temporal1": 0.00075262, "temporal2": 4.21e-06, "temporal3": 4.46e-06, "temporal4": 4.48e-06, "total": 0.0022798588033765554}