{"temporal0": 4.4e-06, "temporal1": 0.00152716, "temporal2": 3.45e-06, "temporal3": 3.57e-06, "temporal4": 3.71e-06, "total": 0.0015456619439646602}