{"temporal0": 4.53e-06, "temporal1": 0.00051209, "temporal2": 3.2e-06, "temporal3": 0.00051119, "temporal4": 3.36e-06, "total": 0.001038131769746542}