{"temporal0": 4.47e-06, "temporal1": 0.00051029, "temporal2": 3.47e-06, "temporal3": 0.00050957, "temporal4": 3.91e-06, "total": 0.0010352568933740258}