{"temporal0": 0.00075563, "temporal1": 3.88e-06, "temporal2": 4.2e-06, "temporal3": 0.0007495, "temporal4": 4.15e-06, "total": 0.0022742089349776506}