{"temporal0": 0.00075718, "temporal1": 0.00075829, "temporal2": 5.07e-06, "temporal3": 5.47e-06, "temporal4": 5.43e-06, "total": 0.0022978386841714382}