{"temporal0": 4.57e-06, "temporal1": 4.56e-06, "temporal2": 4.97e-06, "temporal3": 0.00074908, "temporal4": 5.03e-06, "total": 0.0007740470464341342}