{"temporal0": 0.0007604, "temporal1": 3.71e-06, "temporal2": 4.2e-06, "temporal3": 0.0007532, "temporal4": 4.58e-06, "total": 0.00229435320943594}