{"temporal0": 3.84e-06, "temporal1": 0.00075111, "temporal2": 4.12e-06, "temporal3": 4.24e-06, "temporal4": 4.17e-06, "total": 0.0007725837058387697}