{"temporal0": 0.0007626, "temporal1": 4.14e-06, "temporal2": 4.77e-06, "temporal3": 5.09e-06, "temporal4": 5.13e-06, "total": 0.0015524652553722262}