{"temporal0": 0.00150654, "temporal1": 4.86e-06, "temporal2": 5.15e-06, "temporal3": 5.33e-06, "temporal4": 5.24e-06, "total": 0.003030965570360422}