{"temporal0": 4.05e-06, "temporal1": 3.78e-06, "temporal2": 0.00075201, "temporal3": 4.3e-06, "temporal4": 0.00075122, "total": 0.0015209296252578497}