{"temporal0": 0.00065715, "temporal1": 0.00066557, "temporal2": 2.365e-05, "temporal3": 2.45e-05, "temporal4": 2.495e-05, "total": 0.002026814268901944}