{"temporal0": 0.00068454, "temporal1": 1.808e-05, "temporal2": 1.957e-05, "temporal3": 1.989e-05, "temporal4": 0.00066839, "total": 0.0021102603059262037}