{"temporal0": 1.898e-05, "temporal1": 0.00065498, "temporal2": 1.81e-05, "temporal3": 1.762e-05, "temporal4": 0.00071884, "total": 0.00144454394467175}