{"temporal0": 1.935e-05, "temporal1": 1.786e-05, "temporal2": 1.881e-05, "temporal3": 0.00135074, "temporal4": 1.765e-05, "total": 0.0014427178539335728}