{"temporal0": 0.00066196, "temporal1": 1.766e-05, "temporal2": 1.85e-05, "temporal3": 1.86e-05, "temporal4": 0.00068404, "total": 0.0020575975067913532}