{"temporal0": 0.0006694, "temporal1": 2.01e-05, "temporal2": 0.00067117, "temporal3": 2.317e-05, "temporal4": 2.35e-05, "total": 0.002033535623922944}