{"temporal0": 1.866e-05, "temporal1": 1.87e-05, "temporal2": 0.00064176, "temporal3": 0.00068668, "temporal4": 2.172e-05, "total": 0.0014067940646782517}