{"temporal0": 2.098e-05, "temporal1": 0.00131168, "temporal2": 2.342e-05, "temporal3": 2.375e-05, "temporal4": 2.362e-05, "total": 0.0014242692850530148}