{"temporal0": 2.361e-05, "temporal1": 2.345e-05, "temporal2": 2.537e-05, "temporal3": 2.608e-05, "temporal4": 0.00127161, "total": 0.0013986647827550769}