{"temporal0": 2.67e-05, "temporal1": 0.00064926, "temporal2": 0.00064568, "temporal3": 2.881e-05, "temporal4": 2.816e-05, "total": 0.0014079727698117495}