{"temporal0": 0.00066513, "temporal1": 1.932e-05, "temporal2": 2.094e-05, "temporal3": 2.148e-05, "temporal4": 2.172e-05, "total": 0.001381480135023594}