{"temporal0": 0.00070395, "temporal1": 1.927e-05, "temporal2": 2.085e-05, "temporal3": 2.117e-05, "temporal4": 2.12e-05, "total": 0.001521188416518271}