{"temporal0": 1.649e-05, "temporal1": 1.593e-05, "temporal2": 0.00136042, "temporal3": 1.727e-05, "temporal4": 1.72e-05, "total": 0.0014466284774243832}