{"temporal0": 1.928e-05, "temporal1": 1.868e-05, "temporal2": 2.028e-05, "temporal3": 0.00065781, "temporal4": 0.00065877, "total": 0.0014059406239539385}