{"temporal0": 2.262e-05, "temporal1": 2.253e-05, "temporal2": 2.474e-05, "temporal3": 0.00065671, "temporal4": 2.615e-05, "total": 0.0007859083125367761}