{"temporal0": 1.445e-05, "temporal1": 0.00067934, "temporal2": 0.00068861, "temporal3": 1.728e-05, "temporal4": 1.677e-05, "total": 0.001426691422238946}