{"temporal0": 0.00073285, "temporal1": 1.578e-05, "temporal2": 1.703e-05, "temporal3": 0.00065029, "temporal4": 1.743e-05, "total": 0.002177305519580841}