{"temporal0": 1.549e-05, "temporal1": 0.00072554, "temporal2": 0.00066711, "temporal3": 1.56e-05, "temporal4": 1.57e-05, "total": 0.0014607477933168411}