{"temporal0": 2.228e-05, "temporal1": 2.161e-05, "temporal2": 2.379e-05, "temporal3": 0.00066664, "temporal4": 2.53e-05, "total": 0.0007840828038752079}