{"temporal0": 0.00132413, "temporal1": 1.819e-05, "temporal2": 1.998e-05, "temporal3": 2.088e-05, "temporal4": 2.132e-05, "total": 0.002641434548422694}