{"temporal0": 1.586e-05, "temporal1": 1.517e-05, "temporal2": 1.622e-05, "temporal3": 1.648e-05, "temporal4": 0.00066382, "total": 0.0007459539920091629}