{"temporal0": 0.00072935, "temporal1": 1.159e-05, "temporal2": 1.236e-05, "temporal3": 1.253e-05, "temporal4": 0.00072073, "total": 0.0022214986383914948}