{"temporal0": 0.00070618, "temporal1": 1.227e-05, "temporal2": 1.321e-05, "temporal3": 0.00072224, "temporal4": 1.295e-05, "total": 0.0021980819292366505}