{"temporal0": 1.488e-05, "temporal1": 1.436e-05, "temporal2": 0.00068159, "temporal3": 1.61e-05, "temporal4": 1.62e-05, "total": 0.0007546098786406219}