{"temporal0": 0.00069468, "temporal1": 1.506e-05, "temporal2": 1.633e-05, "temporal3": 1.661e-05, "temporal4": 0.00067149, "total": 0.0021211043931543827}