{"temporal0": 0.00066705, "temporal1": 1.631e-05, "temporal2": 1.792e-05, "temporal3": 1.87e-05, "temporal4": 0.00069452, "total": 0.0020466449204832315}