{"temporal0": 1.876e-05, "temporal1": 0.00068173, "temporal2": 0.00066443, "temporal3": 2.038e-05, "temporal4": 2.076e-05, "total": 0.0014389363350346684}