{"temporal0": 1.542e-05, "temporal1": 0.00072894, "temporal2": 1.617e-05, "temporal3": 0.00065432, "temporal4": 1.687e-05, "total": 0.0014507996384054422}