{"temporal0": 0.00068042, "temporal1": 0.00067037, "temporal2": 1.844e-05, "temporal3": 1.862e-05, "temporal4": 1.856e-05, "total": 0.002037524711340666}