{"temporal0": 1.931e-05, "temporal1": 1.787e-05, "temporal2": 0.00067562, "temporal3": 2.013e-05, "temporal4": 2.056e-05, "total": 0.0007874233415350318}