{"temporal0": 0.00068878, "temporal1": 1.675e-05, "temporal2": 1.861e-05, "temporal3": 1.955e-05, "temporal4": 2.011e-05, "total": 0.001407067640684545}