{"temporal0": 1.848e-05, "temporal1": 1.6e-05, "temporal2": 1.668e-05, "temporal3": 0.0006818, "temporal4": 1.681e-05, "total": 0.0007670330232940614}