{"temporal0": 1.824e-05, "temporal1": 0.00068998, "temporal2": 1.794e-05, "temporal3": 1.83e-05, "temporal4": 0.00065803, "total": 0.0014258010778576136}