{"temporal0": 1.83e-05, "temporal1": 1.613e-05, "temporal2": 1.715e-05, "temporal3": 0.00067173, "temporal4": 0.00068395, "total": 0.0014320740010589361}