{"temporal0": 1.723e-05, "temporal1": 1.552e-05, "temporal2": 0.00072822, "temporal3": 1.651e-05, "temporal4": 0.00065638, "total": 0.0014566469471901655}