{"temporal0": 1.803e-05, "temporal1": 1.666e-05, "temporal2": 1.794e-05, "temporal3": 0.00069713, "temporal4": 1.854e-05, "total": 0.0007881094352342188}