{"temporal0": 0.00067137, "temporal1": 2.085e-05, "temporal2": 2.228e-05, "temporal3": 2.271e-05, "temporal4": 0.00066095, "total": 0.0020389666315168142}