{"temporal0": 0.00067417, "temporal1": 0.00066535, "temporal2": 1.996e-05, "temporal3": 2.008e-05, "temporal4": 1.991e-05, "total": 0.00206766277551651}