{"temporal0": 2.173e-05, "temporal1": 2.036e-05, "temporal2": 0.00065877, "temporal3": 0.0006579, "temporal4": 2.288e-05, "total": 0.0014126833993941545}