{"temporal0": 1.675e-05, "temporal1": 0.00066069, "temporal2": 0.00069965, "temporal3": 1.754e-05, "temporal4": 1.743e-05, "total": 0.001433992525562644}