{"temporal0": 1.776e-05, "temporal1": 1.613e-05, "temporal2": 1.688e-05, "temporal3": 0.00065838, "temporal4": 1.618e-05, "total": 0.0007451609708368778}