{"temporal0": 2.114e-05, "temporal1": 2.005e-05, "temporal2": 0.00065726, "temporal3": 2.164e-05, "temporal4": 2.126e-05, "total": 0.0007688426412642002}