{"temporal0": 1.409e-05, "temporal1": 0.0013812, "temporal2": 1.465e-05, "temporal3": 1.461e-05, "temporal4": 1.416e-05, "total": 0.0014458675868809223}