{"temporal0": 5.92e-06, "temporal1": 6.83e-06, "temporal2": 0.00075222, "temporal3": 8.28e-06, "temporal4": 0.00072792, "total": 0.0015072037931531668}