{"temporal0": 6.83e-06, "temporal1": 6.31e-06, "temporal2": 0.00073491, "temporal3": 7.28e-06, "temporal4": 0.00073312, "total": 0.001497276360169053}