{"temporal0": 4.95e-06, "temporal1": 0.00050466, "temporal2": 4.51e-06, "temporal3": 4.76e-06, "temporal4": 4.94e-06, "total": 0.0005312535213306546}