{"temporal0": 0.00075688, "temporal1": 0.00073312, "temporal2": 7.07e-06, "temporal3": 7.31e-06, "temporal4": 7.27e-06, "total": 0.0022737309336662292}