{"temporal0": 4.62e-06, "temporal1": 0.00050364, "temporal2": 0.00050378, "temporal3": 0.00050192, "temporal4": 5.01e-06, "total": 0.0015251401346176863}