{"temporal0": 4.6e-06, "temporal1": 4.96e-06, "temporal2": 0.00050288, "temporal3": 5.01e-06, "temporal4": 5.17e-06, "total": 0.0005270121619105339}