{"temporal0": 0.00151233, "temporal1": 4.01e-06, "temporal2": 4.32e-06, "temporal3": 4.56e-06, "temporal4": 4.75e-06, "total": 0.0030491689685732126}