{"temporal0": 0.00074405, "temporal1": 0.00073737, "temporal2": 7.99e-06, "temporal3": 8.6e-06, "temporal4": 8.77e-06, "total": 0.0022382382303476334}