{"temporal0": 3.96e-06, "temporal1": 3.89e-06, "temporal2": 4.05e-06, "temporal3": 4.29e-06, "temporal4": 0.00150359, "total": 0.001523567014373839}