{"temporal0": 4.56e-06, "temporal1": 0.00050408, "temporal2": 4.22e-06, "temporal3": 4.6e-06, "temporal4": 0.00050391, "total": 0.0010263014119118452}