{"temporal0": 0.00050661, "temporal1": 0.0005045, "temporal2": 0.00050245, "temporal3": 4.53e-06, "temporal4": 4.77e-06, "total": 0.002026638714596629}