{"temporal0": 0.00050817, "temporal1": 0.00050587, "temporal2": 0.00050057, "temporal3": 4.44e-06, "temporal4": 4.67e-06, "total": 0.0020276124123483896}