{"temporal0": 0.00073798, "temporal1": 0.00074166, "temporal2": 7.59e-06, "temporal3": 7.86e-06, "temporal4": 7.8e-06, "total": 0.0022390822414308786}