{"temporal0": 0.00074557, "temporal1": 0.0007454, "temporal2": 6.67e-06, "temporal3": 7.15e-06, "temporal4": 7.37e-06, "total": 0.0022382321767508984}