{"temporal0": 0.00051054, "temporal1": 3.44e-06, "temporal2": 0.00050437, "temporal3": 3.97e-06, "temporal4": 0.00050367, "total": 0.002041894244030118}