{"temporal0": 0.00074306, "temporal1": 6.94e-06, "temporal2": 8.14e-06, "temporal3": 0.00073276, "temporal4": 8.89e-06, "total": 0.002231174847111106}