{"temporal0": 5.95e-06, "temporal1": 0.00073708, "temporal2": 6.69e-06, "temporal3": 0.00074144, "temporal4": 7.3e-06, "total": 0.001506241038441658}