{"temporal0": 4.53e-06, "temporal1": 0.00050853, "temporal2": 0.00050827, "temporal3": 0.00049991, "temporal4": 4.71e-06, "total": 0.001530162408016622}