{"temporal0": 7.39e-06, "temporal1": 0.00075236, "temporal2": 0.00073232, "temporal3": 7.56e-06, "temporal4": 7.53e-06, "total": 0.0015157060697674751}