{"temporal0": 6.19e-06, "temporal1": 6.19e-06, "temporal2": 0.00074065, "temporal3": 7.22e-06, "temporal4": 7.32e-06, "total": 0.0007780958549119532}