{"temporal0": 6.37e-06, "temporal1": 5.88e-06, "temporal2": 6.45e-06, "temporal3": 0.00075168, "temporal4": 0.00075174, "total": 0.0015257305931299925}