{"temporal0": 4.43e-06, "temporal1": 3.83e-06, "temporal2": 0.0005032, "temporal3": 0.00050157, "temporal4": 4.67e-06, "total": 0.001023795222863555}