{"temporal0": 5.9e-06, "temporal1": 0.00074024, "temporal2": 6.53e-06, "temporal3": 0.0007353, "temporal4": 6.95e-06, "total": 0.0015024032909423113}