{"temporal0": 6.6e-06, "temporal1": 5.93e-06, "temporal2": 6.15e-06, "temporal3": 6.2e-06, "temporal4": 0.00074205, "total": 0.0007716943509876728}