{"temporal0": 6.85e-06, "temporal1": 6.9e-06, "temporal2": 7.63e-06, "temporal3": 7.9e-06, "temporal4": 0.0007339, "total": 0.0007740302244201303}