{"temporal0": 3.81e-06, "temporal1": 0.00050249, "temporal2": 4.21e-06, "temporal3": 0.0005091, "temporal4": 0.00050057, "total": 0.0015261713415384293}