{"temporal0": 0.00074745, "temporal1": 5.35e-06, "temporal2": 5.9e-06, "temporal3": 6.19e-06, "temporal4": 0.00074092, "total": 0.0022384338080883026}