{"temporal0": 0.00074356, "temporal1": 5.92e-06, "temporal2": 0.00073423, "temporal3": 6.61e-06, "temporal4": 6.65e-06, "total": 0.0022515731398016214}