{"temporal0": 6.46e-06, "temporal1": 6.38e-06, "temporal2": 0.00073031, "temporal3": 7.25e-06, "temporal4": 7.28e-06, "total": 0.0007667199242860079}