{"temporal0": 0.00050491, "temporal1": 3.6e-06, "temporal2": 4e-06, "temporal3": 4.28e-06, "temporal4": 0.00050252, "total": 0.0015248912386596203}