{"temporal0": 6.39e-06, "temporal1": 5.74e-06, "temporal2": 6.04e-06, "temporal3": 0.00146808, "temporal4": 6.11e-06, "total": 0.0015001054853200912}