{"temporal0": 0.00050716, "temporal1": 3.47e-06, "temporal2": 3.87e-06, "temporal3": 0.00100301, "temporal4": 4.64e-06, "total": 0.002025826368480921}