{"temporal0": 0.00074775, "temporal1": 6.41e-06, "temporal2": 6.92e-06, "temporal3": 7.29e-06, "temporal4": 7.27e-06, "total": 0.0015385346487164497}