{"temporal0": 4.2e-06, "temporal1": 3.98e-06, "temporal2": 4.35e-06, "temporal3": 0.00149612, "temporal4": 5e-06, "total": 0.0015186978271231055}