{"temporal0": 5.57e-06, "temporal1": 5.81e-06, "temporal2": 0.00074455, "temporal3": 0.00072977, "temporal4": 6.96e-06, "total": 0.001498615718446672}