{"temporal0": 5.6e-06, "temporal1": 5.87e-06, "temporal2": 6.54e-06, "temporal3": 6.74e-06, "temporal4": 0.00145954, "total": 0.0014894151827320457}