{"temporal0": 8.41e-06, "temporal1": 0.00145751, "temporal2": 8.85e-06, "temporal3": 8.95e-06, "temporal4": 8.74e-06, "total": 0.0015004288870841265}