{"temporal0": 0.00071585, "temporal1": 1.081e-05, "temporal2": 1.155e-05, "temporal3": 1.178e-05, "temporal4": 1.169e-05, "total": 0.001470612594857812}