{"temporal0": 0.00072132, "temporal1": 1.089e-05, "temporal2": 0.00070756, "temporal3": 1.217e-05, "temporal4": 1.216e-05, "total": 0.0021590145770460367}