{"temporal0": 9.83e-06, "temporal1": 1.018e-05, "temporal2": 0.0007105, "temporal3": 1.192e-05, "temporal4": 1.214e-05, "total": 0.0007721327128820121}