{"temporal0": 7.6e-06, "temporal1": 7.76e-06, "temporal2": 8.57e-06, "temporal3": 0.00143275, "temporal4": 8.97e-06, "total": 0.001472414005547762}