{"temporal0": 8.8e-06, "temporal1": 8.99e-06, "temporal2": 0.0007191, "temporal3": 1.052e-05, "temporal4": 0.00071874, "total": 0.001483437605202198}