{"temporal0": 0.0007375, "temporal1": 0.00071437, "temporal2": 9.74e-06, "temporal3": 1.013e-05, "temporal4": 1.033e-05, "total": 0.00223585800267756}