{"temporal0": 0.00146637, "temporal1": 7.5e-06, "temporal2": 8e-06, "temporal3": 8.01e-06, "temporal4": 7.98e-06, "total": 0.0029746522195637226}