{"temporal0": 8.12e-06, "temporal1": 8.04e-06, "temporal2": 8.86e-06, "temporal3": 9.31e-06, "temporal4": 0.00072713, "total": 0.0007730033830739558}