{"temporal0": 8.42e-06, "temporal1": 8.43e-06, "temporal2": 0.00073015, "temporal3": 9.52e-06, "temporal4": 9.54e-06, "total": 0.0007733141537755728}