{"temporal0": 0.00072193, "temporal1": 9.11e-06, "temporal2": 9.8e-06, "temporal3": 0.00071943, "temporal4": 1.026e-05, "total": 0.002160653006285429}