{"temporal0": 1.108e-05, "temporal1": 1.009e-05, "temporal2": 1.068e-05, "temporal3": 1.088e-05, "temporal4": 0.00074568, "total": 0.0008015563362278044}