{"temporal0": 0.00072705, "temporal1": 9.6e-06, "temporal2": 1.025e-05, "temporal3": 1.051e-05, "temporal4": 0.00071213, "total": 0.0021624232176691294}