{"temporal0": 9.72e-06, "temporal1": 0.00073098, "temporal2": 0.0007146, "temporal3": 9e-06, "temporal4": 8.87e-06, "total": 0.0014819977805018425}