{"temporal0": 1.181e-05, "temporal1": 1.138e-05, "temporal2": 1.215e-05, "temporal3": 0.00140411, "temporal4": 1.225e-05, "total": 0.001468527247197926}