{"temporal0": 1.257e-05, "temporal1": 1.173e-05, "temporal2": 1.235e-05, "temporal3": 1.259e-05, "temporal4": 0.00140386, "total": 0.001473226468078792}