{"temporal0": 0.00071612, "temporal1": 0.00071228, "temporal2": 1.219e-05, "temporal3": 1.261e-05, "temporal4": 1.275e-05, "total": 0.0021590744145214558}