{"temporal0": 9.66e-06, "temporal1": 0.00072259, "temporal2": 9.86e-06, "temporal3": 1.027e-05, "temporal4": 0.00071254, "total": 0.0014843286480754614}