{"temporal0": 9.95e-06, "temporal1": 0.00070942, "temporal2": 9.67e-06, "temporal3": 0.00074695, "temporal4": 9.4e-06, "total": 0.0014976145466789603}