{"temporal0": 1.028e-05, "temporal1": 9.34e-06, "temporal2": 0.00074526, "temporal3": 0.00070893, "temporal4": 9.81e-06, "total": 0.001496736309491098}