{"temporal0": 1.174e-05, "temporal1": 1.171e-05, "temporal2": 0.00140714, "temporal3": 1.3e-05, "temporal4": 1.311e-05, "total": 0.0014736618613824248}