{"temporal0": 0.00018918, "temporal1": 0.00015526, "temporal2": 0.00064648, "temporal3": 0.00012708, "temporal4": 0.00114783, "total": 0.002287000883370638}