{"temporal0": 0.00018316, "temporal1": 0.00014485, "temporal2": 0.00063392, "temporal3": 0.00011487, "temporal4": 0.00011326, "total": 0.0012104390189051628}