{"temporal0": 3.247e-05, "temporal1": 0.00078461, "temporal2": 1.507e-05, "temporal3": 0.00078266, "temporal4": 1.441e-05, "total": 0.001638141111470759}