{"temporal0": 0.00069927, "temporal1": 0.00015364, "temporal2": 0.00013171, "temporal3": 0.00012368, "temporal4": 0.00114357, "total": 0.0027874307706952095}