{"temporal0": 0.0001741, "temporal1": 0.00115696, "temporal2": 0.00011295, "temporal3": 0.00010598, "temporal4": 0.00061658, "total": 0.002186479279771447}