{"temporal0": 2.905e-05, "temporal1": 1.605e-05, "temporal2": 1.305e-05, "temporal3": 0.00078173, "temporal4": 0.00078183, "total": 0.0016299006529152393}