{"temporal0": 2.538e-05, "temporal1": 1.398e-05, "temporal2": 0.00078071, "temporal3": 0.00077983, "temporal4": 1.114e-05, "total": 0.0016198204830288887}