{"temporal0": 0.00071264, "temporal1": 0.00068076, "temporal2": 0.00015109, "temporal3": 0.00014277, "temporal4": 0.00065138, "total": 0.0028756139799952507}