{"temporal0": 0.00017604, "temporal1": 0.0006483, "temporal2": 0.00011609, "temporal3": 0.00010911, "temporal4": 0.00061959, "total": 0.0016892326530069113}