{"temporal0": 0.00121283, "temporal1": 0.00067045, "temporal2": 0.00013947, "temporal3": 0.00013156, "temporal4": 0.00012985, "total": 0.0033365667331963778}