{"temporal0": 2.958e-05, "temporal1": 1.676e-05, "temporal2": 1.385e-05, "temporal3": 1.333e-05, "temporal4": 0.00078193, "total": 0.0008642798638902605}