{"temporal0": 0.00069569, "temporal1": 0.00065958, "temporal2": 0.0001277, "temporal3": 0.00011995, "temporal4": 0.00011863, "total": 0.0022564264945685863}