{"temporal0": 0.00020095, "temporal1": 0.00016745, "temporal2": 0.00065717, "temporal3": 0.00116011, "temporal4": 0.00013664, "total": 0.0023441037628799677}