{"temporal0": 0.00079096, "temporal1": 1.32e-05, "temporal2": 0.00077993, "temporal3": 1.084e-05, "temporal4": 1.079e-05, "total": 0.0023851171135902405}