{"temporal0": 0.00156053, "temporal1": 1.533e-05, "temporal2": 1.267e-05, "temporal3": 1.224e-05, "temporal4": 1.218e-05, "total": 0.0031682453118264675}