{"temporal0": 0.00020839, "temporal1": 0.00017701, "temporal2": 0.00117648, "temporal3": 0.00014815, "temporal4": 0.00014685, "total": 0.001879570889286697}