{"temporal0": 2.397e-05, "temporal1": 1.278e-05, "temporal2": 0.00154696, "temporal3": 1.007e-05, "temporal4": 1.001e-05, "total": 0.0016145973931998014}