{"temporal0": 0.00079312, "temporal1": 1.476e-05, "temporal2": 1.222e-05, "temporal3": 1.177e-05, "temporal4": 1.174e-05, "total": 0.0016241139965131879}