{"temporal0": 0.00079018, "temporal1": 1.287e-05, "temporal2": 0.00077932, "temporal3": 1.041e-05, "temporal4": 1.039e-05, "total": 0.002382477279752493}