{"temporal0": 3.054e-05, "temporal1": 0.00078437, "temporal2": 1.436e-05, "temporal3": 0.00078165, "temporal4": 1.377e-05, "total": 0.0016333851963281631}