{"temporal0": 2.157e-05, "temporal1": 0.00077838, "temporal2": 1.014e-05, "temporal3": 9.81e-06, "temporal4": 9.79e-06, "total": 0.0008402618113905191}