{"temporal0": 0.00067348, "temporal1": 0.00012233, "temporal2": 9.999e-05, "temporal3": 0.00111963, "temporal4": 9.215e-05, "total": 0.002639786107465625}