{"temporal0": 1.606e-05, "temporal1": 9.13e-06, "temporal2": 0.00077668, "temporal3": 7.62e-06, "temporal4": 0.00077747, "total": 0.0015949136577546597}