{"temporal0": 0.0007873, "temporal1": 1.224e-05, "temporal2": 1.031e-05, "temporal3": 9.97e-06, "temporal4": 0.00077774, "total": 0.0023751838598400354}