{"temporal0": 2.192e-05, "temporal1": 1.151e-05, "temporal2": 9.53e-06, "temporal3": 0.0007776, "temporal4": 0.00077769, "total": 0.0016079843044281006}