{"temporal0": 0.00078592, "temporal1": 1.025e-05, "temporal2": 8.68e-06, "temporal3": 8.38e-06, "temporal4": 8.31e-06, "total": 0.0016016841400414705}