{"temporal0": 1.687e-05, "temporal1": 9.52e-06, "temporal2": 8.27e-06, "temporal3": 0.00077747, "temporal4": 0.00077773, "total": 0.001598395872861147}