{"temporal0": 0.00067649, "temporal1": 0.00012622, "temporal2": 0.00010394, "temporal3": 0.00061073, "temporal4": 9.573e-05, "total": 0.0021463099401444197}