{"temporal0": 0.00068289, "temporal1": 0.00013179, "temporal2": 0.00010916, "temporal3": 0.0006154, "temporal4": 0.00010057, "total": 0.002172185340896249}