{"temporal0": 0.00078401, "temporal1": 9.35e-06, "temporal2": 8.06e-06, "temporal3": 7.88e-06, "temporal4": 7.83e-06, "total": 0.0015973331173881888}