{"temporal0": 1.993e-05, "temporal1": 0.00077812, "temporal2": 0.00077723, "temporal3": 8.91e-06, "temporal4": 8.83e-06, "total": 0.0016020649345591664}