{"temporal0": 1.565e-05, "temporal1": 0.00077624, "temporal2": 7.89e-06, "temporal3": 0.0007762, "temporal4": 7.68e-06, "total": 0.0015914223622530699}