{"temporal0": 0.00015989, "temporal1": 0.00011862, "temporal2": 0.00112235, "temporal3": 0.00060297, "temporal4": 8.933e-05, "total": 0.002111899433657527}