{"temporal0": 1.885e-05, "temporal1": 0.00077817, "temporal2": 9.05e-06, "temporal3": 8.77e-06, "temporal4": 8.74e-06, "total": 0.0008325289818458259}