{"temporal0": 0.00015591, "temporal1": 0.00164854, "temporal2": 9.282e-05, "temporal3": 8.679e-05, "temporal4": 8.615e-05, "total": 0.0020888459403067827}