{"temporal0": 1.537e-05, "temporal1": 9.12e-06, "temporal2": 8.16e-06, "temporal3": 8.05e-06, "temporal4": 0.00077504, "total": 0.0008233964908868074}