{"temporal0": 1.493e-05, "temporal1": 0.0015436, "temporal2": 7.7e-06, "temporal3": 7.56e-06, "temporal4": 7.49e-06, "total": 0.0015885574975982308}