{"temporal0": 3.82e-06, "temporal1": 3.72e-06, "temporal2": 0.00075029, "temporal3": 4.29e-06, "temporal4": 0.00075344, "total": 0.001520376419648528}