{"temporal0": 4.24e-06, "temporal1": 3.7e-06, "temporal2": 0.0007543, "temporal3": 0.00075401, "temporal4": 4.29e-06, "total": 0.0015265068504959345}