{"temporal0": 4.49e-06, "temporal1": 0.00051098, "temporal2": 3.59e-06, "temporal3": 3.72e-06, "temporal4": 0.00050959, "total": 0.0010361853055655956}