{"temporal0": 3.95e-06, "temporal1": 3.41e-06, "temporal2": 0.0005099, "temporal3": 3.76e-06, "temporal4": 3.94e-06, "total": 0.0005283099017105997}