{"temporal0": 3.92e-06, "temporal1": 0.00051056, "temporal2": 3.48e-06, "temporal3": 0.00050973, "temporal4": 0.00050782, "total": 0.001538876909762621}