{"temporal0": 3.76e-06, "temporal1": 0.00051083, "temporal2": 3.33e-06, "temporal3": 0.00101356, "temporal4": 3.49e-06, "total": 0.001538070966489613}