{"temporal0": 0.00076274, "temporal1": 4.22e-06, "temporal2": 4.66e-06, "temporal3": 4.83e-06, "temporal4": 4.79e-06, "total": 0.0015524458140134811}