{"temporal0": 0.00051249, "temporal1": 3.57e-06, "temporal2": 0.00101718, "temporal3": 3.63e-06, "temporal4": 3.71e-06, "total": 0.0020551017951220274}