{"temporal0": 3.71e-06, "temporal1": 0.00050969, "temporal2": 0.00050855, "temporal3": 0.00050909, "temporal4": 3.66e-06, "total": 0.0015377119416370988}