{"temporal0": 0.00051253, "temporal1": 3.39e-06, "temporal2": 3.59e-06, "temporal3": 3.85e-06, "temporal4": 0.00050905, "total": 0.001545281382277608}