{"temporal0": 0.00075923, "temporal1": 0.00075108, "temporal2": 4.44e-06, "temporal3": 4.65e-06, "temporal4": 4.7e-06, "total": 0.002280520973727107}