{"temporal0": 4.07e-06, "temporal1": 0.00051224, "temporal2": 0.00050963, "temporal3": 3.46e-06, "temporal4": 0.00050923, "total": 0.0015419513219967484}