{"temporal0": 0.00051364, "temporal1": 3.44e-06, "temporal2": 3.55e-06, "temporal3": 3.7e-06, "temporal4": 0.00050792, "total": 0.0015442974399775267}