{"temporal0": 4.31e-06, "temporal1": 0.00075369, "temporal2": 4.61e-06, "temporal3": 4.78e-06, "temporal4": 4.75e-06, "total": 0.0007758421124890447}