{"temporal0": 3.79e-06, "temporal1": 3.09e-06, "temporal2": 3.26e-06, "temporal3": 3.42e-06, "temporal4": 0.0010164, "total": 0.001033017528243363}