{"temporal0": 4.3e-06, "temporal1": 0.00075201, "temporal2": 0.00075927, "temporal3": 4.53e-06, "temporal4": 4.44e-06, "total": 0.001528932130895555}