{"temporal0": 4.12e-06, "temporal1": 3.87e-06, "temporal2": 4.29e-06, "temporal3": 4.48e-06, "temporal4": 0.00074942, "total": 0.0007711877697147429}