{"temporal0": 0.0007568, "temporal1": 4.19e-06, "temporal2": 4.7e-06, "temporal3": 0.00075148, "temporal4": 4.91e-06, "total": 0.002275677863508463}