{"temporal0": 0.00075677, "temporal1": 4.04e-06, "temporal2": 4.35e-06, "temporal3": 0.00074634, "temporal4": 4.38e-06, "total": 0.0022768687922507524}