{"temporal0": 0.00152856, "temporal1": 3.66e-06, "temporal2": 3.56e-06, "temporal3": 3.64e-06, "temporal4": 3.79e-06, "total": 0.0030683691147714853}