{"temporal0": 0.00051278, "temporal1": 0.00050879, "temporal2": 3.57e-06, "temporal3": 0.0005081, "temporal4": 3.89e-06, "total": 0.0020492705516517162}