{"temporal0": 4.08e-06, "temporal1": 0.00050962, "temporal2": 0.0005076, "temporal3": 0.00051114, "temporal4": 3.8e-06, "total": 0.0015402314020320773}