{"temporal0": 0.00075505, "temporal1": 3.98e-06, "temporal2": 0.00075314, "temporal3": 4.46e-06, "temporal4": 4.43e-06, "total": 0.0022702033165842295}