{"temporal0": 5.13e-06, "temporal1": 4.37e-06, "temporal2": 0.0007489, "temporal3": 0.00074797, "temporal4": 4.53e-06, "total": 0.001517476630397141}