{"temporal0": 4.98e-06, "temporal1": 4.26e-06, "temporal2": 4.52e-06, "temporal3": 0.00074975, "temporal4": 0.00074779, "total": 0.001518303994089365}