{"temporal0": 3.76e-06, "temporal1": 3.69e-06, "temporal2": 3.99e-06, "temporal3": 4.06e-06, "temporal4": 0.00149608, "total": 0.001517293625511229}