{"temporal0": 4.96e-06, "temporal1": 4.06e-06, "temporal2": 4.21e-06, "temporal3": 4.32e-06, "temporal4": 0.0015058, "total": 0.0015269932337105274}