{"temporal0": 4.7e-06, "temporal1": 0.00075276, "temporal2": 0.00074726, "temporal3": 4.18e-06, "temporal4": 4.13e-06, "total": 0.0015198998153209686}