{"temporal0": 0.00075366, "temporal1": 4.4e-06, "temporal2": 4.69e-06, "temporal3": 4.86e-06, "temporal4": 4.83e-06, "total": 0.0015214678132906556}