{"temporal0": 0.0007573, "temporal1": 4.26e-06, "temporal2": 4.64e-06, "temporal3": 0.00075705, "temporal4": 4.67e-06, "total": 0.0022913829889148474}