{"temporal0": 4.41e-06, "temporal1": 0.00075452, "temporal2": 3.89e-06, "temporal3": 3.96e-06, "temporal4": 4.06e-06, "total": 0.0007771447417326272}