{"temporal0": 0.00051423, "temporal1": 3.41e-06, "temporal2": 0.00050899, "temporal3": 0.00050865, "temporal4": 3.85e-06, "total": 0.0020551506895571947}