{"temporal0": 0.00102049, "temporal1": 3.65e-06, "temporal2": 3.84e-06, "temporal3": 3.94e-06, "temporal4": 4.05e-06, "total": 0.0020563718862831593}