{"temporal0": 0.00075186, "temporal1": 0.00074742, "temporal2": 5.3e-06, "temporal3": 5.33e-06, "temporal4": 5.08e-06, "total": 0.0022678731475025415}