{"temporal0": 5.6e-06, "temporal1": 0.00075788, "temporal2": 4.64e-06, "temporal3": 0.00074781, "temporal4": 4.58e-06, "total": 0.001525472616776824}