{"temporal0": 5.62e-06, "temporal1": 5.17e-06, "temporal2": 0.00148948, "temporal3": 5.7e-06, "temporal4": 5.56e-06, "total": 0.00151726882904768}