{"temporal0": 6.25e-06, "temporal1": 0.00148381, "temporal2": 7.4e-06, "temporal3": 7.65e-06, "temporal4": 7.7e-06, "total": 0.0015189890982583165}