{"temporal0": 4.32e-06, "temporal1": 3.66e-06, "temporal2": 0.00050433, "temporal3": 4.92e-06, "temporal4": 0.00099667, "total": 0.001518812496215105}