{"temporal0": 3.64e-06, "temporal1": 3.43e-06, "temporal2": 0.00050825, "temporal3": 0.00050093, "temporal4": 0.00050772, "total": 0.001527157612144947}