{"temporal0": 4.92e-06, "temporal1": 0.00074627, "temporal2": 5.99e-06, "temporal3": 6.4e-06, "temporal4": 6.53e-06, "total": 0.0007752345409244299}