{"temporal0": 0.0005086, "temporal1": 0.00050462, "temporal2": 4.35e-06, "temporal3": 4.9e-06, "temporal4": 5.3e-06, "total": 0.0015328050358220935}