{"temporal0": 5.79e-06, "temporal1": 0.00074414, "temporal2": 0.00073103, "temporal3": 7.34e-06, "temporal4": 7.34e-06, "total": 0.0015034829266369343}