{"temporal0": 0.00050716, "temporal1": 3.57e-06, "temporal2": 4.22e-06, "temporal3": 0.00100442, "temporal4": 4.95e-06, "total": 0.0020289260428398848}