{"temporal0": 4.15e-06, "temporal1": 0.00050405, "temporal2": 4.35e-06, "temporal3": 4.91e-06, "temporal4": 0.00050146, "total": 0.001023540971800685}