{"temporal0": 0.0005067, "temporal1": 3.71e-06, "temporal2": 0.00050227, "temporal3": 4.83e-06, "temporal4": 5.12e-06, "total": 0.0015306376153603196}