{"temporal0": 0.00074976, "temporal1": 5.17e-06, "temporal2": 0.00073639, "temporal3": 5.99e-06, "temporal4": 6.06e-06, "total": 0.002237511333078146}