{"temporal0": 6.55e-06, "temporal1": 7.15e-06, "temporal2": 8.1e-06, "temporal3": 8.56e-06, "temporal4": 0.00072988, "total": 0.0007685453165322542}