{"temporal0": 5.65e-06, "temporal1": 6.03e-06, "temporal2": 6.8e-06, "temporal3": 0.00073002, "temporal4": 7.07e-06, "total": 0.0007608639425598085}