{"temporal0": 0.00050673, "temporal1": 3.56e-06, "temporal2": 4.18e-06, "temporal3": 0.00100053, "temporal4": 4.89e-06, "total": 0.0020243360195308924}