{"temporal0": 4.78e-06, "temporal1": 5.2e-06, "temporal2": 0.00074463, "temporal3": 6.25e-06, "temporal4": 0.00073615, "total": 0.0015018057310953736}