{"temporal0": 0.00074653, "temporal1": 5.8e-06, "temporal2": 0.00073558, "temporal3": 7.25e-06, "temporal4": 7.43e-06, "total": 0.0022354680113494396}