{"temporal0": 0.00074299, "temporal1": 5.87e-06, "temporal2": 6.56e-06, "temporal3": 0.00074244, "temporal4": 6.97e-06, "total": 0.002236893167719245}