{"temporal0": 3.61e-06, "temporal1": 0.0005057, "temporal2": 0.00050267, "temporal3": 4.79e-06, "temporal4": 5.13e-06, "total": 0.0010254918597638607}