{"temporal0": 3.7e-06, "temporal1": 3.4e-06, "temporal2": 3.96e-06, "temporal3": 0.00050415, "temporal4": 0.00100046, "total": 0.0015199740882962942}