{"temporal0": 0.00050539, "temporal1": 0.00101061, "temporal2": 4.46e-06, "temporal3": 4.98e-06, "temporal4": 5.32e-06, "total": 0.002036531688645482}