{"temporal0": 0.00074203, "temporal1": 0.00073563, "temporal2": 7.19e-06, "temporal3": 7.39e-06, "temporal4": 7.21e-06, "total": 0.0022398249711841345}