{"temporal0": 6.01e-06, "temporal1": 6.47e-06, "temporal2": 7.17e-06, "temporal3": 7.44e-06, "temporal4": 0.00146674, "total": 0.001499947509728372}