{"temporal0": 0.00051003, "temporal1": 3.66e-06, "temporal2": 0.0010026, "temporal3": 4.73e-06, "temporal4": 5.04e-06, "total": 0.002039785496890545}