{"temporal0": 0.00074265, "temporal1": 7.23e-06, "temporal2": 8.47e-06, "temporal3": 9.05e-06, "temporal4": 9.24e-06, "total": 0.0015077583957463503}