{"temporal0": 5.08e-06, "temporal1": 5.51e-06, "temporal2": 0.00148777, "temporal3": 6.45e-06, "temporal4": 6.54e-06, "total": 0.0015175354201346636}