{"temporal0": 3.76e-06, "temporal1": 3.35e-06, "temporal2": 0.00050154, "temporal3": 0.00050472, "temporal4": 4.88e-06, "total": 0.0010231641354039311}