{"temporal0": 0.00075639, "temporal1": 5.79e-06, "temporal2": 6.21e-06, "temporal3": 6.4e-06, "temporal4": 0.00073911, "total": 0.0022791526280343533}