{"temporal0": 4.23e-06, "temporal1": 0.00050588, "temporal2": 4.31e-06, "temporal3": 4.71e-06, "temporal4": 5e-06, "total": 0.0005294591537676752}