{"temporal0": 5.26e-06, "temporal1": 0.00074062, "temporal2": 6.71e-06, "temporal3": 0.0007336, "temporal4": 7.05e-06, "total": 0.0014999443665146828}