{"temporal0": 0.00101047, "temporal1": 3.74e-06, "temporal2": 4.34e-06, "temporal3": 4.76e-06, "temporal4": 0.00050294, "total": 0.002537173219025135}