{"temporal0": 5.55e-06, "temporal1": 6.53e-06, "temporal2": 0.00073271, "temporal3": 8.2e-06, "temporal4": 8.41e-06, "total": 0.0007690939237363636}