{"temporal0": 4.02e-06, "temporal1": 0.00150256, "temporal2": 4.18e-06, "temporal3": 4.53e-06, "temporal4": 4.77e-06, "total": 0.0015252460725605488}