{"temporal0": 5.72e-06, "temporal1": 6.03e-06, "temporal2": 6.63e-06, "temporal3": 0.00148368, "temporal4": 6.77e-06, "total": 0.0015145433135330677}