{"temporal0": 5.38e-06, "temporal1": 6.4e-06, "temporal2": 7.48e-06, "temporal3": 0.00145703, "temporal4": 8.08e-06, "total": 0.0014903590781614184}