{"temporal0": 0.00075087, "temporal1": 5.77e-06, "temporal2": 6.64e-06, "temporal3": 7.05e-06, "temporal4": 0.00073267, "total": 0.0022637962829321623}