{"temporal0": 0.00074765, "temporal1": 0.00073864, "temporal2": 6.67e-06, "temporal3": 7.12e-06, "temporal4": 7.34e-06, "total": 0.002260648412629962}