{"temporal0": 4.69e-06, "temporal1": 5.43e-06, "temporal2": 6.51e-06, "temporal3": 6.94e-06, "temporal4": 0.00149699, "total": 0.0015235210303217173}