{"temporal0": 1.791e-05, "temporal1": 0.00067556, "temporal2": 1.858e-05, "temporal3": 1.913e-05, "temporal4": 0.0006678, "total": 0.0014116615056991577}