{"temporal0": 2.422e-05, "temporal1": 0.00064975, "temporal2": 2.64e-05, "temporal3": 2.709e-05, "temporal4": 0.00064177, "total": 0.0013970985310152173}