{"temporal0": 0.0006503, "temporal1": 2.449e-05, "temporal2": 0.00064631, "temporal3": 2.587e-05, "temporal4": 2.517e-05, "total": 0.001998037798330188}