{"temporal0": 0.00069085, "temporal1": 1.499e-05, "temporal2": 1.624e-05, "temporal3": 0.00067841, "temporal4": 1.637e-05, "total": 0.0021415429655462503}