{"temporal0": 2.354e-05, "temporal1": 2.311e-05, "temporal2": 2.51e-05, "temporal3": 0.00063715, "temporal4": 0.00065218, "total": 0.0013919882476329803}