{"temporal0": 0.00066872, "temporal1": 1.765e-05, "temporal2": 1.921e-05, "temporal3": 1.988e-05, "temporal4": 0.00067954, "total": 0.002036678371950984}