{"temporal0": 1.685e-05, "temporal1": 1.589e-05, "temporal2": 0.00066665, "temporal3": 0.00071334, "temporal4": 1.721e-05, "total": 0.0014405119000002742}