{"temporal0": 2.081e-05, "temporal1": 2.024e-05, "temporal2": 2.127e-05, "temporal3": 0.00064323, "temporal4": 2.142e-05, "total": 0.0007470400887541473}