{"temporal0": 0.00068132, "temporal1": 1.802e-05, "temporal2": 1.915e-05, "temporal3": 1.919e-05, "temporal4": 1.929e-05, "total": 0.0014576325193047523}