{"temporal0": 2.222e-05, "temporal1": 0.0006565, "temporal2": 0.00064386, "temporal3": 2.26e-05, "temporal4": 2.224e-05, "total": 0.001392959849908948}