{"temporal0": 0.00065725, "temporal1": 2.527e-05, "temporal2": 2.798e-05, "temporal3": 0.00063421, "temporal4": 2.963e-05, "total": 0.001999602187424898}