{"temporal0": 2.552e-05, "temporal1": 0.00064095, "temporal2": 0.00063848, "temporal3": 2.999e-05, "temporal4": 3.028e-05, "total": 0.0013958088820800185}