{"temporal0": 1.77e-05, "temporal1": 1.805e-05, "temporal2": 0.0006776, "temporal3": 0.00065966, "temporal4": 2.062e-05, "total": 0.0014040975365787745}