{"temporal0": 1.768e-05, "temporal1": 0.00071904, "temporal2": 0.0006554, "temporal3": 1.9e-05, "temporal4": 1.911e-05, "total": 0.001452849479392171}