{"temporal0": 0.00065349, "temporal1": 2.722e-05, "temporal2": 2.972e-05, "temporal3": 3.054e-05, "temporal4": 3.076e-05, "total": 0.0014059420209378004}