{"temporal0": 2.457e-05, "temporal1": 2.532e-05, "temporal2": 2.77e-05, "temporal3": 2.873e-05, "temporal4": 0.0006376, "total": 0.0007734001846984029}