{"temporal0": 2.545e-05, "temporal1": 2.586e-05, "temporal2": 2.792e-05, "temporal3": 0.00064095, "temporal4": 0.00063393, "total": 0.0013828764203935862}