{"temporal0": 1.719e-05, "temporal1": 1.726e-05, "temporal2": 1.829e-05, "temporal3": 1.859e-05, "temporal4": 0.00071099, "total": 0.0007924032397568226}