{"temporal0": 0.00065822, "temporal1": 2.177e-05, "temporal2": 2.333e-05, "temporal3": 2.384e-05, "temporal4": 2.413e-05, "total": 0.0014136179815977812}