{"temporal0": 0.00072141, "temporal1": 0.00067991, "temporal2": 1.724e-05, "temporal3": 1.71e-05, "temporal4": 1.657e-05, "total": 0.0021820056717842817}