{"temporal0": 1.888e-05, "temporal1": 1.789e-05, "temporal2": 0.00071769, "temporal3": 1.947e-05, "temporal4": 1.934e-05, "total": 0.0008136921096593142}