{"temporal0": 2.088e-05, "temporal1": 0.00131738, "temporal2": 2.107e-05, "temporal3": 2.212e-05, "temporal4": 2.274e-05, "total": 0.0014375479659065604}