{"temporal0": 8.23e-06, "temporal1": 8.17e-06, "temporal2": 8.94e-06, "temporal3": 0.00073164, "temporal4": 9.58e-06, "total": 0.0007774141849949956}