{"temporal0": 8.4e-06, "temporal1": 8.21e-06, "temporal2": 8.97e-06, "temporal3": 0.00071756, "temporal4": 0.00072795, "total": 0.0014841984957456589}