{"temporal0": 0.00073604, "temporal1": 8.06e-06, "temporal2": 0.00071992, "temporal3": 9.17e-06, "temporal4": 9.37e-06, "total": 0.0022363567259162664}