{"temporal0": 8e-06, "temporal1": 7.84e-06, "temporal2": 8.52e-06, "temporal3": 0.00071542, "temporal4": 8.73e-06, "total": 0.0007559387595392764}