{"temporal0": 1.109e-05, "temporal1": 1.042e-05, "temporal2": 1.129e-05, "temporal3": 1.168e-05, "temporal4": 0.00140878, "total": 0.0014708440285176039}