{"temporal0": 0.00073086, "temporal1": 0.00074846, "temporal2": 7.95e-06, "temporal3": 8.16e-06, "temporal4": 8.23e-06, "total": 0.002199409296736121}