{"temporal0": 0.00071761, "temporal1": 8.98e-06, "temporal2": 9.75e-06, "temporal3": 1.011e-05, "temporal4": 0.00072142, "total": 0.002183303702622652}