{"temporal0": 0.00072871, "temporal1": 7.9e-06, "temporal2": 8.67e-06, "temporal3": 0.00071314, "temporal4": 9.1e-06, "total": 0.00220623891800642}