{"temporal0": 9.01e-06, "temporal1": 9.1e-06, "temporal2": 0.00070751, "temporal3": 1.01e-05, "temporal4": 0.0007477, "total": 0.0014954488724470139}