{"temporal0": 9.39e-06, "temporal1": 0.00073209, "temporal2": 9.39e-06, "temporal3": 9.82e-06, "temporal4": 1.002e-05, "total": 0.0007834580028429627}