{"temporal0": 0.0007191, "temporal1": 1.085e-05, "temporal2": 0.00071306, "temporal3": 1.212e-05, "temporal4": 1.226e-05, "total": 0.0021606520749628544}