{"temporal0": 0.00071984, "temporal1": 1.131e-05, "temporal2": 1.24e-05, "temporal3": 0.00071084, "temporal4": 1.312e-05, "total": 0.0021651890128850937}