{"temporal0": 1.076e-05, "temporal1": 0.00070924, "temporal2": 0.00071641, "temporal3": 1.103e-05, "temporal4": 1.084e-05, "total": 0.0014689498348161578}