{"temporal0": 0.00072303, "temporal1": 1.072e-05, "temporal2": 1.183e-05, "temporal3": 1.243e-05, "temporal4": 1.266e-05, "total": 0.001465239212848246}