{"temporal0": 9.53e-06, "temporal1": 8.77e-06, "temporal2": 0.00072968, "temporal3": 9.75e-06, "temporal4": 0.00071181, "total": 0.0014774700393900275}