{"temporal0": 1.072e-05, "temporal1": 9.93e-06, "temporal2": 1.072e-05, "temporal3": 0.00143988, "temporal4": 1.065e-05, "total": 0.0014950260519981384}