{"temporal0": 1.037e-05, "temporal1": 0.00143324, "temporal2": 9.65e-06, "temporal3": 9.95e-06, "temporal4": 9.94e-06, "total": 0.001488527748733759}