{"temporal0": 0.0007487, "temporal1": 9.32e-06, "temporal2": 9.91e-06, "temporal3": 1.012e-05, "temporal4": 0.00070973, "total": 0.002245208015665412}