{"temporal0": 1.172e-05, "temporal1": 0.00141969, "temporal2": 1.17e-05, "temporal3": 1.216e-05, "temporal4": 1.235e-05, "total": 0.0014884474221616983}