{"temporal0": 9.25e-06, "temporal1": 8.45e-06, "temporal2": 0.00147978, "temporal3": 8.78e-06, "temporal4": 8.54e-06, "total": 0.0015211135614663363}