{"temporal0": 1.012e-05, "temporal1": 9.44e-06, "temporal2": 0.000709, "temporal3": 1.044e-05, "temporal4": 1.058e-05, "total": 0.0007613166235387325}