{"temporal0": 1.088e-05, "temporal1": 0.00073045, "temporal2": 0.00069922, "temporal3": 1.333e-05, "temporal4": 1.329e-05, "total": 0.0014739021426066756}