{"temporal0": 1.649e-05, "temporal1": 0.00068513, "temporal2": 2.037e-05, "temporal3": 0.00066523, "temporal4": 2.215e-05, "total": 0.001431490876711905}