{"temporal0": 1.742e-05, "temporal1": 0.00067556, "temporal2": 0.00066888, "temporal3": 2.147e-05, "temporal4": 2.185e-05, "total": 0.001429064548574388}