{"temporal0": 1.779e-05, "temporal1": 1.9e-05, "temporal2": 0.0006652, "temporal3": 2.175e-05, "temporal4": 2.168e-05, "total": 0.0007661171839572489}