{"temporal0": 1.281e-05, "temporal1": 1.258e-05, "temporal2": 1.39e-05, "temporal3": 0.00139848, "temporal4": 1.429e-05, "total": 0.0014613931998610497}