{"temporal0": 1.478e-05, "temporal1": 1.558e-05, "temporal2": 0.00137701, "temporal3": 1.79e-05, "temporal4": 1.809e-05, "total": 0.0014577772235497832}