{"temporal0": 0.0007361, "temporal1": 0.00070425, "temporal2": 1.273e-05, "temporal3": 1.31e-05, "temporal4": 1.307e-05, "total": 0.002221667440608144}