{"temporal0": 1.365e-05, "temporal1": 1.415e-05, "temporal2": 1.605e-05, "temporal3": 0.00135554, "temporal4": 1.756e-05, "total": 0.0014320631744340062}