{"temporal0": 0.00068493, "temporal1": 1.798e-05, "temporal2": 1.966e-05, "temporal3": 0.00066404, "temporal4": 1.967e-05, "total": 0.0020907714497298002}