{"temporal0": 1.224e-05, "temporal1": 1.309e-05, "temporal2": 0.00068491, "temporal3": 1.517e-05, "temporal4": 0.00072824, "total": 0.0014616081025451422}