{"temporal0": 0.00068792, "temporal1": 1.789e-05, "temporal2": 2.022e-05, "temporal3": 2.123e-05, "temporal4": 2.167e-05, "total": 0.001419308129698038}