{"temporal0": 1.542e-05, "temporal1": 1.663e-05, "temporal2": 1.892e-05, "temporal3": 2.007e-05, "temporal4": 0.0006651, "total": 0.0007579681114293635}