{"temporal0": 0.00068425, "temporal1": 1.953e-05, "temporal2": 2.194e-05, "temporal3": 2.286e-05, "temporal4": 0.00066371, "total": 0.002071826718747616}