{"temporal0": 1.635e-05, "temporal1": 1.783e-05, "temporal2": 1.98e-05, "temporal3": 2.062e-05, "temporal4": 0.00066173, "total": 0.0007540688384324312}