{"temporal0": 0.00138968, "temporal1": 1.408e-05, "temporal2": 1.595e-05, "temporal3": 1.655e-05, "temporal4": 1.688e-05, "total": 0.0028173550963401794}