{"temporal0": 1.7e-05, "temporal1": 0.0006739, "temporal2": 2.035e-05, "temporal3": 2.079e-05, "temporal4": 2.085e-05, "total": 0.0007739224820397794}