{"temporal0": 0.0006813, "temporal1": 1.732e-05, "temporal2": 1.947e-05, "temporal3": 0.00066678, "temporal4": 2.094e-05, "total": 0.0020566333550959826}