{"temporal0": 0.00071557, "temporal1": 1.42e-05, "temporal2": 1.593e-05, "temporal3": 1.654e-05, "temporal4": 0.0006723, "total": 0.0021755837369710207}