{"temporal0": 1.48e-05, "temporal1": 0.00067221, "temporal2": 1.805e-05, "temporal3": 1.887e-05, "temporal4": 0.00068597, "total": 0.0014260680181905627}