{"temporal0": 1.174e-05, "temporal1": 0.0006936, "temporal2": 1.357e-05, "temporal3": 1.405e-05, "temporal4": 0.00069864, "total": 0.0014422673266381025}