{"temporal0": 1.544e-05, "temporal1": 1.561e-05, "temporal2": 0.00134084, "temporal3": 1.835e-05, "temporal4": 1.892e-05, "total": 0.0014356733299791813}