{"temporal0": 2.227e-05, "temporal1": 0.00065542, "temporal2": 2.352e-05, "temporal3": 2.408e-05, "temporal4": 0.00064985, "total": 0.0014048744924366474}