{"temporal0": 0.00130703, "temporal1": 2.173e-05, "temporal2": 2.415e-05, "temporal3": 2.514e-05, "temporal4": 2.547e-05, "total": 0.0026610076893121004}