{"temporal0": 1.957e-05, "temporal1": 1.836e-05, "temporal2": 0.00065952, "temporal3": 2.033e-05, "temporal4": 2.085e-05, "total": 0.0007630032487213612}