{"temporal0": 1.96e-05, "temporal1": 2.025e-05, "temporal2": 0.00064295, "temporal3": 2.332e-05, "temporal4": 2.366e-05, "total": 0.0007571541354991496}