{"temporal0": 2.1e-05, "temporal1": 2.152e-05, "temporal2": 2.362e-05, "temporal3": 2.461e-05, "temporal4": 0.00064415, "total": 0.0007636386435478926}