{"temporal0": 0.00072683, "temporal1": 1.279e-05, "temporal2": 1.328e-05, "temporal3": 1.313e-05, "temporal4": 1.293e-05, "total": 0.0015117228031158447}