{"temporal0": 1.511e-05, "temporal1": 1.54e-05, "temporal2": 0.00067243, "temporal3": 0.00067103, "temporal4": 1.826e-05, "total": 0.0014039109228178859}