{"temporal0": 2.108e-05, "temporal1": 2.256e-05, "temporal2": 0.00064614, "temporal3": 2.55e-05, "temporal4": 2.569e-05, "total": 0.0007658832473680377}