{"temporal0": 1.679e-05, "temporal1": 1.619e-05, "temporal2": 1.738e-05, "temporal3": 0.00065032, "temporal4": 0.00071946, "total": 0.0014376433100551367}