{"temporal0": 1.884e-05, "temporal1": 1.833e-05, "temporal2": 1.996e-05, "temporal3": 2.087e-05, "temporal4": 0.00129515, "total": 0.00139528582803905}