{"temporal0": 2.054e-05, "temporal1": 0.00064875, "temporal2": 2.149e-05, "temporal3": 2.105e-05, "temporal4": 2.063e-05, "total": 0.0007505980902351439}