{"temporal0": 1.857e-05, "temporal1": 1.817e-05, "temporal2": 1.978e-05, "temporal3": 2.041e-05, "temporal4": 0.00130797, "total": 0.0014063578564673662}