{"temporal0": 0.00066104, "temporal1": 2.159e-05, "temporal2": 2.281e-05, "temporal3": 0.00063751, "temporal4": 2.315e-05, "total": 0.0020278156735002995}