{"temporal0": 0.00068424, "temporal1": 0.00071736, "temporal2": 1.509e-05, "temporal3": 1.49e-05, "temporal4": 1.459e-05, "total": 0.002143404446542263}