{"temporal0": 1.761e-05, "temporal1": 1.821e-05, "temporal2": 2.022e-05, "temporal3": 0.00130413, "temporal4": 2.127e-05, "total": 0.0013991872547194362}