{"temporal0": 1.938e-05, "temporal1": 0.00068713, "temporal2": 2.204e-05, "temporal3": 2.223e-05, "temporal4": 2.202e-05, "total": 0.0007925457321107388}