{"temporal0": 0.00065502, "temporal1": 2.238e-05, "temporal2": 0.00064901, "temporal3": 2.388e-05, "temporal4": 2.33e-05, "total": 0.0019999523647129536}