{"temporal0": 0.00067073, "temporal1": 0.00067382, "temporal2": 2.046e-05, "temporal3": 2.104e-05, "temporal4": 2.099e-05, "total": 0.0020344723016023636}