{"temporal0": 1.927e-05, "temporal1": 1.902e-05, "temporal2": 2.044e-05, "temporal3": 0.00133258, "temporal4": 1.96e-05, "total": 0.0014282979536801577}