{"temporal0": 1.66e-05, "temporal1": 0.00065953, "temporal2": 0.00068551, "temporal3": 1.935e-05, "temporal4": 1.932e-05, "total": 0.0014182968297973275}