{"temporal0": 2.456e-05, "temporal1": 0.00125972, "temporal2": 2.735e-05, "temporal3": 2.792e-05, "temporal4": 2.812e-05, "total": 0.0014009050792083144}