{"temporal0": 0.00069046, "temporal1": 1.549e-05, "temporal2": 0.00070974, "temporal3": 1.56e-05, "temporal4": 1.5e-05, "total": 0.002166223945096135}