{"temporal0": 5.29e-06, "temporal1": 3.91e-06, "temporal2": 0.00051293, "temporal3": 3.67e-06, "temporal4": 0.00051299, "total": 0.001043443102389574}