{"temporal0": 5.74e-06, "temporal1": 3.7e-06, "temporal2": 3.55e-06, "temporal3": 0.00102122, "temporal4": 3.67e-06, "total": 0.0010424816282466054}