{"temporal0": 0.00075633, "temporal1": 3.58e-06, "temporal2": 3.74e-06, "temporal3": 3.78e-06, "temporal4": 0.0007578, "total": 0.0022828923538327217}