{"temporal0": 4.05e-06, "temporal1": 0.00075468, "temporal2": 4.13e-06, "temporal3": 4.3e-06, "temporal4": 0.00075581, "total": 0.0015273322351276875}