{"temporal0": 0.00076424, "temporal1": 0.00075632, "temporal2": 3.48e-06, "temporal3": 3.58e-06, "temporal4": 3.62e-06, "total": 0.0022983087692409754}