{"temporal0": 0.00075983, "temporal1": 4.28e-06, "temporal2": 4.34e-06, "temporal3": 0.0007542, "temporal4": 4.36e-06, "total": 0.0022827917709946632}