{"temporal0": 5.68e-06, "temporal1": 0.00102236, "temporal2": 3.52e-06, "temporal3": 3.51e-06, "temporal4": 3.58e-06, "total": 0.0010434344876557589}