{"temporal0": 4.22e-06, "temporal1": 3.44e-06, "temporal2": 3.62e-06, "temporal3": 0.00075365, "temporal4": 0.00075354, "total": 0.0015232216101139784}