{"temporal0": 0.00051495, "temporal1": 0.00051292, "temporal2": 3.41e-06, "temporal3": 3.43e-06, "temporal4": 0.00051149, "total": 0.002059715101495385}