{"temporal0": 5.17e-06, "temporal1": 0.00051192, "temporal2": 3.38e-06, "temporal3": 0.00051096, "temporal4": 3.41e-06, "total": 0.001039043185301125}