{"temporal0": 4.37e-06, "temporal1": 3.41e-06, "temporal2": 0.00150872, "temporal3": 3.67e-06, "temporal4": 3.66e-06, "total": 0.0015293853357434273}