{"temporal0": 0.0010248, "temporal1": 3.48e-06, "temporal2": 0.00051177, "temporal3": 3.41e-06, "temporal4": 3.47e-06, "total": 0.0025712724309414625}