{"temporal0": 5.25e-06, "temporal1": 3.68e-06, "temporal2": 0.00101975, "temporal3": 3.5e-06, "temporal4": 3.55e-06, "total": 0.0010403094347566366}