{"temporal0": 5.1e-06, "temporal1": 3.61e-06, "temporal2": 0.00051212, "temporal3": 0.00051249, "temporal4": 0.00051149, "total": 0.001548881409689784}