{"temporal0": 0.00075985, "temporal1": 0.0007566, "temporal2": 4.29e-06, "temporal3": 4.47e-06, "temporal4": 4.41e-06, "total": 0.002295996993780136}