{"temporal0": 0.00075987, "temporal1": 4.02e-06, "temporal2": 4.39e-06, "temporal3": 4.57e-06, "temporal4": 4.54e-06, "total": 0.0015351406764239073}