{"temporal0": 0.00102477, "temporal1": 3.63e-06, "temporal2": 3.43e-06, "temporal3": 3.43e-06, "temporal4": 0.00051172, "total": 0.0025694190990179777}