{"temporal0": 0.00075878, "temporal1": 3.48e-06, "temporal2": 3.71e-06, "temporal3": 3.82e-06, "temporal4": 0.00075488, "total": 0.0022819654550403357}