{"temporal0": 6.33e-06, "temporal1": 0.00102041, "temporal2": 3.71e-06, "temporal3": 3.68e-06, "temporal4": 3.73e-06, "total": 0.0010425194632261992}