{"temporal0": 5e-06, "temporal1": 3.55e-06, "temporal2": 0.00075376, "temporal3": 0.00075324, "temporal4": 3.67e-06, "total": 0.001523318700492382}