{"temporal0": 4.63e-06, "temporal1": 3.84e-06, "temporal2": 0.00075206, "temporal3": 4.01e-06, "temporal4": 3.95e-06, "total": 0.0007727392949163914}