{"temporal0": 5.29e-06, "temporal1": 0.00051365, "temporal2": 0.0005109, "temporal3": 0.00051157, "temporal4": 3.35e-06, "total": 0.0015490622026845813}