{"temporal0": 4.88e-06, "temporal1": 4.66e-06, "temporal2": 0.00075913, "temporal3": 5.26e-06, "temporal4": 0.00075884, "total": 0.0015354998176917434}