{"temporal0": 3.96e-06, "temporal1": 3.37e-06, "temporal2": 3.53e-06, "temporal3": 0.00151272, "temporal4": 3.57e-06, "total": 0.0015305831329897046}