{"temporal0": 4.25e-06, "temporal1": 0.00075478, "temporal2": 4.59e-06, "temporal3": 4.81e-06, "temporal4": 0.00074929, "total": 0.0015208534896373749}