{"temporal0": 0.00051545, "temporal1": 3.45e-06, "temporal2": 0.00051168, "temporal3": 0.00051068, "temporal4": 3.37e-06, "total": 0.0020605698227882385}