{"temporal0": 5.44e-06, "temporal1": 3.74e-06, "temporal2": 3.67e-06, "temporal3": 0.00152624, "temporal4": 3.77e-06, "total": 0.001547249616123736}