{"temporal0": 3.99e-06, "temporal1": 0.00075945, "temporal2": 0.0007563, "temporal3": 3.8e-06, "temporal4": 3.95e-06, "total": 0.0015324787236750126}