{"temporal0": 5.1e-06, "temporal1": 0.0007532, "temporal2": 3.95e-06, "temporal3": 0.00075193, "temporal4": 3.81e-06, "total": 0.0015232523437589407}