{"temporal0": 4.2e-06, "temporal1": 3.83e-06, "temporal2": 0.00075503, "temporal3": 0.00075476, "temporal4": 4.08e-06, "total": 0.0015260735526680946}