{"temporal0": 0.00051405, "temporal1": 3.6e-06, "temporal2": 3.41e-06, "temporal3": 3.39e-06, "temporal4": 0.00051145, "total": 0.0015499661676585674}