{"temporal0": 0.00075743, "temporal1": 4.48e-06, "temporal2": 4.9e-06, "temporal3": 5.12e-06, "temporal4": 0.00075193, "total": 0.0022852534893900156}