{"temporal0": 0.00051459, "temporal1": 3.54e-06, "temporal2": 3.41e-06, "temporal3": 3.43e-06, "temporal4": 0.00101983, "total": 0.0020576701499521732}