{"temporal0": 0.00075985, "temporal1": 3.79e-06, "temporal2": 4.25e-06, "temporal3": 4.48e-06, "temporal4": 4.54e-06, "total": 0.0015441864961758256}