{"temporal0": 3.91e-06, "temporal1": 0.00152081, "temporal2": 3.93e-06, "temporal3": 3.99e-06, "temporal4": 4.03e-06, "total": 0.0015395841328427196}