{"temporal0": 0.0007177, "temporal1": 0.0007152, "temporal2": 1.25e-05, "temporal3": 1.322e-05, "temporal4": 1.361e-05, "total": 0.002161582000553608}