{"temporal0": 1.086e-05, "temporal1": 1.079e-05, "temporal2": 1.185e-05, "temporal3": 0.0007449, "temporal4": 0.00069757, "total": 0.0014865543926134706}