{"temporal0": 1.179e-05, "temporal1": 1.229e-05, "temporal2": 0.0013922, "temporal3": 1.388e-05, "temporal4": 1.389e-05, "total": 0.001460374565795064}