{"temporal0": 0.00074838, "temporal1": 0.0007064, "temporal2": 1.185e-05, "temporal3": 1.226e-05, "temporal4": 1.239e-05, "total": 0.002249140990898013}