{"temporal0": 1.159e-05, "temporal1": 1.183e-05, "temporal2": 1.314e-05, "temporal3": 0.00139753, "temporal4": 1.405e-05, "total": 0.0014646515483036637}