{"temporal0": 1.03e-05, "temporal1": 1.002e-05, "temporal2": 0.00071062, "temporal3": 1.155e-05, "temporal4": 0.00072328, "total": 0.0014764356892555952}