{"temporal0": 1.222e-05, "temporal1": 1.256e-05, "temporal2": 0.00070275, "temporal3": 1.45e-05, "temporal4": 1.477e-05, "total": 0.0007743091555312276}