{"temporal0": 0.00072186, "temporal1": 1.04e-05, "temporal2": 1.149e-05, "temporal3": 1.191e-05, "temporal4": 1.209e-05, "total": 0.0015034745447337627}