{"temporal0": 1.087e-05, "temporal1": 1.119e-05, "temporal2": 1.24e-05, "temporal3": 0.00069684, "temporal4": 0.00074439, "total": 0.0014853568281978369}