{"temporal0": 0.00071262, "temporal1": 1.373e-05, "temporal2": 1.487e-05, "temporal3": 1.524e-05, "temporal4": 1.523e-05, "total": 0.001458938466385007}