{"temporal0": 1.019e-05, "temporal1": 0.00073042, "temporal2": 1.156e-05, "temporal3": 1.207e-05, "temporal4": 1.227e-05, "total": 0.0007871458656154573}