{"temporal0": 0.0007333, "temporal1": 7.86e-06, "temporal2": 8.58e-06, "temporal3": 8.91e-06, "temporal4": 9.08e-06, "total": 0.001513086725026369}