{"temporal0": 8.85e-06, "temporal1": 8.88e-06, "temporal2": 0.00144611, "temporal3": 9.74e-06, "temporal4": 9.58e-06, "total": 0.0014903717674314976}