{"temporal0": 9.45e-06, "temporal1": 0.0007463, "temporal2": 9.16e-06, "temporal3": 9.22e-06, "temporal4": 0.00071033, "total": 0.0014946453738957644}