{"temporal0": 0.00071105, "temporal1": 1.097e-05, "temporal2": 1.186e-05, "temporal3": 0.00071051, "temporal4": 1.188e-05, "total": 0.0021605421788990498}