{"temporal0": 9.83e-06, "temporal1": 1.013e-05, "temporal2": 1.132e-05, "temporal3": 0.00072714, "temporal4": 1.218e-05, "total": 0.0007815913995727897}