{"temporal0": 1.093e-05, "temporal1": 1.032e-05, "temporal2": 1.121e-05, "temporal3": 1.161e-05, "temporal4": 0.00141122, "total": 0.0014755900483578444}