{"temporal0": 0.00072492, "temporal1": 0.00071919, "temporal2": 9.79e-06, "temporal3": 1.012e-05, "temporal4": 1.012e-05, "total": 0.002157866721972823}