{"temporal0": 9.59e-06, "temporal1": 9.38e-06, "temporal2": 1.028e-05, "temporal3": 0.00070554, "temporal4": 1.082e-05, "total": 0.0007580941892229021}