{"temporal0": 0.00071269, "temporal1": 9.71e-06, "temporal2": 0.00072756, "temporal3": 1.138e-05, "temporal4": 1.158e-05, "total": 0.0021538850851356983}