{"temporal0": 1.26e-05, "temporal1": 0.00139759, "temporal2": 1.31e-05, "temporal3": 1.308e-05, "temporal4": 1.281e-05, "total": 0.0014644683105871081}