{"temporal0": 1.152e-05, "temporal1": 0.00070957, "temporal2": 1.2e-05, "temporal3": 1.241e-05, "temporal4": 0.00070655, "total": 0.0014722689520567656}