{"temporal0": 4.78e-06, "temporal1": 4.42e-06, "temporal2": 0.0007497, "temporal3": 5.03e-06, "temporal4": 0.00075003, "total": 0.0015196481253951788}