{"temporal0": 4.39e-06, "temporal1": 3.52e-06, "temporal2": 3.37e-06, "temporal3": 0.00051199, "temporal4": 3.44e-06, "total": 0.0005300872144289315}