{"temporal0": 0.00075337, "temporal1": 4.93e-06, "temporal2": 5.09e-06, "temporal3": 0.00074941, "temporal4": 4.96e-06, "total": 0.002274366794154048}