{"temporal0": 5.16e-06, "temporal1": 4e-06, "temporal2": 4.1e-06, "temporal3": 4.11e-06, "temporal4": 0.00149949, "total": 0.0015214303275570273}