{"temporal0": 0.00051402, "temporal1": 3.72e-06, "temporal2": 0.00051186, "temporal3": 3.18e-06, "temporal4": 3.22e-06, "total": 0.0015483377501368523}