{"temporal0": 4.31e-06, "temporal1": 0.00101821, "temporal2": 0.00050997, "temporal3": 3.51e-06, "temporal4": 3.58e-06, "total": 0.0015428647166118026}