{"temporal0": 0.00075812, "temporal1": 4.03e-06, "temporal2": 4.39e-06, "temporal3": 4.68e-06, "temporal4": 4.72e-06, "total": 0.0015282368985936046}