{"temporal0": 4.32e-06, "temporal1": 0.00050953, "temporal2": 0.00051002, "temporal3": 3.38e-06, "temporal4": 0.00050906, "total": 0.0015406240709125996}