{"temporal0": 4.41e-06, "temporal1": 4.06e-06, "temporal2": 3.72e-06, "temporal3": 0.00050978, "temporal4": 3.56e-06, "total": 0.0005294940783642232}