{"temporal0": 0.00075704, "temporal1": 3.98e-06, "temporal2": 4.16e-06, "temporal3": 0.00075104, "temporal4": 4.32e-06, "total": 0.002272850601002574}