{"temporal0": 4.9e-06, "temporal1": 0.00150218, "temporal2": 4.52e-06, "temporal3": 4.67e-06, "temporal4": 4.72e-06, "total": 0.0015242481604218483}