{"temporal0": 4.57e-06, "temporal1": 3.48e-06, "temporal2": 0.0005097, "temporal3": 0.00101603, "temporal4": 3.74e-06, "total": 0.0015410167397931218}