{"temporal0": 5.63e-06, "temporal1": 4.31e-06, "temporal2": 0.00075009, "temporal3": 0.00075245, "temporal4": 4.56e-06, "total": 0.0015225207898765802}