{"temporal0": 5.67e-06, "temporal1": 4.63e-06, "temporal2": 4.92e-06, "temporal3": 0.00074916, "temporal4": 0.00074634, "total": 0.001515933545306325}