{"temporal0": 0.00102096, "temporal1": 3.76e-06, "temporal2": 3.93e-06, "temporal3": 3.99e-06, "temporal4": 4.06e-06, "total": 0.002059859223663807}