{"temporal0": 4.1e-06, "temporal1": 0.00102123, "temporal2": 0.00051117, "temporal3": 3.19e-06, "temporal4": 3.34e-06, "total": 0.001546646119095385}