{"temporal0": 0.00051306, "temporal1": 4.11e-06, "temporal2": 3.54e-06, "temporal3": 0.00050928, "temporal4": 3.38e-06, "total": 0.0015451874351128936}