{"temporal0": 0.00076101, "temporal1": 0.00075394, "temporal2": 4.6e-06, "temporal3": 4.87e-06, "temporal4": 4.79e-06, "total": 0.002296020044013858}