{"temporal0": 0.00051351, "temporal1": 3.51e-06, "temporal2": 3.24e-06, "temporal3": 0.0005108, "temporal4": 0.00051039, "total": 0.002053025411441922}