{"temporal0": 5.31e-06, "temporal1": 0.00075891, "temporal2": 4.3e-06, "temporal3": 4.32e-06, "temporal4": 0.00075806, "total": 0.0015349658206105232}