{"temporal0": 4.16e-06, "temporal1": 0.00051023, "temporal2": 3.28e-06, "temporal3": 0.00050865, "temporal4": 0.0005097, "total": 0.0015401479322463274}