{"temporal0": 4.61e-06, "temporal1": 3.55e-06, "temporal2": 3.52e-06, "temporal3": 3.57e-06, "temporal4": 0.00152197, "total": 0.00154135434422642}