{"temporal0": 0.00151049, "temporal1": 3.99e-06, "temporal2": 4.53e-06, "temporal3": 4.78e-06, "temporal4": 4.86e-06, "total": 0.0030320712830871344}