{"temporal0": 0.00102307, "temporal1": 3.17e-06, "temporal2": 3.14e-06, "temporal3": 3.14e-06, "temporal4": 0.00050908, "total": 0.002566011156886816}