{"temporal0": 4.75e-06, "temporal1": 0.00074957, "temporal2": 4.45e-06, "temporal3": 4.54e-06, "temporal4": 4.52e-06, "total": 0.0007727165939286351}