{"temporal0": 5.21e-06, "temporal1": 4.92e-06, "temporal2": 0.0007518, "temporal3": 5.81e-06, "temporal4": 5.79e-06, "total": 0.0007790735689923167}