{"temporal0": 5.4e-06, "temporal1": 4.97e-06, "temporal2": 0.00149195, "temporal3": 5.63e-06, "temporal4": 5.48e-06, "total": 0.001517216325737536}