{"temporal0": 0.00075736, "temporal1": 4.33e-06, "temporal2": 4.79e-06, "temporal3": 0.00075693, "temporal4": 4.98e-06, "total": 0.0022950887214392424}