{"temporal0": 3.67e-06, "temporal1": 0.00075565, "temporal2": 0.00075362, "temporal3": 4.21e-06, "temporal4": 4.28e-06, "total": 0.0015251929871737957}