{"temporal0": 0.00051402, "temporal1": 3.64e-06, "temporal2": 0.00050822, "temporal3": 3.73e-06, "temporal4": 0.00051158, "total": 0.0020566266030073166}