{"temporal0": 0.00075625, "temporal1": 4.67e-06, "temporal2": 0.00075787, "temporal3": 5.44e-06, "temporal4": 5.37e-06, "total": 0.0022910612169653177}