{"temporal0": 3.98e-06, "temporal1": 0.00051028, "temporal2": 0.00050989, "temporal3": 3.29e-06, "temporal4": 0.00050982, "total": 0.0015408964827656746}