{"temporal0": 5.37e-06, "temporal1": 5.11e-06, "temporal2": 5.59e-06, "temporal3": 5.88e-06, "temporal4": 0.00074875, "total": 0.000775135587900877}