{"temporal0": 4.16e-06, "temporal1": 4.34e-06, "temporal2": 4.77e-06, "temporal3": 0.00074888, "temporal4": 4.95e-06, "total": 0.0007719846325926483}