{"temporal0": 4.42e-06, "temporal1": 0.00150322, "temporal2": 4.37e-06, "temporal3": 4.47e-06, "temporal4": 4.48e-06, "total": 0.0015282310778275132}