{"temporal0": 4.11e-06, "temporal1": 3.63e-06, "temporal2": 3.94e-06, "temporal3": 0.00075631, "temporal4": 0.00075681, "total": 0.0015322011895477772}