{"temporal0": 0.00068359, "temporal1": 1.578e-05, "temporal2": 1.746e-05, "temporal3": 0.00067962, "temporal4": 1.871e-05, "total": 0.002061091363430023}