{"temporal0": 2.072e-05, "temporal1": 0.00067042, "temporal2": 1.832e-05, "temporal3": 1.877e-05, "temporal4": 0.00068655, "total": 0.001443670829758048}