{"temporal0": 1.806e-05, "temporal1": 0.00067384, "temporal2": 1.928e-05, "temporal3": 0.00066843, "temporal4": 2.027e-05, "total": 0.0014280501054599881}