{"temporal0": 0.00068875, "temporal1": 0.00069279, "temporal2": 1.61e-05, "temporal3": 1.66e-05, "temporal4": 1.661e-05, "total": 0.002070473739877343}