{"temporal0": 2.175e-05, "temporal1": 1.928e-05, "temporal2": 2.059e-05, "temporal3": 0.00130676, "temporal4": 2.061e-05, "total": 0.001426471397280693}