{"temporal0": 1.641e-05, "temporal1": 1.384e-05, "temporal2": 1.468e-05, "temporal3": 0.00068011, "temporal4": 0.00072832, "total": 0.0014693085104227066}