{"temporal0": 0.00136071, "temporal1": 1.478e-05, "temporal2": 1.555e-05, "temporal3": 1.541e-05, "temporal4": 1.518e-05, "total": 0.002786658238619566}