{"temporal0": 1.706e-05, "temporal1": 1.44e-05, "temporal2": 1.544e-05, "temporal3": 0.00073198, "temporal4": 0.00066159, "total": 0.0014644109178334475}