{"temporal0": 0.00073584, "temporal1": 1.523e-05, "temporal2": 1.609e-05, "temporal3": 1.638e-05, "temporal4": 1.645e-05, "total": 0.0015451130457222462}