{"temporal0": 0.0013651, "temporal1": 1.528e-05, "temporal2": 1.639e-05, "temporal3": 1.671e-05, "temporal4": 1.678e-05, "total": 0.0027778460644185543}