{"temporal0": 1.678e-05, "temporal1": 0.00073352, "temporal2": 1.562e-05, "temporal3": 1.587e-05, "temporal4": 1.587e-05, "total": 0.0008175287512131035}