{"temporal0": 1.786e-05, "temporal1": 0.00067656, "temporal2": 0.00072785, "temporal3": 1.6e-05, "temporal4": 1.615e-05, "total": 0.0014785812236368656}