{"temporal0": 1.373e-05, "temporal1": 1.22e-05, "temporal2": 0.00070508, "temporal3": 1.364e-05, "temporal4": 1.362e-05, "total": 0.0007689543417654932}