{"temporal0": 1.587e-05, "temporal1": 1.411e-05, "temporal2": 1.55e-05, "temporal3": 0.0007046, "temporal4": 1.656e-05, "total": 0.0007846202934160829}