{"temporal0": 2.023e-05, "temporal1": 1.849e-05, "temporal2": 0.00066884, "temporal3": 2.075e-05, "temporal4": 0.00066697, "total": 0.0014257475268095732}