{"temporal0": 1.824e-05, "temporal1": 1.617e-05, "temporal2": 0.00066246, "temporal3": 1.692e-05, "temporal4": 1.653e-05, "total": 0.0007497163605876267}