{"temporal0": 1.807e-05, "temporal1": 1.557e-05, "temporal2": 0.00066106, "temporal3": 1.724e-05, "temporal4": 1.731e-05, "total": 0.0007511818548664451}