{"temporal0": 2.098e-05, "temporal1": 1.88e-05, "temporal2": 0.00067688, "temporal3": 2.097e-05, "temporal4": 0.00066235, "total": 0.0014358155895024538}