{"temporal0": 1.398e-05, "temporal1": 0.00071024, "temporal2": 1.379e-05, "temporal3": 1.421e-05, "temporal4": 0.00067755, "total": 0.001447016024030745}