{"temporal0": 0.00067421, "temporal1": 1.865e-05, "temporal2": 2.028e-05, "temporal3": 2.116e-05, "temporal4": 2.154e-05, "total": 0.0013981962110847235}