{"temporal0": 1.551e-05, "temporal1": 0.00067465, "temporal2": 0.00069109, "temporal3": 1.53e-05, "temporal4": 1.497e-05, "total": 0.0014262963086366653}