{"temporal0": 1.149e-05, "temporal1": 1.041e-05, "temporal2": 1.143e-05, "temporal3": 1.193e-05, "temporal4": 0.00138713, "total": 0.0014395146863535047}