{"temporal0": 0.00050523, "temporal1": 5.02e-06, "temporal2": 5.43e-06, "temporal3": 5.81e-06, "temporal4": 0.00049517, "total": 0.0015178582398220897}