{"temporal0": 0.0007304, "temporal1": 8.17e-06, "temporal2": 0.00072635, "temporal3": 9.71e-06, "temporal4": 9.74e-06, "total": 0.0021960409358143806}