{"temporal0": 4.99e-06, "temporal1": 5.34e-06, "temporal2": 5.67e-06, "temporal3": 0.00049673, "temporal4": 6.43e-06, "total": 0.0005272866692394018}