{"temporal0": 0.00072738, "temporal1": 0.00072118, "temporal2": 1.005e-05, "temporal3": 1.03e-05, "temporal4": 1.017e-05, "total": 0.0022013415582478046}