{"temporal0": 8.56e-06, "temporal1": 8.94e-06, "temporal2": 1.026e-05, "temporal3": 0.00072189, "temporal4": 0.00071493, "total": 0.0014793076552450657}