{"temporal0": 0.00074063, "temporal1": 6.82e-06, "temporal2": 0.00073463, "temporal3": 8.45e-06, "temporal4": 8.76e-06, "total": 0.0022490606643259525}