{"temporal0": 8.04e-06, "temporal1": 7.97e-06, "temporal2": 0.0007303, "temporal3": 9.15e-06, "temporal4": 0.00072198, "total": 0.001487151486799121}