{"temporal0": 4.33e-06, "temporal1": 4.97e-06, "temporal2": 0.00099186, "temporal3": 0.00049964, "temporal4": 6.16e-06, "total": 0.0015140578616410494}