{"temporal0": 4.71e-06, "temporal1": 5.19e-06, "temporal2": 5.68e-06, "temporal3": 6.15e-06, "temporal4": 0.00049885, "total": 0.0005253847339190543}