{"temporal0": 0.00100279, "temporal1": 5.05e-06, "temporal2": 0.0005002, "temporal3": 5.95e-06, "temporal4": 6.24e-06, "total": 0.0025187782011926174}