{"temporal0": 4.33e-06, "temporal1": 4.78e-06, "temporal2": 0.00049739, "temporal3": 5.7e-06, "temporal4": 0.00099817, "total": 0.0015172922285273671}