{"temporal0": 0.00073727, "temporal1": 7.42e-06, "temporal2": 8.34e-06, "temporal3": 0.00071746, "temporal4": 8.58e-06, "total": 0.002224953379482031}