{"temporal0": 0.00075183, "temporal1": 6.21e-06, "temporal2": 6.89e-06, "temporal3": 0.00073366, "temporal4": 7.41e-06, "total": 0.002261108485981822}