{"temporal0": 8.13e-06, "temporal1": 8.14e-06, "temporal2": 9.13e-06, "temporal3": 9.57e-06, "temporal4": 0.00146115, "total": 0.0015052957460284233}