{"temporal0": 0.00073962, "temporal1": 6.91e-06, "temporal2": 0.00074968, "temporal3": 8.01e-06, "temporal4": 8.08e-06, "total": 0.0022275904193520546}