{"temporal0": 4.19e-06, "temporal1": 0.00099645, "temporal2": 5.26e-06, "temporal3": 0.00050637, "temporal4": 6.01e-06, "total": 0.0015248063718900084}