{"temporal0": 8.21e-06, "temporal1": 8.13e-06, "temporal2": 0.00072118, "temporal3": 9.53e-06, "temporal4": 9.71e-06, "total": 0.0007665736484341323}