{"temporal0": 4.52e-06, "temporal1": 0.00148856, "temporal2": 5.78e-06, "temporal3": 6.28e-06, "temporal4": 6.6e-06, "total": 0.0015167070087045431}