{"temporal0": 4.16e-06, "temporal1": 5.31e-06, "temporal2": 5.66e-06, "temporal3": 0.00049589, "temporal4": 0.00098714, "total": 0.001501863938756287}