{"temporal0": 0.00100387, "temporal1": 5.42e-06, "temporal2": 5.84e-06, "temporal3": 6.28e-06, "temporal4": 0.00049668, "total": 0.0025261405389755964}