{"temporal0": 0.00072775, "temporal1": 9.16e-06, "temporal2": 1.047e-05, "temporal3": 0.00074698, "temporal4": 1.117e-05, "total": 0.002213340485468507}