{"temporal0": 8.73e-06, "temporal1": 0.00072865, "temporal2": 9.31e-06, "temporal3": 0.00071841, "temporal4": 9.69e-06, "total": 0.0014838712522760034}