{"temporal0": 4.77e-06, "temporal1": 0.0004992, "temporal2": 5.95e-06, "temporal3": 0.0009846, "temporal4": 6.76e-06, "total": 0.0015071809757500887}