{"temporal0": 9.44e-06, "temporal1": 0.00073032, "temporal2": 1.072e-05, "temporal3": 1.144e-05, "temporal4": 1.175e-05, "total": 0.0007900367490947247}