{"temporal0": 8.96e-06, "temporal1": 0.00072396, "temporal2": 9.76e-06, "temporal3": 0.00072157, "temporal4": 1.024e-05, "total": 0.0014866074780002236}