{"temporal0": 8.16e-06, "temporal1": 8.1e-06, "temporal2": 9.21e-06, "temporal3": 9.85e-06, "temporal4": 0.0007195, "total": 0.0007667556637898088}