{"temporal0": 0.0007315, "temporal1": 9.34e-06, "temporal2": 1.074e-05, "temporal3": 1.151e-05, "temporal4": 1.189e-05, "total": 0.001484859618358314}