{"temporal0": 0.00050849, "temporal1": 5.21e-06, "temporal2": 0.00049791, "temporal3": 6.1e-06, "temporal4": 6.34e-06, "total": 0.0015364036662504077}