{"temporal0": 8.52e-06, "temporal1": 0.00072459, "temporal2": 9.39e-06, "temporal3": 1.005e-05, "temporal4": 0.00072763, "total": 0.0014946158044040203}