{"temporal0": 0.00050028, "temporal1": 5.33e-06, "temporal2": 6.18e-06, "temporal3": 0.00049929, "temporal4": 7.41e-06, "total": 0.0015213728183880448}