{"temporal0": 9.83e-06, "temporal1": 9.69e-06, "temporal2": 0.00071488, "temporal3": 1.093e-05, "temporal4": 1.077e-05, "total": 0.0007661785930395126}