{"temporal0": 4.42e-06, "temporal1": 0.00050671, "temporal2": 0.0009952, "temporal3": 5.8e-06, "temporal4": 6.03e-06, "total": 0.0015237616607919335}