{"temporal0": 7.56e-06, "temporal1": 0.0007375, "temporal2": 8.65e-06, "temporal3": 0.00072498, "temporal4": 9.64e-06, "total": 0.0014986047754064202}