{"temporal0": 7.43e-06, "temporal1": 0.00074904, "temporal2": 7.44e-06, "temporal3": 7.66e-06, "temporal4": 0.00073245, "total": 0.001510166097432375}