{"temporal0": 0.00149751, "temporal1": 5.13e-06, "temporal2": 5.76e-06, "temporal3": 6.35e-06, "temporal4": 6.8e-06, "total": 0.0030074797105044127}