{"temporal0": 8.6e-06, "temporal1": 8.87e-06, "temporal2": 0.00072134, "temporal3": 1.077e-05, "temporal4": 1.101e-05, "total": 0.00077197136124596}