{"temporal0": 0.0007397, "temporal1": 0.00068496, "temporal2": 1.447e-05, "temporal3": 1.498e-05, "temporal4": 1.522e-05, "total": 0.00221783178858459}