{"temporal0": 1.756e-05, "temporal1": 1.779e-05, "temporal2": 0.00067543, "temporal3": 1.928e-05, "temporal4": 0.00067323, "total": 0.0014240392483770847}