{"temporal0": 1.494e-05, "temporal1": 1.487e-05, "temporal2": 0.00067158, "temporal3": 0.00070599, "temporal4": 1.731e-05, "total": 0.0014391060685738921}