{"temporal0": 0.00068191, "temporal1": 1.419e-05, "temporal2": 0.00070796, "temporal3": 1.654e-05, "temporal4": 1.673e-05, "total": 0.002082959981635213}