{"temporal0": 1.783e-05, "temporal1": 0.00067876, "temporal2": 1.978e-05, "temporal3": 2.067e-05, "temporal4": 0.00067201, "total": 0.001434416277334094}