{"temporal0": 1.557e-05, "temporal1": 0.00067461, "temporal2": 1.622e-05, "temporal3": 1.634e-05, "temporal4": 0.0007316, "total": 0.0014682632172480226}