{"temporal0": 1.489e-05, "temporal1": 1.476e-05, "temporal2": 1.619e-05, "temporal3": 0.00068316, "temporal4": 0.00068927, "total": 0.0014363504014909267}