{"temporal0": 1.575e-05, "temporal1": 1.585e-05, "temporal2": 0.00069117, "temporal3": 1.797e-05, "temporal4": 1.816e-05, "total": 0.0007759463624097407}