{"temporal0": 0.00069802, "temporal1": 1.644e-05, "temporal2": 1.815e-05, "temporal3": 1.898e-05, "temporal4": 1.949e-05, "total": 0.001431107521057129}