{"temporal0": 1.862e-05, "temporal1": 1.904e-05, "temporal2": 2.091e-05, "temporal3": 2.159e-05, "temporal4": 0.00066952, "total": 0.0007737019332125783}