{"temporal0": 0.00068845, "temporal1": 0.0006964, "temporal2": 1.655e-05, "temporal3": 1.721e-05, "temporal4": 1.729e-05, "total": 0.0020779715850949287}