{"temporal0": 1.298e-05, "temporal1": 1.275e-05, "temporal2": 1.417e-05, "temporal3": 0.00068593, "temporal4": 0.00070029, "total": 0.0014357853215187788}