{"temporal0": 1.491e-05, "temporal1": 0.0006768, "temporal2": 1.526e-05, "temporal3": 1.568e-05, "temporal4": 1.584e-05, "total": 0.000758477661293}