{"temporal0": 1.342e-05, "temporal1": 1.23e-05, "temporal2": 0.00068438, "temporal3": 0.00073325, "temporal4": 1.391e-05, "total": 0.001477070851251483}