{"temporal0": 1.743e-05, "temporal1": 1.685e-05, "temporal2": 0.00067642, "temporal3": 0.00067238, "temporal4": 1.881e-05, "total": 0.0014297709567472339}