{"temporal0": 1.573e-05, "temporal1": 1.449e-05, "temporal2": 1.598e-05, "temporal3": 1.678e-05, "temporal4": 0.00068482, "total": 0.0007789900409989059}