{"temporal0": 0.0007038, "temporal1": 1.445e-05, "temporal2": 1.587e-05, "temporal3": 0.00067312, "temporal4": 1.639e-05, "total": 0.0021386933512985706}