{"temporal0": 0.00068315, "temporal1": 1.403e-05, "temporal2": 0.00073265, "temporal3": 1.51e-05, "temporal4": 1.497e-05, "total": 0.0021329903975129128}