{"temporal0": 0.00068545, "temporal1": 1.705e-05, "temporal2": 1.874e-05, "temporal3": 1.942e-05, "temporal4": 1.965e-05, "total": 0.001408632262609899}