{"temporal0": 0.00071435, "temporal1": 0.0007328, "temporal2": 1.213e-05, "temporal3": 1.226e-05, "temporal4": 1.218e-05, "total": 0.002216567751020193}