{"temporal0": 1.632e-05, "temporal1": 1.558e-05, "temporal2": 1.709e-05, "temporal3": 0.00133068, "temporal4": 1.832e-05, "total": 0.001427488517947495}