{"temporal0": 1.179e-05, "temporal1": 0.00070922, "temporal2": 1.229e-05, "temporal3": 1.26e-05, "temporal4": 1.262e-05, "total": 0.0007676663808524609}