{"temporal0": 1.147e-05, "temporal1": 1.117e-05, "temporal2": 1.197e-05, "temporal3": 1.217e-05, "temporal4": 0.00070312, "total": 0.0007623418932780623}