{"temporal0": 7.85e-06, "temporal1": 7.57e-06, "temporal2": 8.33e-06, "temporal3": 0.00072731, "temporal4": 8.97e-06, "total": 0.0007643233402632177}