{"temporal0": 8.95e-06, "temporal1": 9.19e-06, "temporal2": 1.008e-05, "temporal3": 0.00074694, "temporal4": 0.00070791, "total": 0.0014922930859029293}