{"temporal0": 1.159e-05, "temporal1": 0.00071326, "temporal2": 1.24e-05, "temporal3": 0.00070962, "temporal4": 1.291e-05, "total": 0.00147647422272712}