{"temporal0": 7.87e-06, "temporal1": 8.01e-06, "temporal2": 8.89e-06, "temporal3": 9.36e-06, "temporal4": 0.000727, "total": 0.0007699788548052311}