{"temporal0": 1.046e-05, "temporal1": 0.00072021, "temporal2": 1.141e-05, "temporal3": 1.186e-05, "temporal4": 1.211e-05, "total": 0.0007814583950676024}