{"temporal0": 0.00072905, "temporal1": 9.25e-06, "temporal2": 1.028e-05, "temporal3": 0.00070894, "temporal4": 1.103e-05, "total": 0.002171100117266178}