{"temporal0": 1.07e-05, "temporal1": 1.137e-05, "temporal2": 0.00070555, "temporal3": 1.272e-05, "temporal4": 1.263e-05, "total": 0.0007655536755919456}