{"temporal0": 8.26e-06, "temporal1": 0.00072054, "temporal2": 0.00071526, "temporal3": 9.17e-06, "temporal4": 8.95e-06, "total": 0.0014678346924483776}