{"temporal0": 0.00071727, "temporal1": 8.91e-06, "temporal2": 0.00073087, "temporal3": 1.029e-05, "temporal4": 1.046e-05, "total": 0.002171905478462577}