{"temporal0": 9.02e-06, "temporal1": 8.83e-06, "temporal2": 9.53e-06, "temporal3": 9.81e-06, "temporal4": 0.00074284, "total": 0.0007876029121689498}