{"temporal0": 7.57e-06, "temporal1": 0.00073231, "temporal2": 9.05e-06, "temporal3": 9.53e-06, "temporal4": 0.00071599, "total": 0.0014831158332526684}