{"temporal0": 0.00144079, "temporal1": 9.77e-06, "temporal2": 1.081e-05, "temporal3": 1.123e-05, "temporal4": 1.139e-05, "total": 0.002910199575126171}