{"temporal0": 0.00071298, "temporal1": 1.121e-05, "temporal2": 1.209e-05, "temporal3": 1.238e-05, "temporal4": 1.237e-05, "total": 0.001469290116801858}