{"temporal0": 0.00074918, "temporal1": 8.58e-06, "temporal2": 9.13e-06, "temporal3": 0.00071044, "temporal4": 9.06e-06, "total": 0.0022388685029000044}