{"temporal0": 9.93e-06, "temporal1": 0.00074731, "temporal2": 0.00070735, "temporal3": 1.09e-05, "temporal4": 1.091e-05, "total": 0.0015013801166787744}