{"temporal0": 1.068e-05, "temporal1": 0.00071042, "temporal2": 1.185e-05, "temporal3": 0.00071476, "temporal4": 1.248e-05, "total": 0.0014786826213821769}