{"temporal0": 9.34e-06, "temporal1": 0.00070742, "temporal2": 0.00074619, "temporal3": 1.051e-05, "temporal4": 1.03e-05, "total": 0.0014926260337233543}