{"temporal0": 0.0014413, "temporal1": 8.62e-06, "temporal2": 9.58e-06, "temporal3": 9.89e-06, "temporal4": 1e-05, "total": 0.0029025166295468807}