{"temporal0": 9.63e-06, "temporal1": 9.96e-06, "temporal2": 0.00071617, "temporal3": 1.121e-05, "temporal4": 0.00071118, "total": 0.0014705914072692394}