{"temporal0": 1.092e-05, "temporal1": 1.097e-05, "temporal2": 1.202e-05, "temporal3": 1.253e-05, "temporal4": 0.00140177, "total": 0.0014685698552057147}