{"temporal0": 1.121e-05, "temporal1": 1.152e-05, "temporal2": 0.00070908, "temporal3": 0.00070261, "temporal4": 1.283e-05, "total": 0.001466853660531342}