{"temporal0": 1.378e-05, "temporal1": 1.219e-05, "temporal2": 0.0007101, "temporal3": 1.32e-05, "temporal4": 1.333e-05, "total": 0.000789047684520483}