{"temporal0": 1.08e-05, "temporal1": 0.00071043, "temporal2": 1.06e-05, "temporal3": 1.095e-05, "temporal4": 0.00072262, "total": 0.0014806403778493404}