{"temporal0": 0.00071043, "temporal1": 0.00070492, "temporal2": 1.363e-05, "temporal3": 1.404e-05, "temporal4": 1.417e-05, "total": 0.0021390076726675034}