{"temporal0": 1.408e-05, "temporal1": 1.266e-05, "temporal2": 0.00069933, "temporal3": 1.304e-05, "temporal4": 0.00069866, "total": 0.0014594434760510921}