{"temporal0": 0.00071852, "temporal1": 0.00070352, "temporal2": 1.265e-05, "temporal3": 1.304e-05, "temporal4": 1.324e-05, "total": 0.002139133168384433}