{"temporal0": 1.048e-05, "temporal1": 0.00072996, "temporal2": 1.005e-05, "temporal3": 1.028e-05, "temporal4": 0.0007023, "total": 0.0014806159306317568}