{"temporal0": 1.141e-05, "temporal1": 9.9e-06, "temporal2": 0.00072701, "temporal3": 1.084e-05, "temporal4": 1.095e-05, "total": 0.0007861008634790778}