{"temporal0": 1.381e-05, "temporal1": 1.223e-05, "temporal2": 1.27e-05, "temporal3": 0.00069693, "temporal4": 1.23e-05, "total": 0.000768410915043205}