{"temporal0": 0.00071026, "temporal1": 1.031e-05, "temporal2": 1.085e-05, "temporal3": 1.112e-05, "temporal4": 1.127e-05, "total": 0.0014203621540218592}