{"temporal0": 0.00074854, "temporal1": 0.00070017, "temporal2": 1.011e-05, "temporal3": 9.92e-06, "temporal4": 9.68e-06, "total": 0.002230254001915455}