{"temporal0": 1.141e-05, "temporal1": 0.00071323, "temporal2": 9.81e-06, "temporal3": 0.00074306, "temporal4": 9.31e-06, "total": 0.0014951385091990232}