{"temporal0": 0.00072972, "temporal1": 9.19e-06, "temporal2": 0.00070874, "temporal3": 9.84e-06, "temporal4": 9.81e-06, "total": 0.0022147526033222675}