{"temporal0": 0.00071863, "temporal1": 1.042e-05, "temporal2": 1.101e-05, "temporal3": 1.111e-05, "temporal4": 1.117e-05, "total": 0.0014969308394938707}