{"temporal0": 0.00070625, "temporal1": 1.167e-05, "temporal2": 1.214e-05, "temporal3": 0.00070288, "temporal4": 1.249e-05, "total": 0.002118002623319626}