{"temporal0": 1.351e-05, "temporal1": 1.276e-05, "temporal2": 0.00138909, "temporal3": 1.382e-05, "temporal4": 1.391e-05, "total": 0.0014650075463578105}