{"temporal0": 1.258e-05, "temporal1": 1.117e-05, "temporal2": 1.16e-05, "temporal3": 1.182e-05, "temporal4": 0.0006986, "total": 0.0007598279626108706}