{"temporal0": 1.262e-05, "temporal1": 1.078e-05, "temporal2": 1.098e-05, "temporal3": 0.00070951, "temporal4": 0.00070866, "total": 0.0014638688880950212}