{"temporal0": 1.156e-05, "temporal1": 1.055e-05, "temporal2": 0.00074164, "temporal3": 1.108e-05, "temporal4": 0.00070568, "total": 0.0014945990405976772}