{"temporal0": 9.62e-06, "temporal1": 0.0007426, "temporal2": 8.47e-06, "temporal3": 0.00072149, "temporal4": 8.56e-06, "total": 0.001497809891588986}