{"temporal0": 1.148e-05, "temporal1": 1.036e-05, "temporal2": 1.095e-05, "temporal3": 1.122e-05, "temporal4": 0.00074262, "total": 0.0008007686119526625}