{"temporal0": 0.00139507, "temporal1": 1.346e-05, "temporal2": 1.398e-05, "temporal3": 1.399e-05, "temporal4": 1.369e-05, "total": 0.002840186934918165}