{"temporal0": 1.316e-05, "temporal1": 1.272e-05, "temporal2": 1.358e-05, "temporal3": 0.0013915, "temporal4": 1.404e-05, "total": 0.0014656512066721916}