{"temporal0": 6.785e-05, "temporal1": 3.334e-05, "temporal2": 0.00105778, "temporal3": 2.628e-05, "temporal4": 2.631e-05, "total": 0.0012230012798681855}