{"temporal0": 0.00077105, "temporal1": 4.45e-06, "temporal2": 4.09e-06, "temporal3": 0.00076829, "temporal4": 3.99e-06, "total": 0.002325459150597453}