{"temporal0": 7.15e-06, "temporal1": 4.78e-06, "temporal2": 0.00077037, "temporal3": 4.38e-06, "temporal4": 0.00076914, "total": 0.0015612214338034391}