{"temporal0": 4.966e-05, "temporal1": 0.00053802, "temporal2": 2.114e-05, "temporal3": 0.0010473, "temporal4": 2.134e-05, "total": 0.0016891669947654009}