{"temporal0": 0.00077242, "temporal1": 0.00076932, "temporal2": 4.62e-06, "temporal3": 4.61e-06, "temporal4": 4.59e-06, "total": 0.0023291688412427902}