{"temporal0": 6.338e-05, "temporal1": 0.00054525, "temporal2": 2.529e-05, "temporal3": 0.00053956, "temporal4": 0.00053932, "total": 0.0017238607397302985}