{"temporal0": 6.82e-06, "temporal1": 0.00077051, "temporal2": 0.00077044, "temporal3": 3.96e-06, "temporal4": 3.93e-06, "total": 0.0015614080475643277}