{"temporal0": 0.00108199, "temporal1": 2.77e-05, "temporal2": 2.329e-05, "temporal3": 2.247e-05, "temporal4": 2.235e-05, "total": 0.0022174797486513853}