{"temporal0": 7.02e-06, "temporal1": 4.58e-06, "temporal2": 4.19e-06, "temporal3": 4.12e-06, "temporal4": 0.00077066, "total": 0.0007963285315781832}