{"temporal0": 5.208e-05, "temporal1": 0.00053862, "temporal2": 2.194e-05, "temporal3": 2.158e-05, "temporal4": 0.00104757, "total": 0.0016936250030994415}