{"temporal0": 7.55e-06, "temporal1": 5.23e-06, "temporal2": 4.94e-06, "temporal3": 4.97e-06, "temporal4": 0.00076789, "total": 0.0007956599583849311}