{"temporal0": 6.64e-06, "temporal1": 4.43e-06, "temporal2": 0.00153444, "temporal3": 3.96e-06, "temporal4": 3.98e-06, "total": 0.0015584267675876617}