{"temporal0": 0.00057368, "temporal1": 2.971e-05, "temporal2": 2.476e-05, "temporal3": 2.444e-05, "temporal4": 0.00053903, "total": 0.0017178787384182215}