{"temporal0": 6.83e-06, "temporal1": 4.51e-06, "temporal2": 0.00076886, "temporal3": 0.00076908, "temporal4": 4.06e-06, "total": 0.0015589355025440454}