{"temporal0": 6.602e-05, "temporal1": 3.225e-05, "temporal2": 2.65e-05, "temporal3": 2.534e-05, "temporal4": 0.00054007, "total": 0.0007015527808107436}