{"temporal0": 6.74e-06, "temporal1": 4.43e-06, "temporal2": 4.08e-06, "temporal3": 0.0007687, "temporal4": 3.98e-06, "total": 0.0007927451515570283}