{"temporal0": 0.00057152, "temporal1": 2.867e-05, "temporal2": 0.00053821, "temporal3": 2.334e-05, "temporal4": 0.000538, "total": 0.002224561758339405}