{"temporal0": 0.00056666, "temporal1": 2.686e-05, "temporal2": 0.00053848, "temporal3": 0.00053671, "temporal4": 2.178e-05, "total": 0.0022152394521981478}