{"temporal0": 0.00077278, "temporal1": 4.58e-06, "temporal2": 4.22e-06, "temporal3": 4.18e-06, "temporal4": 0.00076873, "total": 0.002329851035028696}