{"temporal0": 5.382e-05, "temporal1": 0.00105359, "temporal2": 2.202e-05, "temporal3": 2.137e-05, "temporal4": 0.00053528, "total": 0.0016975338803604245}