{"temporal0": 6.45e-06, "temporal1": 0.00076865, "temporal2": 0.00076839, "temporal3": 3.96e-06, "temporal4": 3.91e-06, "total": 0.0015567562077194452}