{"temporal0": 0.00077088, "temporal1": 4.36e-06, "temporal2": 4e-06, "temporal3": 3.87e-06, "temporal4": 0.00076878, "total": 0.0023250847589224577}