{"temporal0": 0.00055938, "temporal1": 0.00053563, "temporal2": 0.00053295, "temporal3": 1.847e-05, "temporal4": 1.862e-05, "total": 0.002188186626881361}