{"temporal0": 0.00157996, "temporal1": 2.085e-05, "temporal2": 1.794e-05, "temporal3": 1.758e-05, "temporal4": 1.771e-05, "total": 0.0032041436061263084}