{"temporal0": 0.00077181, "temporal1": 3.91e-06, "temporal2": 3.64e-06, "temporal3": 0.00076981, "temporal4": 3.59e-06, "total": 0.0023259378504008055}