{"temporal0": 4.246e-05, "temporal1": 2.199e-05, "temporal2": 0.00053204, "temporal3": 0.00053163, "temporal4": 1.901e-05, "total": 0.00115746702067554}