{"temporal0": 0.00077259, "temporal1": 3.87e-06, "temporal2": 0.00077061, "temporal3": 3.5e-06, "temporal4": 3.51e-06, "total": 0.0023272032849490643}