{"temporal0": 6.96e-06, "temporal1": 0.00076919, "temporal2": 4.29e-06, "temporal3": 4.22e-06, "temporal4": 0.00076762, "total": 0.00155764096416533}