{"temporal0": 6.65e-06, "temporal1": 0.00076837, "temporal2": 4.06e-06, "temporal3": 0.00076698, "temporal4": 3.98e-06, "total": 0.0015547034563496709}