{"temporal0": 0.00056109, "temporal1": 0.00053692, "temporal2": 1.952e-05, "temporal3": 0.0005329, "temporal4": 1.883e-05, "total": 0.0021932926028966904}