{"temporal0": 4.814e-05, "temporal1": 2.359e-05, "temporal2": 0.00053399, "temporal3": 0.0005333, "temporal4": 1.969e-05, "total": 0.00117009156383574}