{"temporal0": 6.13e-06, "temporal1": 4.07e-06, "temporal2": 3.75e-06, "temporal3": 0.00076926, "temporal4": 3.67e-06, "total": 0.0007915562600828707}