{"temporal0": 0.00077154, "temporal1": 0.00076865, "temporal2": 4.28e-06, "temporal3": 4.23e-06, "temporal4": 4.17e-06, "total": 0.002327708527445793}