{"temporal0": 6.78e-06, "temporal1": 4.55e-06, "temporal2": 4.21e-06, "temporal3": 0.00076922, "temporal4": 4.11e-06, "total": 0.0007942180964164436}