{"temporal0": 0.00153437, "temporal1": 4.91e-06, "temporal2": 4.55e-06, "temporal3": 4.49e-06, "temporal4": 4.46e-06, "total": 0.0030936149414628744}