{"temporal0": 7.23e-06, "temporal1": 0.00076893, "temporal2": 4.69e-06, "temporal3": 4.73e-06, "temporal4": 0.00076765, "total": 0.001557985320687294}