{"temporal0": 3.75e-06, "temporal1": 3.96e-06, "temporal2": 0.00050112, "temporal3": 5.08e-06, "temporal4": 0.00050173, "total": 0.001020178897306323}