{"temporal0": 3.8e-06, "temporal1": 0.00050305, "temporal2": 0.00050295, "temporal3": 5.02e-06, "temporal4": 0.00049872, "total": 0.0015175056178122759}