{"temporal0": 3.71e-06, "temporal1": 0.00050234, "temporal2": 0.0005074, "temporal3": 5.06e-06, "temporal4": 5.36e-06, "total": 0.001028277212753892}