{"temporal0": 3.68e-06, "temporal1": 0.00050831, "temporal2": 4.5e-06, "temporal3": 4.96e-06, "temporal4": 0.0004999, "total": 0.0010253004729747772}