{"temporal0": 5.74e-06, "temporal1": 0.00074455, "temporal2": 5.93e-06, "temporal3": 0.00075169, "temporal4": 6.23e-06, "total": 0.0015185008523985744}