{"temporal0": 6.64e-06, "temporal1": 6.33e-06, "temporal2": 7.03e-06, "temporal3": 7.42e-06, "temporal4": 0.00146068, "total": 0.0014995522797107697}