{"temporal0": 5.63e-06, "temporal1": 0.00073807, "temporal2": 6.33e-06, "temporal3": 6.66e-06, "temporal4": 0.00073192, "total": 0.0014943676069378853}