{"temporal0": 5.46e-06, "temporal1": 5.64e-06, "temporal2": 0.00075231, "temporal3": 0.00073112, "temporal4": 6.41e-06, "total": 0.0015048653585836291}