{"temporal0": 0.00075584, "temporal1": 6.18e-06, "temporal2": 7.07e-06, "temporal3": 7.46e-06, "temporal4": 7.59e-06, "total": 0.0015482091112062335}