{"temporal0": 3.76e-06, "temporal1": 3.99e-06, "temporal2": 4.61e-06, "temporal3": 0.00049844, "temporal4": 0.00100114, "total": 0.0015158022288233042}