{"temporal0": 0.0014759, "temporal1": 6.64e-06, "temporal2": 7.46e-06, "temporal3": 7.91e-06, "temporal4": 8.05e-06, "total": 0.002957412274554372}