{"temporal0": 4.4e-06, "temporal1": 3.78e-06, "temporal2": 0.00050363, "temporal3": 0.00050135, "temporal4": 0.00050112, "total": 0.0015186499804258347}