{"temporal0": 0.00050404, "temporal1": 4.14e-06, "temporal2": 0.00049851, "temporal3": 5.47e-06, "temporal4": 0.00050229, "total": 0.002019145991653204}