{"temporal0": 0.0007381, "temporal1": 6.57e-06, "temporal2": 7.45e-06, "temporal3": 0.00072731, "temporal4": 7.63e-06, "total": 0.0022256425581872463}