{"temporal0": 6.22e-06, "temporal1": 0.00073296, "temporal2": 7.52e-06, "temporal3": 8.03e-06, "temporal4": 8.23e-06, "total": 0.0007692990475334227}