{"temporal0": 0.00074218, "temporal1": 6.04e-06, "temporal2": 6.8e-06, "temporal3": 7.1e-06, "temporal4": 0.0007263, "total": 0.002237499225884676}