{"temporal0": 0.00051064, "temporal1": 0.00050434, "temporal2": 4.73e-06, "temporal3": 5.14e-06, "temporal4": 5.39e-06, "total": 0.001544250058941543}