{"temporal0": 0.0005074, "temporal1": 3.64e-06, "temporal2": 0.00050141, "temporal3": 4.5e-06, "temporal4": 4.79e-06, "total": 0.001524514751508832}