{"temporal0": 3.49e-06, "temporal1": 0.00050436, "temporal2": 0.00050059, "temporal3": 0.0004995, "temporal4": 5.22e-06, "total": 0.0015160894254222512}