{"temporal0": 7.37e-06, "temporal1": 7.1e-06, "temporal2": 7.77e-06, "temporal3": 0.0007303, "temporal4": 7.93e-06, "total": 0.0007677630637772381}