{"temporal0": 0.00100908, "temporal1": 3.85e-06, "temporal2": 4.58e-06, "temporal3": 0.0005023, "temporal4": 5.39e-06, "total": 0.0025275812949985266}