{"temporal0": 6.59e-06, "temporal1": 0.00072701, "temporal2": 9.18e-06, "temporal3": 9.83e-06, "temporal4": 1.005e-05, "total": 0.0007701009162701666}