{"temporal0": 0.00074382, "temporal1": 7.07e-06, "temporal2": 0.00073295, "temporal3": 8.78e-06, "temporal4": 9.12e-06, "total": 0.0022290123160928488}