{"temporal0": 6.57e-06, "temporal1": 0.00073608, "temporal2": 0.00073819, "temporal3": 8.93e-06, "temporal4": 9.29e-06, "total": 0.001505393418483436}