{"temporal0": 0.0007394, "temporal1": 6.96e-06, "temporal2": 8.37e-06, "temporal3": 9.19e-06, "temporal4": 9.53e-06, "total": 0.001501053455285728}