{"temporal0": 7.24e-06, "temporal1": 6.48e-06, "temporal2": 0.00073127, "temporal3": 0.0007352, "temporal4": 7.3e-06, "total": 0.0014962211716920137}