{"temporal0": 4.3e-06, "temporal1": 0.0014968, "temporal2": 4.75e-06, "temporal3": 5.01e-06, "temporal4": 5.17e-06, "total": 0.0015215574530884624}