{"temporal0": 7.26e-06, "temporal1": 7.07e-06, "temporal2": 7.9e-06, "temporal3": 8.33e-06, "temporal4": 0.0014543, "total": 0.0014901121612638235}