{"temporal0": 3.68e-06, "temporal1": 4.32e-06, "temporal2": 4.99e-06, "temporal3": 0.0004996, "temporal4": 5.75e-06, "total": 0.0005223549669608474}