{"temporal0": 7.76e-06, "temporal1": 7.41e-06, "temporal2": 0.00072956, "temporal3": 0.00072875, "temporal4": 9.17e-06, "total": 0.0014939444372430444}