{"temporal0": 7.6e-06, "temporal1": 8.33e-06, "temporal2": 9.65e-06, "temporal3": 1.027e-05, "temporal4": 0.00074934, "total": 0.000791852711699903}