{"temporal0": 0.00100888, "temporal1": 3.96e-06, "temporal2": 4.58e-06, "temporal3": 0.0005071, "temporal4": 5.12e-06, "total": 0.002543932292610407}