{"temporal0": 0.00050677, "temporal1": 0.00050004, "temporal2": 4.78e-06, "temporal3": 0.0005017, "temporal4": 5.55e-06, "total": 0.002022332977503538}