{"temporal0": 7.21e-06, "temporal1": 8.4e-06, "temporal2": 0.00072625, "temporal3": 1.089e-05, "temporal4": 1.126e-05, "total": 0.0007724992465227842}