{"temporal0": 7.28e-06, "temporal1": 7.82e-06, "temporal2": 0.00072219, "temporal3": 0.00073707, "temporal4": 9.77e-06, "total": 0.0014895086642354727}