{"temporal0": 5.63e-06, "temporal1": 0.00148098, "temporal2": 7.59e-06, "temporal3": 8.13e-06, "temporal4": 8.34e-06, "total": 0.0015163097996264696}