{"temporal0": 0.00149169, "temporal1": 5.71e-06, "temporal2": 6.84e-06, "temporal3": 7.46e-06, "temporal4": 7.83e-06, "total": 0.003039875766262412}