{"temporal0": 1.031e-05, "temporal1": 9.53e-06, "temporal2": 0.00072016, "temporal3": 0.00070075, "temporal4": 1.073e-05, "total": 0.0014648764627054334}