{"temporal0": 1.14e-05, "temporal1": 0.00069334, "temporal2": 1.252e-05, "temporal3": 1.299e-05, "temporal4": 0.00074186, "total": 0.0014873866457492113}