{"temporal0": 1.217e-05, "temporal1": 0.00069403, "temporal2": 0.00070354, "temporal3": 1.318e-05, "temporal4": 1.328e-05, "total": 0.0014558766270056367}