{"temporal0": 1.127e-05, "temporal1": 1.089e-05, "temporal2": 0.00074089, "temporal3": 1.195e-05, "temporal4": 1.194e-05, "total": 0.0008005498675629497}