{"temporal0": 1.214e-05, "temporal1": 0.00074121, "temporal2": 1.299e-05, "temporal3": 1.333e-05, "temporal4": 1.344e-05, "total": 0.000809921242762357}