{"temporal0": 1.033e-05, "temporal1": 9.96e-06, "temporal2": 0.00069341, "temporal3": 0.0007213, "temporal4": 1.134e-05, "total": 0.0014592261286452413}