{"temporal0": 1.135e-05, "temporal1": 1.115e-05, "temporal2": 0.00068675, "temporal3": 1.215e-05, "temporal4": 1.198e-05, "total": 0.0007460638880729675}