{"temporal0": 0.00070826, "temporal1": 0.00069758, "temporal2": 1.279e-05, "temporal3": 1.342e-05, "temporal4": 1.374e-05, "total": 0.002112456364557147}