{"temporal0": 0.0007145, "temporal1": 1.106e-05, "temporal2": 1.199e-05, "temporal3": 1.247e-05, "temporal4": 0.0006941, "total": 0.002115019131451845}