{"temporal0": 0.00072912, "temporal1": 9.57e-06, "temporal2": 1.057e-05, "temporal3": 1.1e-05, "temporal4": 1.119e-05, "total": 0.0015187868848443031}