{"temporal0": 0.00070823, "temporal1": 1.225e-05, "temporal2": 1.328e-05, "temporal3": 1.348e-05, "temporal4": 1.353e-05, "total": 0.0014785978710278869}