{"temporal0": 1.334e-05, "temporal1": 1.316e-05, "temporal2": 0.0006875, "temporal3": 1.432e-05, "temporal4": 0.0007016, "total": 0.0014465111307799816}