{"temporal0": 1.379e-05, "temporal1": 0.00070584, "temporal2": 1.541e-05, "temporal3": 1.573e-05, "temporal4": 0.00068027, "total": 0.0014456994831562042}