{"temporal0": 1.253e-05, "temporal1": 1.143e-05, "temporal2": 1.204e-05, "temporal3": 0.00068916, "temporal4": 0.00071716, "total": 0.0014562566066160798}