{"temporal0": 1.176e-05, "temporal1": 0.0007174, "temporal2": 1.306e-05, "temporal3": 1.347e-05, "temporal4": 1.355e-05, "total": 0.000783255381975323}