{"temporal0": 0.00069736, "temporal1": 1.221e-05, "temporal2": 1.284e-05, "temporal3": 0.00073896, "temporal4": 1.281e-05, "total": 0.002136007184162736}