{"temporal0": 0.00069577, "temporal1": 1.372e-05, "temporal2": 1.482e-05, "temporal3": 1.528e-05, "temporal4": 0.00069681, "total": 0.002098631113767624}