{"temporal0": 0.00069458, "temporal1": 1.395e-05, "temporal2": 0.00069849, "temporal3": 1.524e-05, "temporal4": 1.512e-05, "total": 0.00212332746013999}