{"temporal0": 1.348e-05, "temporal1": 1.371e-05, "temporal2": 1.488e-05, "temporal3": 0.001367, "temporal4": 1.546e-05, "total": 0.001440743450075388}