{"temporal0": 1.453e-05, "temporal1": 1.423e-05, "temporal2": 1.49e-05, "temporal3": 0.00068506, "temporal4": 1.456e-05, "total": 0.0007590570021420717}