{"temporal0": 0.00147207, "temporal1": 1.013e-05, "temporal2": 1.089e-05, "temporal3": 1.103e-05, "temporal4": 1.1e-05, "total": 0.0029950665775686502}