{"temporal0": 1.444e-05, "temporal1": 0.00069696, "temporal2": 1.629e-05, "temporal3": 1.706e-05, "temporal4": 0.00068195, "total": 0.0014495672658085823}