{"temporal0": 0.00076705, "temporal1": 0.00076131, "temporal2": 2.96e-06, "temporal3": 3.12e-06, "temporal4": 3.16e-06, "total": 0.0023092557676136494}