{"temporal0": 7.99e-06, "temporal1": 0.00051486, "temporal2": 4.37e-06, "temporal3": 0.00102509, "temporal4": 4.34e-06, "total": 0.0015617788303643465}