{"temporal0": 3.76e-06, "temporal1": 0.00076373, "temporal2": 0.00076272, "temporal3": 4.37e-06, "temporal4": 4.33e-06, "total": 0.0015421506250277162}