{"temporal0": 7.04e-06, "temporal1": 0.00051573, "temporal2": 4.18e-06, "temporal3": 4.09e-06, "temporal4": 0.00102551, "total": 0.001561520854011178}