{"temporal0": 3.74e-06, "temporal1": 3.32e-06, "temporal2": 0.0007596, "temporal3": 3.88e-06, "temporal4": 3.84e-06, "total": 0.0007779164589010179}