{"temporal0": 7.05e-06, "temporal1": 4.57e-06, "temporal2": 0.00051534, "temporal3": 4.17e-06, "temporal4": 4.23e-06, "total": 0.0005400473019108176}