{"temporal0": 6.86e-06, "temporal1": 0.00051577, "temporal2": 0.00051478, "temporal3": 5.04e-06, "temporal4": 0.00051462, "total": 0.0015614561270922422}