{"temporal0": 7.3e-06, "temporal1": 4.77e-06, "temporal2": 0.00051438, "temporal3": 4.29e-06, "temporal4": 4.32e-06, "total": 0.0005399980000220239}