{"temporal0": 0.00103057, "temporal1": 0.00051563, "temporal2": 4.16e-06, "temporal3": 4.1e-06, "temporal4": 4.16e-06, "total": 0.0025872327387332916}