{"temporal0": 7.24e-06, "temporal1": 4.88e-06, "temporal2": 4.44e-06, "temporal3": 0.00051558, "temporal4": 0.00051514, "total": 0.0010521344374865294}