{"temporal0": 0.0010303, "temporal1": 0.00051572, "temporal2": 4.18e-06, "temporal3": 4.12e-06, "temporal4": 4.17e-06, "total": 0.0025851463433355093}