{"temporal0": 3.47e-06, "temporal1": 3.15e-06, "temporal2": 3.26e-06, "temporal3": 3.28e-06, "temporal4": 0.00075849, "total": 0.0007743199821561575}