{"temporal0": 0.0007626, "temporal1": 3.46e-06, "temporal2": 3.88e-06, "temporal3": 0.0007563, "temporal4": 4.02e-06, "total": 0.002297386061400175}