{"temporal0": 3.53e-06, "temporal1": 3.53e-06, "temporal2": 3.96e-06, "temporal3": 0.00075732, "temporal4": 4.14e-06, "total": 0.000775338034145534}