{"temporal0": 7.96e-06, "temporal1": 5.09e-06, "temporal2": 0.00051524, "temporal3": 0.00051386, "temporal4": 0.0005145, "total": 0.0015617681201547384}