{"temporal0": 0.00076346, "temporal1": 3.45e-06, "temporal2": 3.89e-06, "temporal3": 4.16e-06, "temporal4": 4.07e-06, "total": 0.0015500967856496572}