{"temporal0": 0.00051882, "temporal1": 0.00051583, "temporal2": 4.16e-06, "temporal3": 0.00051452, "temporal4": 4.21e-06, "total": 0.0020740076433867216}