{"temporal0": 3.29e-06, "temporal1": 2.88e-06, "temporal2": 3.06e-06, "temporal3": 3.14e-06, "temporal4": 0.00075893, "total": 0.0007745333132334054}