{"temporal0": 3.52e-06, "temporal1": 3.18e-06, "temporal2": 3.39e-06, "temporal3": 0.00076081, "temporal4": 0.00075855, "total": 0.0015332720940932631}