{"temporal0": 3.31e-06, "temporal1": 0.00076342, "temporal2": 3.04e-06, "temporal3": 3.18e-06, "temporal4": 3.18e-06, "total": 0.0007787332870066166}