{"temporal0": 0.00076613, "temporal1": 0.0007579, "temporal2": 3.52e-06, "temporal3": 3.63e-06, "temporal4": 3.69e-06, "total": 0.0023009427823126316}