{"temporal0": 4.31e-06, "temporal1": 4.16e-06, "temporal2": 0.00150916, "temporal3": 5.06e-06, "temporal4": 5.06e-06, "total": 0.0015307203866541386}