{"temporal0": 0.00076181, "temporal1": 0.00075983, "temporal2": 4.39e-06, "temporal3": 4.53e-06, "temporal4": 4.45e-06, "total": 0.00229896348901093}