{"temporal0": 0.00153946, "temporal1": 4.59e-06, "temporal2": 4.3e-06, "temporal3": 4.26e-06, "temporal4": 4.31e-06, "total": 0.0031017023138701916}