{"temporal0": 0.00076294, "temporal1": 0.00075916, "temporal2": 4.24e-06, "temporal3": 4.53e-06, "temporal4": 4.56e-06, "total": 0.002301874803379178}