{"temporal0": 3.7e-06, "temporal1": 3.71e-06, "temporal2": 0.00150877, "temporal3": 4.47e-06, "temporal4": 4.33e-06, "total": 0.0015281842788681388}