{"temporal0": 0.00051793, "temporal1": 0.00051484, "temporal2": 4.85e-06, "temporal3": 4.94e-06, "temporal4": 0.00051512, "total": 0.0020736174192279577}