{"temporal0": 0.00076621, "temporal1": 3.39e-06, "temporal2": 3.72e-06, "temporal3": 0.00075832, "temporal4": 3.92e-06, "total": 0.0023051314055919647}