{"temporal0": 6.97e-06, "temporal1": 4.72e-06, "temporal2": 4.5e-06, "temporal3": 4.46e-06, "temporal4": 0.00051388, "total": 0.0005388010758906603}