{"temporal0": 6.89e-06, "temporal1": 4.7e-06, "temporal2": 0.00051424, "temporal3": 0.00102362, "temporal4": 4.41e-06, "total": 0.0015583760105073452}