{"temporal0": 4.96e-06, "temporal1": 3.98e-06, "temporal2": 4.15e-06, "temporal3": 0.00076101, "temporal4": 0.00075804, "total": 0.001537099713459611}