{"temporal0": 4.61e-06, "temporal1": 3.84e-06, "temporal2": 4.02e-06, "temporal3": 0.00075653, "temporal4": 4.1e-06, "total": 0.0007791942916810513}