{"temporal0": 0.00076509, "temporal1": 3.12e-06, "temporal2": 0.00075967, "temporal3": 3.65e-06, "temporal4": 3.69e-06, "total": 0.0023017970379441977}