{"temporal0": 0.00051829, "temporal1": 4.51e-06, "temporal2": 0.00102332, "temporal3": 4.16e-06, "temporal4": 4.2e-06, "total": 0.0020706653594970703}