{"temporal0": 3.31e-06, "temporal1": 3.13e-06, "temporal2": 3.35e-06, "temporal3": 3.43e-06, "temporal4": 0.00152004, "total": 0.0015362957492470741}