{"temporal0": 3.92e-06, "temporal1": 0.00075914, "temporal2": 3.6e-06, "temporal3": 0.00075832, "temporal4": 3.68e-06, "total": 0.0015340734971687198}