{"temporal0": 4.2e-06, "temporal1": 3.47e-06, "temporal2": 3.65e-06, "temporal3": 3.7e-06, "temporal4": 0.00150884, "total": 0.001528691966086626}