{"temporal0": 0.00066934, "temporal1": 0.00068084, "temporal2": 1.96e-05, "temporal3": 1.977e-05, "temporal4": 1.945e-05, "total": 0.0020722586195915937}