{"temporal0": 0.00067091, "temporal1": 1.775e-05, "temporal2": 1.988e-05, "temporal3": 0.00067636, "temporal4": 2.149e-05, "total": 0.002038694219663739}