{"temporal0": 1.866e-05, "temporal1": 0.00065526, "temporal2": 2.066e-05, "temporal3": 2.144e-05, "temporal4": 0.00067642, "total": 0.0014158622361719608}