{"temporal0": 2.211e-05, "temporal1": 2.202e-05, "temporal2": 2.413e-05, "temporal3": 0.00065455, "temporal4": 2.42e-05, "total": 0.0007734238170087337}