{"temporal0": 0.00141147, "temporal1": 1.432e-05, "temporal2": 1.512e-05, "temporal3": 1.498e-05, "temporal4": 1.46e-05, "total": 0.0029224171303212643}