{"temporal0": 2.036e-05, "temporal1": 2.041e-05, "temporal2": 2.248e-05, "temporal3": 0.00065131, "temporal4": 0.00065189, "total": 0.001396980369463563}