{"temporal0": 1.382e-05, "temporal1": 1.354e-05, "temporal2": 1.444e-05, "temporal3": 0.00071797, "temporal4": 0.00071754, "total": 0.0014869214501231909}