{"temporal0": 2.029e-05, "temporal1": 0.00130697, "temporal2": 2.292e-05, "temporal3": 2.384e-05, "temporal4": 2.423e-05, "total": 0.0014283615164458752}