{"temporal0": 0.00068922, "temporal1": 1.953e-05, "temporal2": 2.165e-05, "temporal3": 2.22e-05, "temporal4": 2.235e-05, "total": 0.0014864151598885655}