{"temporal0": 2.005e-05, "temporal1": 2.026e-05, "temporal2": 0.00066476, "temporal3": 0.00065207, "temporal4": 2.387e-05, "total": 0.0014111243654042482}