{"temporal0": 2.424e-05, "temporal1": 2.366e-05, "temporal2": 0.00065233, "temporal3": 2.525e-05, "temporal4": 2.48e-05, "total": 0.0007796818390488625}