{"temporal0": 1.687e-05, "temporal1": 0.00072668, "temporal2": 0.00065162, "temporal3": 1.775e-05, "temporal4": 1.775e-05, "total": 0.0014490706380456686}