{"temporal0": 1.791e-05, "temporal1": 1.795e-05, "temporal2": 0.00064975, "temporal3": 1.976e-05, "temporal4": 1.983e-05, "total": 0.0007454779697582126}