{"temporal0": 1.366e-05, "temporal1": 0.00069389, "temporal2": 0.00068938, "temporal3": 1.578e-05, "temporal4": 1.523e-05, "total": 0.0014362273504957557}