{"temporal0": 2.182e-05, "temporal1": 2.099e-05, "temporal2": 2.255e-05, "temporal3": 2.316e-05, "temporal4": 0.00064703, "total": 0.0007603204576298594}