{"temporal0": 2.042e-05, "temporal1": 1.987e-05, "temporal2": 2.149e-05, "temporal3": 2.216e-05, "temporal4": 0.00065373, "total": 0.0007645446457900107}