{"temporal0": 0.00067363, "temporal1": 1.704e-05, "temporal2": 1.877e-05, "temporal3": 0.00068597, "temporal4": 2.004e-05, "total": 0.0020450011361390352}