{"temporal0": 1.557e-05, "temporal1": 1.467e-05, "temporal2": 1.557e-05, "temporal3": 1.573e-05, "temporal4": 0.00068343, "total": 0.0007544805412180722}