{"temporal0": 1.961e-05, "temporal1": 0.00065509, "temporal2": 0.00072018, "temporal3": 1.841e-05, "temporal4": 1.785e-05, "total": 0.0014497734373435378}