{"temporal0": 1.893e-05, "temporal1": 1.887e-05, "temporal2": 0.00067338, "temporal3": 2.145e-05, "temporal4": 0.00065986, "total": 0.0014146682806313038}