{"temporal0": 0.00132002, "temporal1": 2.077e-05, "temporal2": 2.272e-05, "temporal3": 2.335e-05, "temporal4": 2.34e-05, "total": 0.002686643972992897}