{"temporal0": 0.00066556, "temporal1": 1.923e-05, "temporal2": 2.113e-05, "temporal3": 0.00066861, "temporal4": 2.233e-05, "total": 0.00203978200443089}