{"temporal0": 7.67e-06, "temporal1": 7.67e-06, "temporal2": 8.39e-06, "temporal3": 0.00071708, "temporal4": 0.00074759, "total": 0.0014941832050681114}