{"temporal0": 0.00072164, "temporal1": 9.73e-06, "temporal2": 1.056e-05, "temporal3": 1.082e-05, "temporal4": 1.077e-05, "total": 0.0014823400415480137}