{"temporal0": 7.4e-06, "temporal1": 0.00072566, "temporal2": 8.41e-06, "temporal3": 8.65e-06, "temporal4": 8.65e-06, "total": 0.0007690072525292635}