{"temporal0": 0.00072909, "temporal1": 8.87e-06, "temporal2": 9.51e-06, "temporal3": 9.55e-06, "temporal4": 9.42e-06, "total": 0.0015039942227303982}