{"temporal0": 6.93e-06, "temporal1": 6.86e-06, "temporal2": 7.54e-06, "temporal3": 0.00072314, "temporal4": 0.00073263, "total": 0.0014865900157019496}