{"temporal0": 8.9e-06, "temporal1": 0.0007209, "temporal2": 1.031e-05, "temporal3": 0.00071107, "temporal4": 1.063e-05, "total": 0.0014750552363693714}