{"temporal0": 7.38e-06, "temporal1": 7.73e-06, "temporal2": 8.57e-06, "temporal3": 0.00073366, "temporal4": 9.22e-06, "total": 0.0007758644642308354}