{"temporal0": 8.69e-06, "temporal1": 9.19e-06, "temporal2": 1.019e-05, "temporal3": 1.071e-05, "temporal4": 0.00071379, "total": 0.0007643613498657942}