{"temporal0": 7.15e-06, "temporal1": 0.00073429, "temporal2": 0.00074609, "temporal3": 8.03e-06, "temporal4": 7.97e-06, "total": 0.0015078107826411724}