{"temporal0": 8.93e-06, "temporal1": 9.47e-06, "temporal2": 1.047e-05, "temporal3": 0.00071505, "temporal4": 0.00071625, "total": 0.0014734375290572643}