{"temporal0": 6.92e-06, "temporal1": 0.0007459, "temporal2": 0.00072895, "temporal3": 8.57e-06, "temporal4": 8.61e-06, "total": 0.0015032872324809432}