{"temporal0": 8.38e-06, "temporal1": 9.26e-06, "temporal2": 0.0007148, "temporal3": 1.059e-05, "temporal4": 0.00071608, "total": 0.0014677923172712326}