{"temporal0": 8.25e-06, "temporal1": 9.19e-06, "temporal2": 0.00071303, "temporal3": 1.099e-05, "temporal4": 0.00072033, "total": 0.001472974894568324}