{"temporal0": 7.82e-06, "temporal1": 0.0007234, "temporal2": 9.4e-06, "temporal3": 9.84e-06, "temporal4": 1.006e-05, "total": 0.0007681894348934293}