{"temporal0": 8.75e-06, "temporal1": 9.7e-06, "temporal2": 0.00142067, "temporal3": 1.107e-05, "temporal4": 1.112e-05, "total": 0.0014717208687216043}