{"temporal0": 0.00072583, "temporal1": 9.99e-06, "temporal2": 1.112e-05, "temporal3": 1.16e-05, "temporal4": 0.00070988, "total": 0.0021790419705212116}