{"temporal0": 0.00148101, "temporal1": 7.33e-06, "temporal2": 8.16e-06, "temporal3": 8.45e-06, "temporal4": 8.54e-06, "total": 0.0030200774781405926}