{"temporal0": 0.00073007, "temporal1": 0.00071426, "temporal2": 1.004e-05, "temporal3": 1.043e-05, "temporal4": 1.049e-05, "total": 0.0021837991662323475}