{"temporal0": 7.79e-06, "temporal1": 0.00071848, "temporal2": 9.34e-06, "temporal3": 0.00074783, "temporal4": 9.68e-06, "total": 0.0015005322638899088}