{"temporal0": 7.6e-06, "temporal1": 7.86e-06, "temporal2": 0.00071783, "temporal3": 8.84e-06, "temporal4": 8.81e-06, "total": 0.0007554584881290793}