{"temporal0": 0.00143512, "temporal1": 1.081e-05, "temporal2": 1.218e-05, "temporal3": 1.279e-05, "temporal4": 1.296e-05, "total": 0.0028801881708204746}