{"temporal0": 0.00073237, "temporal1": 9.5e-06, "temporal2": 1.073e-05, "temporal3": 0.00071111, "temporal4": 1.163e-05, "total": 0.002184144454076886}