{"temporal0": 0.00074272, "temporal1": 8.85e-06, "temporal2": 0.00073855, "temporal3": 9.05e-06, "temporal4": 8.86e-06, "total": 0.0022598665673285723}