{"temporal0": 1.145e-05, "temporal1": 1.105e-05, "temporal2": 1.184e-05, "temporal3": 1.217e-05, "temporal4": 0.00070421, "total": 0.0007624687859788537}