{"temporal0": 1.151e-05, "temporal1": 0.00069647, "temporal2": 1.164e-05, "temporal3": 0.00073988, "temporal4": 1.133e-05, "total": 0.0014797538751736283}