{"temporal0": 9.6e-06, "temporal1": 8.86e-06, "temporal2": 9.58e-06, "temporal3": 0.0007182, "temporal4": 1.017e-05, "total": 0.0007613836787641048}