{"temporal0": 1.271e-05, "temporal1": 0.00070858, "temporal2": 1.206e-05, "temporal3": 0.0007059, "temporal4": 1.269e-05, "total": 0.0014733896823599935}