{"temporal0": 1.277e-05, "temporal1": 0.00074118, "temporal2": 1.211e-05, "temporal3": 1.226e-05, "temporal4": 1.226e-05, "total": 0.0008029738091863692}