{"temporal0": 1.39e-05, "temporal1": 1.381e-05, "temporal2": 1.484e-05, "temporal3": 0.00069282, "temporal4": 1.489e-05, "total": 0.0007655509980395436}