{"temporal0": 1.204e-05, "temporal1": 0.00070159, "temporal2": 0.00070919, "temporal3": 1.275e-05, "temporal4": 1.271e-05, "total": 0.001460263621993363}