{"temporal0": 1.251e-05, "temporal1": 1.124e-05, "temporal2": 1.198e-05, "temporal3": 1.228e-05, "temporal4": 0.00074033, "total": 0.0008007142459973693}