{"temporal0": 0.00070571, "temporal1": 1.198e-05, "temporal2": 1.284e-05, "temporal3": 1.323e-05, "temporal4": 0.00070775, "total": 0.00213992060162127}