{"temporal0": 1.42e-05, "temporal1": 1.419e-05, "temporal2": 1.532e-05, "temporal3": 1.577e-05, "temporal4": 0.00137114, "total": 0.0014495663344860077}