{"temporal0": 1.216e-05, "temporal1": 1.246e-05, "temporal2": 0.0006968, "temporal3": 1.381e-05, "temporal4": 1.388e-05, "total": 0.0007596259820275009}