{"temporal0": 0.00071741, "temporal1": 1.163e-05, "temporal2": 1.255e-05, "temporal3": 0.00069463, "temporal4": 1.326e-05, "total": 0.002145665232092142}