{"temporal0": 0.00071743, "temporal1": 8.84e-06, "temporal2": 0.00071972, "temporal3": 9.98e-06, "temporal4": 1e-05, "total": 0.0022048235405236483}