{"temporal0": 1.105e-05, "temporal1": 0.00071381, "temporal2": 1.208e-05, "temporal3": 0.00069618, "temporal4": 1.23e-05, "total": 0.0014554534573107958}