{"temporal0": 0.00070365, "temporal1": 0.00069909, "temporal2": 1.426e-05, "temporal3": 1.471e-05, "temporal4": 1.489e-05, "total": 0.0021312108729034662}