{"temporal0": 0.00142345, "temporal1": 1.064e-05, "temporal2": 1.145e-05, "temporal3": 1.163e-05, "temporal4": 1.159e-05, "total": 0.002936800941824913}