{"temporal0": 0.00070552, "temporal1": 1.144e-05, "temporal2": 1.228e-05, "temporal3": 1.271e-05, "temporal4": 0.0007166, "total": 0.0021271882578730583}