{"temporal0": 1.483e-05, "temporal1": 1.429e-05, "temporal2": 0.00068899, "temporal3": 0.00070248, "temporal4": 1.438e-05, "total": 0.0014507411979138851}