{"temporal0": 1.176e-05, "temporal1": 1.154e-05, "temporal2": 0.00139375, "temporal3": 1.294e-05, "temporal4": 1.313e-05, "total": 0.001458486425690353}