{"temporal0": 1.214e-05, "temporal1": 0.00072121, "temporal2": 1.313e-05, "temporal3": 1.349e-05, "temporal4": 0.00068895, "total": 0.0014665352646261454}