{"temporal0": 9.1e-06, "temporal1": 9.72e-06, "temporal2": 1.081e-05, "temporal3": 1.137e-05, "temporal4": 0.00072115, "total": 0.0007750893128104508}