{"temporal0": 9.65e-06, "temporal1": 1.027e-05, "temporal2": 1.12e-05, "temporal3": 0.00070794, "temporal4": 0.00074809, "total": 0.0014952095225453377}