{"temporal0": 0.00072724, "temporal1": 8.65e-06, "temporal2": 9.53e-06, "temporal3": 0.00073077, "temporal4": 1.024e-05, "total": 0.0021887943148612976}