{"temporal0": 0.00075055, "temporal1": 0.00071589, "temporal2": 1.045e-05, "temporal3": 1.074e-05, "temporal4": 1.072e-05, "total": 0.0022584351245313883}