{"temporal0": 1.076e-05, "temporal1": 0.00072526, "temporal2": 0.00070944, "temporal3": 1.246e-05, "temporal4": 1.239e-05, "total": 0.0014837468042969704}