{"temporal0": 0.00073882, "temporal1": 9.18e-06, "temporal2": 0.00071365, "temporal3": 1.065e-05, "temporal4": 1.08e-05, "total": 0.002239322056993842}