{"temporal0": 9.85e-06, "temporal1": 0.00074835, "temporal2": 1.105e-05, "temporal3": 1.118e-05, "temporal4": 1.121e-05, "total": 0.0008013001061044633}