{"temporal0": 9.53e-06, "temporal1": 9.76e-06, "temporal2": 0.00074565, "temporal3": 1.042e-05, "temporal4": 1.016e-05, "total": 0.000792425824329257}