{"temporal0": 1.137e-05, "temporal1": 1.169e-05, "temporal2": 1.257e-05, "temporal3": 1.284e-05, "temporal4": 0.0014127, "total": 0.001472898293286562}