{"temporal0": 0.00073229, "temporal1": 1.065e-05, "temporal2": 0.00071396, "temporal3": 1.198e-05, "temporal4": 1.214e-05, "total": 0.0021888946648687124}