{"temporal0": 8.86e-06, "temporal1": 0.00071916, "temporal2": 0.00072411, "temporal3": 1.054e-05, "temporal4": 1.07e-05, "total": 0.0014883660478517413}