{"temporal0": 0.00072206, "temporal1": 9.6e-06, "temporal2": 1.051e-05, "temporal3": 1.092e-05, "temporal4": 1.105e-05, "total": 0.0014693213161081076}