{"temporal0": 0.00071915, "temporal1": 1.014e-05, "temporal2": 0.00071802, "temporal3": 1.084e-05, "temporal4": 1.064e-05, "total": 0.002184489741921425}