{"temporal0": 9.27e-06, "temporal1": 9.81e-06, "temporal2": 1.077e-05, "temporal3": 0.00071527, "temporal4": 0.00071486, "total": 0.0014736463781446218}