{"temporal0": 7.79e-06, "temporal1": 0.00073546, "temporal2": 8.87e-06, "temporal3": 9.27e-06, "temporal4": 0.00071506, "total": 0.001486014574766159}