{"temporal0": 8.31e-06, "temporal1": 8.19e-06, "temporal2": 8.78e-06, "temporal3": 0.00145384, "temporal4": 8.58e-06, "total": 0.001494968426413834}