{"temporal0": 0.00072785, "temporal1": 0.00072129, "temporal2": 9.47e-06, "temporal3": 9.47e-06, "temporal4": 9.31e-06, "total": 0.0022133642341941595}