{"temporal0": 9.68e-06, "temporal1": 1.004e-05, "temporal2": 1.092e-05, "temporal3": 0.00142376, "temporal4": 1.133e-05, "total": 0.0014807581901550293}