{"temporal0": 0.00072361, "temporal1": 0.00071273, "temporal2": 1.204e-05, "temporal3": 1.225e-05, "temporal4": 1.217e-05, "total": 0.002179456874728203}