{"temporal0": 8.14e-06, "temporal1": 7.85e-06, "temporal2": 0.00072921, "temporal3": 8.77e-06, "temporal4": 0.00072746, "total": 0.0014860848896205425}