{"temporal0": 1.256e-05, "temporal1": 7.41e-06, "temporal2": 6.75e-06, "temporal3": 6.68e-06, "temporal4": 0.00103126, "total": 0.0010710683418437839}