{"temporal0": 1.293e-05, "temporal1": 8.2e-06, "temporal2": 0.00102992, "temporal3": 0.00051917, "temporal4": 7.53e-06, "total": 0.0015847544418647885}