{"temporal0": 0.00103903, "temporal1": 0.00052046, "temporal2": 7.19e-06, "temporal3": 7.13e-06, "temporal4": 7.22e-06, "total": 0.0026114953216165304}