{"temporal0": 0.00052618, "temporal1": 7.73e-06, "temporal2": 7.1e-06, "temporal3": 0.00051977, "temporal4": 7.11e-06, "total": 0.0015862096333876252}