{"temporal0": 1.274e-05, "temporal1": 7.47e-06, "temporal2": 0.0005188, "temporal3": 6.52e-06, "temporal4": 0.00051857, "total": 0.0010707613546401262}