{"temporal0": 1.515e-05, "temporal1": 0.00103211, "temporal2": 7.47e-06, "temporal3": 0.00051868, "temporal4": 7.28e-06, "total": 0.0015911869704723358}