{"temporal0": 6.03e-06, "temporal1": 4.07e-06, "temporal2": 0.00152313, "temporal3": 4.17e-06, "temporal4": 4.08e-06, "total": 0.0015456306282430887}