{"temporal0": 0.00076661, "temporal1": 4.24e-06, "temporal2": 4.3e-06, "temporal3": 4.4e-06, "temporal4": 0.00076119, "total": 0.0023100031539797783}