{"temporal0": 5.18e-06, "temporal1": 3.47e-06, "temporal2": 3.37e-06, "temporal3": 3.43e-06, "temporal4": 0.00076359, "total": 0.0007829705718904734}