{"temporal0": 0.00052705, "temporal1": 7.55e-06, "temporal2": 6.77e-06, "temporal3": 0.00103127, "temporal4": 6.72e-06, "total": 0.0020985265728086233}