{"temporal0": 4.73e-06, "temporal1": 3.62e-06, "temporal2": 3.6e-06, "temporal3": 0.00076386, "temporal4": 0.00076307, "total": 0.0015428694896399975}