{"temporal0": 0.0007648, "temporal1": 4.1e-06, "temporal2": 4.14e-06, "temporal3": 0.00076182, "temporal4": 4.16e-06, "total": 0.0023081109393388033}