{"temporal0": 0.00076821, "temporal1": 2.95e-06, "temporal2": 2.87e-06, "temporal3": 0.00076444, "temporal4": 2.86e-06, "total": 0.0023098152596503496}