{"temporal0": 0.00052499, "temporal1": 8.2e-06, "temporal2": 0.00051868, "temporal3": 7.39e-06, "temporal4": 0.00051867, "total": 0.0020965714938938618}