{"temporal0": 5.64e-06, "temporal1": 0.00076431, "temporal2": 3.85e-06, "temporal3": 0.00076344, "temporal4": 3.84e-06, "total": 0.0015455593820661306}