{"temporal0": 0.00076831, "temporal1": 3.13e-06, "temporal2": 3.13e-06, "temporal3": 0.00076706, "temporal4": 3.13e-06, "total": 0.002314651384949684}