{"temporal0": 1.368e-05, "temporal1": 8.17e-06, "temporal2": 0.00051895, "temporal3": 7.03e-06, "temporal4": 7.09e-06, "total": 0.0005653586704283953}