{"temporal0": 4.46e-06, "temporal1": 0.0015309, "temporal2": 3.35e-06, "temporal3": 3.35e-06, "temporal4": 3.36e-06, "total": 0.0015503211179748178}