{"temporal0": 1.495e-05, "temporal1": 0.00052026, "temporal2": 7.21e-06, "temporal3": 0.00051904, "temporal4": 0.00051973, "total": 0.0015906848711892962}