{"temporal0": 0.00103571, "temporal1": 7.21e-06, "temporal2": 6.54e-06, "temporal3": 6.52e-06, "temporal4": 0.00051857, "total": 0.0026083295233547688}