{"temporal0": 1.232e-05, "temporal1": 7.28e-06, "temporal2": 6.5e-06, "temporal3": 0.00051836, "temporal4": 6.48e-06, "total": 0.0005571850924752653}