{"temporal0": 0.00076643, "temporal1": 0.00076489, "temporal2": 3.21e-06, "temporal3": 3.27e-06, "temporal4": 3.3e-06, "total": 0.002311401767656207}