{"temporal0": 4.86e-06, "temporal1": 3.73e-06, "temporal2": 0.00076539, "temporal3": 3.66e-06, "temporal4": 0.00076397, "total": 0.0015453970991075039}