{"temporal0": 0.00154859, "temporal1": 6.95e-06, "temporal2": 6.3e-06, "temporal3": 6.34e-06, "temporal4": 6.59e-06, "total": 0.0031209297012537718}