{"temporal0": 0.00076646, "temporal1": 3.7e-06, "temporal2": 3.64e-06, "temporal3": 3.66e-06, "temporal4": 3.63e-06, "total": 0.0015510580269619823}