{"temporal0": 4.46e-06, "temporal1": 0.00076518, "temporal2": 0.00076273, "temporal3": 3.6e-06, "temporal4": 3.55e-06, "total": 0.0015430428320541978}