{"temporal0": 1.167e-05, "temporal1": 0.00051919, "temporal2": 0.00103121, "temporal3": 6.14e-06, "temporal4": 6.32e-06, "total": 0.0015804885188117623}