{"temporal0": 0.00153246, "temporal1": 3.09e-06, "temporal2": 3.17e-06, "temporal3": 3.22e-06, "temporal4": 3.24e-06, "total": 0.0030884183943271637}