{"temporal0": 4.77e-06, "temporal1": 3.63e-06, "temporal2": 0.0007607, "temporal3": 3.69e-06, "temporal4": 0.00076539, "total": 0.0015424287412315607}