{"temporal0": 4.6e-06, "temporal1": 3.41e-06, "temporal2": 0.00076228, "temporal3": 3.44e-06, "temporal4": 3.41e-06, "total": 0.0007809044327586889}