{"temporal0": 5.38e-06, "temporal1": 4.29e-06, "temporal2": 4.35e-06, "temporal3": 4.42e-06, "temporal4": 0.00076073, "total": 0.0007843932253308594}