{"temporal0": 1.143e-05, "temporal1": 0.00103279, "temporal2": 6.11e-06, "temporal3": 6.06e-06, "temporal4": 0.00051806, "total": 0.0015802138950675726}