{"temporal0": 5.23e-06, "temporal1": 0.00076108, "temporal2": 4.08e-06, "temporal3": 0.00076223, "temporal4": 4.06e-06, "total": 0.0015414960216730833}