{"temporal0": 4.61e-06, "temporal1": 3.46e-06, "temporal2": 0.00076608, "temporal3": 3.52e-06, "temporal4": 0.00076393, "total": 0.0015451166545972228}