{"temporal0": 3.83e-06, "temporal1": 0.00152781, "temporal2": 2.9e-06, "temporal3": 2.93e-06, "temporal4": 2.95e-06, "total": 0.0015444884775206447}