{"temporal0": 4.41e-06, "temporal1": 3.37e-06, "temporal2": 3.36e-06, "temporal3": 0.00076059, "temporal4": 3.32e-06, "total": 0.0007801646133884788}