{"temporal0": 0.00068328, "temporal1": 1.868e-05, "temporal2": 2.068e-05, "temporal3": 0.0006666, "temporal4": 2.193e-05, "total": 0.002078149700537324}