{"temporal0": 0.00070057, "temporal1": 1.708e-05, "temporal2": 1.892e-05, "temporal3": 1.948e-05, "temporal4": 1.973e-05, "total": 0.0015014562522992492}