{"temporal0": 1.372e-05, "temporal1": 1.4e-05, "temporal2": 1.569e-05, "temporal3": 0.00136345, "temporal4": 1.671e-05, "total": 0.0014317063614726067}