{"temporal0": 1.628e-05, "temporal1": 1.586e-05, "temporal2": 1.702e-05, "temporal3": 1.76e-05, "temporal4": 0.00066595, "total": 0.0007497281767427921}