{"temporal0": 1.511e-05, "temporal1": 0.00073454, "temporal2": 0.00067103, "temporal3": 1.717e-05, "temporal4": 1.739e-05, "total": 0.0014695076970383525}