{"temporal0": 0.00071531, "temporal1": 1.643e-05, "temporal2": 1.794e-05, "temporal3": 0.00066246, "temporal4": 1.783e-05, "total": 0.0021788598969578743}