{"temporal0": 0.00067956, "temporal1": 1.838e-05, "temporal2": 1.997e-05, "temporal3": 2.059e-05, "temporal4": 2.073e-05, "total": 0.00144956074655056}