{"temporal0": 1.749e-05, "temporal1": 0.0006842, "temporal2": 0.00066849, "temporal3": 2.011e-05, "temporal4": 2.054e-05, "total": 0.0014349938137456775}