{"temporal0": 0.00074029, "temporal1": 1.625e-05, "temporal2": 0.00066138, "temporal3": 1.864e-05, "temporal4": 1.893e-05, "total": 0.0022051995620131493}