{"temporal0": 1.795e-05, "temporal1": 0.00067216, "temporal2": 2.108e-05, "temporal3": 2.208e-05, "temporal4": 0.00067546, "total": 0.001429657218977809}