{"temporal0": 1.844e-05, "temporal1": 1.945e-05, "temporal2": 0.00066795, "temporal3": 2.18e-05, "temporal4": 2.155e-05, "total": 0.0007695008534938097}