{"temporal0": 1.42e-05, "temporal1": 0.00067505, "temporal2": 1.511e-05, "temporal3": 1.526e-05, "temporal4": 0.00070145, "total": 0.0014347363030537963}