{"temporal0": 1.033e-05, "temporal1": 1.025e-05, "temporal2": 0.00070483, "temporal3": 0.00073127, "temporal4": 1.194e-05, "total": 0.001476604724302888}