{"temporal0": 1.393e-05, "temporal1": 1.331e-05, "temporal2": 1.443e-05, "temporal3": 1.477e-05, "temporal4": 0.00073173, "total": 0.0007992949103936553}