{"temporal0": 1.507e-05, "temporal1": 1.527e-05, "temporal2": 0.00069123, "temporal3": 1.775e-05, "temporal4": 0.00066779, "total": 0.0014250733656808734}