{"temporal0": 0.00069942, "temporal1": 1.453e-05, "temporal2": 1.635e-05, "temporal3": 0.00068187, "temporal4": 1.783e-05, "total": 0.0020910785533487797}