{"temporal0": 1.692e-05, "temporal1": 0.00066964, "temporal2": 1.956e-05, "temporal3": 2.033e-05, "temporal4": 0.00068486, "total": 0.0014287866652011871}