{"temporal0": 0.00067908, "temporal1": 0.00071231, "temporal2": 1.573e-05, "temporal3": 1.629e-05, "temporal4": 1.643e-05, "total": 0.0020842093508690596}