{"temporal0": 1.429e-05, "temporal1": 1.425e-05, "temporal2": 0.00073492, "temporal3": 0.00066602, "temporal4": 1.628e-05, "total": 0.0014618192799389362}