{"temporal0": 0.00068795, "temporal1": 1.376e-05, "temporal2": 1.532e-05, "temporal3": 1.603e-05, "temporal4": 1.636e-05, "total": 0.0013999332441017032}