{"temporal0": 1.568e-05, "temporal1": 0.0006966, "temporal2": 1.78e-05, "temporal3": 1.845e-05, "temporal4": 1.852e-05, "total": 0.0007845900836400688}