{"temporal0": 1.808e-05, "temporal1": 1.86e-05, "temporal2": 2.038e-05, "temporal3": 2.1e-05, "temporal4": 0.00131529, "total": 0.0014162136940285563}