{"temporal0": 0.00069498, "temporal1": 1.518e-05, "temporal2": 1.663e-05, "temporal3": 1.743e-05, "temporal4": 0.00067907, "total": 0.002077587181702256}