{"temporal0": 1.414e-05, "temporal1": 1.297e-05, "temporal2": 1.388e-05, "temporal3": 0.00068475, "temporal4": 1.443e-05, "total": 0.0007580875535495579}