{"temporal0": 1.395e-05, "temporal1": 0.00069673, "temporal2": 0.00070616, "temporal3": 1.474e-05, "temporal4": 1.454e-05, "total": 0.0014552202774211764}