{"temporal0": 1.757e-05, "temporal1": 1.686e-05, "temporal2": 0.00067845, "temporal3": 1.843e-05, "temporal4": 0.00067638, "total": 0.0014308986719697714}