{"temporal0": 1.603e-05, "temporal1": 1.56e-05, "temporal2": 0.00135296, "temporal3": 1.77e-05, "temporal4": 1.809e-05, "total": 0.0014465486165136099}