{"temporal0": 1.251e-05, "temporal1": 0.00071121, "temporal2": 1.236e-05, "temporal3": 1.26e-05, "temporal4": 0.00073317, "total": 0.0014894033083692193}