{"temporal0": 0.00138958, "temporal1": 1.556e-05, "temporal2": 1.702e-05, "temporal3": 1.76e-05, "temporal4": 1.775e-05, "total": 0.002838812069967389}