{"temporal0": 1.764e-05, "temporal1": 0.00068232, "temporal2": 1.87e-05, "temporal3": 0.00067648, "temporal4": 1.902e-05, "total": 0.0014393179444596171}