{"temporal0": 1.883e-05, "temporal1": 0.0006825, "temporal2": 1.998e-05, "temporal3": 2.07e-05, "temporal4": 2.097e-05, "total": 0.0007882833597250283}