{"temporal0": 0.00068372, "temporal1": 1.47e-05, "temporal2": 1.63e-05, "temporal3": 1.715e-05, "temporal4": 0.00070495, "total": 0.002086123451590538}