{"temporal0": 1.323e-05, "temporal1": 1.238e-05, "temporal2": 0.00073388, "temporal3": 1.399e-05, "temporal4": 0.00068438, "total": 0.0014753499999642372}