{"temporal0": 0.00070586, "temporal1": 1.573e-05, "temporal2": 1.709e-05, "temporal3": 1.736e-05, "temporal4": 0.00067007, "total": 0.0021465839818120003}