{"temporal0": 1.575e-05, "temporal1": 1.528e-05, "temporal2": 0.00067576, "temporal3": 1.744e-05, "temporal4": 0.0006915, "total": 0.0014343744842335582}