{"temporal0": 1.606e-05, "temporal1": 1.523e-05, "temporal2": 1.659e-05, "temporal3": 0.00135096, "temporal4": 1.733e-05, "total": 0.0014346318785101175}