{"temporal0": 1.522e-05, "temporal1": 1.481e-05, "temporal2": 0.00069549, "temporal3": 0.00067543, "temporal4": 1.708e-05, "total": 0.00143620150629431}