{"temporal0": 1.383e-05, "temporal1": 0.0006867, "temporal2": 1.504e-05, "temporal3": 0.0007053, "temporal4": 1.642e-05, "total": 0.0014524201396852732}