{"temporal0": 1.525e-05, "temporal1": 1.523e-05, "temporal2": 1.682e-05, "temporal3": 0.0007354, "temporal4": 1.769e-05, "total": 0.0008154810639098287}