{"temporal0": 0.00068547, "temporal1": 0.00073657, "temporal2": 1.446e-05, "temporal3": 1.461e-05, "temporal4": 1.448e-05, "total": 0.0021470969077199697}