{"temporal0": 0.00074055, "temporal1": 1.354e-05, "temporal2": 1.49e-05, "temporal3": 1.545e-05, "temporal4": 1.567e-05, "total": 0.0015495192492380738}