{"temporal0": 0.00069883, "temporal1": 1.315e-05, "temporal2": 1.437e-05, "temporal3": 1.505e-05, "temporal4": 1.547e-05, "total": 0.0014075888320803642}