{"temporal0": 1.744e-05, "temporal1": 0.00134559, "temporal2": 1.792e-05, "temporal3": 1.789e-05, "temporal4": 1.762e-05, "total": 0.0014361850917339325}