{"temporal0": 0.00069926, "temporal1": 0.0007052, "temporal2": 1.393e-05, "temporal3": 1.429e-05, "temporal4": 1.438e-05, "total": 0.0021456799004226923}