{"temporal0": 1.347e-05, "temporal1": 1.302e-05, "temporal2": 1.406e-05, "temporal3": 0.00137678, "temporal4": 1.397e-05, "total": 0.0014461620012298226}