{"temporal0": 0.00071389, "temporal1": 0.00069629, "temporal2": 1.442e-05, "temporal3": 1.511e-05, "temporal4": 1.547e-05, "total": 0.0021375955548137426}