{"temporal0": 0.0007285, "temporal1": 1.18e-05, "temporal2": 1.286e-05, "temporal3": 0.0006899, "temporal4": 1.357e-05, "total": 0.002203896176069975}