{"temporal0": 1.088e-05, "temporal1": 1.009e-05, "temporal2": 1.084e-05, "temporal3": 1.117e-05, "temporal4": 0.00073828, "total": 0.0007910034037195146}