{"temporal0": 1.21e-05, "temporal1": 1.146e-05, "temporal2": 1.245e-05, "temporal3": 0.00074162, "temporal4": 0.00068972, "total": 0.0014856650959700346}