{"temporal0": 1.063e-05, "temporal1": 1.021e-05, "temporal2": 0.00140888, "temporal3": 1.169e-05, "temporal4": 1.17e-05, "total": 0.0014625992625951767}