{"temporal0": 1.378e-05, "temporal1": 1.372e-05, "temporal2": 1.5e-05, "temporal3": 1.561e-05, "temporal4": 0.0006884, "total": 0.0007716372492723167}