{"temporal0": 1.219e-05, "temporal1": 0.0007414, "temporal2": 0.00069895, "temporal3": 1.243e-05, "temporal4": 1.257e-05, "total": 0.0014952672645449638}