{"temporal0": 1.273e-05, "temporal1": 1.226e-05, "temporal2": 0.00068792, "temporal3": 1.326e-05, "temporal4": 1.311e-05, "total": 0.0007550573791377246}