{"temporal0": 1.537e-05, "temporal1": 1.501e-05, "temporal2": 0.00068945, "temporal3": 1.672e-05, "temporal4": 1.689e-05, "total": 0.0007723323069512844}