{"temporal0": 0.0006978, "temporal1": 1.143e-05, "temporal2": 1.26e-05, "temporal3": 0.00071847, "temporal4": 1.341e-05, "total": 0.0021182349883019924}