{"temporal0": 1.27e-05, "temporal1": 1.229e-05, "temporal2": 1.345e-05, "temporal3": 1.398e-05, "temporal4": 0.00071531, "total": 0.0007836276199668646}