{"temporal0": 1.487e-05, "temporal1": 1.485e-05, "temporal2": 1.626e-05, "temporal3": 0.00069139, "temporal4": 1.706e-05, "total": 0.0007775056874379516}