{"temporal0": 0.00070209, "temporal1": 1.473e-05, "temporal2": 1.612e-05, "temporal3": 1.677e-05, "temporal4": 0.00069129, "total": 0.002116244751960039}