{"temporal0": 1.18e-05, "temporal1": 1.126e-05, "temporal2": 0.00073874, "temporal3": 1.255e-05, "temporal4": 0.00069673, "total": 0.0014863810501992702}