{"temporal0": 1.299e-05, "temporal1": 1.269e-05, "temporal2": 0.00069248, "temporal3": 1.427e-05, "temporal4": 0.00070316, "total": 0.0014527596067637205}