{"temporal0": 1.15e-05, "temporal1": 0.00071055, "temporal2": 1.239e-05, "temporal3": 0.00069974, "temporal4": 1.283e-05, "total": 0.0014622779563069344}