{"temporal0": 0.00071158, "temporal1": 0.00071983, "temporal2": 1.153e-05, "temporal3": 1.178e-05, "temporal4": 1.185e-05, "total": 0.002185845049098134}