{"temporal0": 1.412e-05, "temporal1": 0.00137531, "temporal2": 1.537e-05, "temporal3": 1.576e-05, "temporal4": 1.583e-05, "total": 0.0014550188789144158}