{"temporal0": 0.00143664, "temporal1": 1.144e-05, "temporal2": 1.255e-05, "temporal3": 1.307e-05, "temporal4": 1.329e-05, "total": 0.0029026931151747704}