{"temporal0": 5.076e-05, "temporal1": 3.52e-05, "temporal2": 2.894e-05, "temporal3": 2.704e-05, "temporal4": 0.00156193, "total": 0.0017154873348772526}