{"temporal0": 4.779e-05, "temporal1": 3.134e-05, "temporal2": 0.00079332, "temporal3": 2.421e-05, "temporal4": 2.377e-05, "total": 0.0009311971953138709}