{"temporal0": 5.864e-05, "temporal1": 4.211e-05, "temporal2": 3.429e-05, "temporal3": 0.00156537, "temporal4": 3.07e-05, "total": 0.001744124572724104}