{"temporal0": 0.00076513, "temporal1": 0.0012474, "temporal2": 0.00021326, "temporal3": 0.00020496, "temporal4": 0.00020249, "total": 0.003175443736836314}