{"temporal0": 5.368e-05, "temporal1": 3.73e-05, "temporal2": 3.044e-05, "temporal3": 0.00156349, "temporal4": 2.758e-05, "total": 0.0017247599316760898}