{"temporal0": 5.428e-05, "temporal1": 0.00080454, "temporal2": 3.186e-05, "temporal3": 2.97e-05, "temporal4": 2.898e-05, "total": 0.000961886893492192}