{"temporal0": 0.00025984, "temporal1": 0.00075124, "temporal2": 0.00022642, "temporal3": 0.00021903, "temporal4": 0.00072607, "total": 0.0022119327913969755}