{"temporal0": 0.00026439, "temporal1": 0.00075146, "temporal2": 0.00073529, "temporal3": 0.00021826, "temporal4": 0.00021612, "total": 0.00221450487151742}