{"temporal0": 0.00076154, "temporal1": 0.00022597, "temporal2": 0.0012252, "temporal3": 0.00019914, "temporal4": 0.00019683, "total": 0.003150592790916562}