{"temporal0": 0.00024383, "temporal1": 0.00072121, "temporal2": 0.00019152, "temporal3": 0.00069288, "temporal4": 0.0006905, "total": 0.0025661441031843424}