{"temporal0": 0.00023741, "temporal1": 0.00020675, "temporal2": 0.00018652, "temporal3": 0.00068838, "temporal4": 0.00068568, "total": 0.0020308084785938263}