{"temporal0": 0.00078171, "temporal1": 0.00025415, "temporal2": 0.00023811, "temporal3": 0.0002301, "temporal4": 0.00124373, "total": 0.003291719127446413}