{"temporal0": 0.00026196, "temporal1": 0.0002373, "temporal2": 0.00072989, "temporal3": 0.00072239, "temporal4": 0.00021202, "total": 0.002191897016018629}