{"temporal0": 0.00176577, "temporal1": 0.0002189, "temporal2": 0.00020117, "temporal3": 0.00019329, "temporal4": 0.00019159, "total": 0.004141089506447315}