{"temporal0": 0.00082168, "temporal1": 4.209e-05, "temporal2": 3.474e-05, "temporal3": 3.218e-05, "temporal4": 0.00079929, "total": 0.00251362775452435}