{"temporal0": 5.498e-05, "temporal1": 0.000805, "temporal2": 0.00079863, "temporal3": 3.04e-05, "temporal4": 2.967e-05, "total": 0.001731890719383955}