{"temporal0": 0.00126134, "temporal1": 0.00021779, "temporal2": 0.00019812, "temporal3": 0.0001893, "temporal4": 0.00018703, "total": 0.0031084802467375994}