{"temporal0": 0.00081621, "temporal1": 3.453e-05, "temporal2": 2.826e-05, "temporal3": 2.641e-05, "temporal4": 2.583e-05, "total": 0.0017134696245193481}