{"temporal0": 0.00082613, "temporal1": 4.503e-05, "temporal2": 3.703e-05, "temporal3": 3.419e-05, "temporal4": 3.312e-05, "total": 0.0017597361002117395}