{"temporal0": 0.00081435, "temporal1": 3.259e-05, "temporal2": 2.688e-05, "temporal3": 2.516e-05, "temporal4": 2.468e-05, "total": 0.0017065713182091713}