{"temporal0": 3.589e-05, "temporal1": 0.00078862, "temporal2": 1.775e-05, "temporal3": 1.714e-05, "temporal4": 1.712e-05, "total": 0.0008869279408827424}