{"temporal0": 0.00080802, "temporal1": 2.715e-05, "temporal2": 2.244e-05, "temporal3": 2.145e-05, "temporal4": 0.00078857, "total": 0.002449032152071595}