{"temporal0": 4.129e-05, "temporal1": 0.00155769, "temporal2": 2.137e-05, "temporal3": 2.059e-05, "temporal4": 2.049e-05, "total": 0.0016716292593628168}