{"temporal0": 0.00080605, "temporal1": 0.00079076, "temporal2": 2.043e-05, "temporal3": 1.957e-05, "temporal4": 1.944e-05, "total": 0.0024374958593398333}