{"temporal0": 0.0002351, "temporal1": 0.00071277, "temporal2": 0.00018212, "temporal3": 0.0011954, "temporal4": 0.00017103, "total": 0.0025221044197678566}