{"temporal0": 3.716e-05, "temporal1": 2.23e-05, "temporal2": 1.871e-05, "temporal3": 0.00078633, "temporal4": 1.8e-05, "total": 0.0008934157085604966}