{"temporal0": 4.426e-05, "temporal1": 2.848e-05, "temporal2": 0.00079146, "temporal3": 0.00079154, "temporal4": 2.219e-05, "total": 0.0016882148338481784}