{"temporal0": 0.00021216, "temporal1": 0.00018349, "temporal2": 0.00067443, "temporal3": 0.0001556, "temporal4": 0.00015399, "total": 0.001403719768859446}