{"temporal0": 3.501e-05, "temporal1": 2.03e-05, "temporal2": 1.693e-05, "temporal3": 1.636e-05, "temporal4": 0.00155528, "total": 0.0016538442578166723}