{"temporal0": 0.00021745, "temporal1": 0.00018878, "temporal2": 0.00016866, "temporal3": 0.00067139, "temporal4": 0.00117961, "total": 0.0024507571943104267}