{"temporal0": 4.712e-05, "temporal1": 3.042e-05, "temporal2": 0.00079346, "temporal3": 2.338e-05, "temporal4": 0.0007917, "total": 0.0016967537812888622}