{"temporal0": 0.00021032, "temporal1": 0.0001803, "temporal2": 0.00169088, "temporal3": 0.00015226, "temporal4": 0.00015102, "total": 0.0024081282317638397}