{"temporal0": 0.00021959, "temporal1": 0.00070202, "temporal2": 0.00068386, "temporal3": 0.00067592, "temporal4": 0.00016214, "total": 0.002468787133693695}