{"temporal0": 0.0008093, "temporal1": 2.781e-05, "temporal2": 0.00079096, "temporal3": 2.199e-05, "temporal4": 2.182e-05, "total": 0.0024548012297600508}