{"temporal0": 3.821e-05, "temporal1": 2.311e-05, "temporal2": 0.00078764, "temporal3": 0.00078662, "temporal4": 1.85e-05, "total": 0.0016645410796627402}