{"temporal0": 0.00079951, "temporal1": 1.94e-05, "temporal2": 0.0007843, "temporal3": 1.558e-05, "temporal4": 1.554e-05, "total": 0.0024153846316039562}