{"temporal0": 3.26e-05, "temporal1": 0.00155246, "temporal2": 1.569e-05, "temporal3": 1.519e-05, "temporal4": 1.518e-05, "total": 0.0016403952613472939}