{"temporal0": 4.46e-06, "temporal1": 4.9e-06, "temporal2": 0.00074138, "temporal3": 0.00074842, "temporal4": 5.98e-06, "total": 0.001511245034635067}