{"temporal0": 4.47e-06, "temporal1": 4.9e-06, "temporal2": 0.00075481, "temporal3": 5.96e-06, "temporal4": 5.92e-06, "total": 0.0007798747392371297}