{"temporal0": 3.73e-06, "temporal1": 3.09e-06, "temporal2": 0.00051074, "temporal3": 3.47e-06, "temporal4": 0.0010126, "total": 0.0015375097282230854}