{"temporal0": 4.93e-06, "temporal1": 3.85e-06, "temporal2": 4.08e-06, "temporal3": 4.29e-06, "temporal4": 0.00051052, "total": 0.0005315454909577966}