{"temporal0": 4.68e-06, "temporal1": 0.00074508, "temporal2": 5.93e-06, "temporal3": 0.00074139, "temporal4": 6.01e-06, "total": 0.0015092192916199565}