{"temporal0": 0.00051317, "temporal1": 0.00050724, "temporal2": 0.00050611, "temporal3": 3.85e-06, "temporal4": 3.97e-06, "total": 0.002049323869869113}