{"temporal0": 5.57e-06, "temporal1": 0.00101541, "temporal2": 3.65e-06, "temporal3": 0.00050544, "temporal4": 3.78e-06, "total": 0.0015383298741653562}