{"temporal0": 4.55e-06, "temporal1": 0.00149378, "temporal2": 5.81e-06, "temporal3": 6.2e-06, "temporal4": 6.33e-06, "total": 0.0015213026199489832}