{"temporal0": 3.79e-06, "temporal1": 0.00050857, "temporal2": 4.06e-06, "temporal3": 0.00050715, "temporal4": 0.00050646, "total": 0.001534637762233615}