{"temporal0": 0.00074948, "temporal1": 5.52e-06, "temporal2": 6.42e-06, "temporal3": 0.00074263, "temporal4": 6.77e-06, "total": 0.0022617054637521505}