{"temporal0": 0.00075136, "temporal1": 0.00075061, "temporal2": 6.14e-06, "temporal3": 6.52e-06, "temporal4": 6.55e-06, "total": 0.0022667974699288607}