{"temporal0": 0.00051183, "temporal1": 3.3e-06, "temporal2": 0.00050776, "temporal3": 3.79e-06, "temporal4": 3.94e-06, "total": 0.0015401229029521346}