{"temporal0": 4.81e-06, "temporal1": 5.2e-06, "temporal2": 0.00074471, "temporal3": 0.00074742, "temporal4": 6.04e-06, "total": 0.0015119247836992145}