{"temporal0": 0.00051138, "temporal1": 0.00050935, "temporal2": 3.44e-06, "temporal3": 0.00050809, "temporal4": 3.72e-06, "total": 0.002045117784291506}