{"temporal0": 4.81e-06, "temporal1": 5e-06, "temporal2": 5.57e-06, "temporal3": 0.00074446, "temporal4": 0.00074462, "total": 0.0015113924164324999}