{"temporal0": 0.00075142, "temporal1": 5.6e-06, "temporal2": 6.64e-06, "temporal3": 7.13e-06, "temporal4": 7.31e-06, "total": 0.0015229876153171062}