{"temporal0": 0.00076166, "temporal1": 4.86e-06, "temporal2": 5.48e-06, "temporal3": 5.69e-06, "temporal4": 0.0007438, "total": 0.0022882698103785515}