{"temporal0": 0.0005118, "temporal1": 3.3e-06, "temporal2": 0.00050713, "temporal3": 0.0005079, "temporal4": 4.24e-06, "total": 0.002044331282377243}