{"temporal0": 0.0005113, "temporal1": 3.16e-06, "temporal2": 0.00050861, "temporal3": 0.00050699, "temporal4": 3.65e-06, "total": 0.002044294960796833}