{"temporal0": 0.00051051, "temporal1": 3.61e-06, "temporal2": 0.00101169, "temporal3": 3.63e-06, "temporal4": 3.75e-06, "total": 0.00204447447322309}