{"temporal0": 4.2e-06, "temporal1": 3.6e-06, "temporal2": 3.82e-06, "temporal3": 3.93e-06, "temporal4": 0.00050703, "total": 0.0005264341598376632}