{"temporal0": 4.23e-06, "temporal1": 0.0005088, "temporal2": 3.58e-06, "temporal3": 0.0005073, "temporal4": 0.00050566, "total": 0.001533770700916648}