{"temporal0": 4.29e-06, "temporal1": 3.8e-06, "temporal2": 0.00075065, "temporal3": 4.34e-06, "temporal4": 4.4e-06, "total": 0.0007726607145741582}