{"temporal0": 0.00075355, "temporal1": 4.22e-06, "temporal2": 4.6e-06, "temporal3": 4.82e-06, "temporal4": 0.00075611, "total": 0.0022664188873022795}