{"temporal0": 4.16e-06, "temporal1": 0.0007504, "temporal2": 4.46e-06, "temporal3": 4.63e-06, "temporal4": 0.00074748, "total": 0.001517650904133916}