{"temporal0": 0.00152543, "temporal1": 3.2e-06, "temporal2": 3.38e-06, "temporal3": 3.49e-06, "temporal4": 3.6e-06, "total": 0.003059729700908065}