{"temporal0": 5.17e-06, "temporal1": 4.74e-06, "temporal2": 0.00074519, "temporal3": 0.00075638, "temporal4": 5.15e-06, "total": 0.0015217188047245145}