{"temporal0": 0.00075223, "temporal1": 5.08e-06, "temporal2": 5.48e-06, "temporal3": 5.72e-06, "temporal4": 5.67e-06, "total": 0.0015332384500652552}