{"temporal0": 0.00075608, "temporal1": 4.63e-06, "temporal2": 0.00074478, "temporal3": 5.64e-06, "temporal4": 5.78e-06, "total": 0.002261390909552574}