{"temporal0": 0.00051077, "temporal1": 0.00050823, "temporal2": 3.53e-06, "temporal3": 3.64e-06, "temporal4": 0.00050695, "total": 0.0020469941664487123}