{"temporal0": 4.28e-06, "temporal1": 3.55e-06, "temporal2": 3.69e-06, "temporal3": 0.00051026, "temporal4": 3.78e-06, "total": 0.0005298943142406642}