{"temporal0": 4.25e-06, "temporal1": 0.00150153, "temporal2": 4.96e-06, "temporal3": 5.2e-06, "temporal4": 5.24e-06, "total": 0.0015248763374984264}