{"temporal0": 0.00075471, "temporal1": 4.93e-06, "temporal2": 5.49e-06, "temporal3": 5.81e-06, "temporal4": 5.85e-06, "total": 0.001539374585263431}