{"temporal0": 4.5e-06, "temporal1": 4.23e-06, "temporal2": 4.65e-06, "temporal3": 4.95e-06, "temporal4": 0.00074931, "total": 0.0007757394923828542}