{"temporal0": 4.33e-06, "temporal1": 4.15e-06, "temporal2": 4.54e-06, "temporal3": 4.64e-06, "temporal4": 0.00075092, "total": 0.0007734222454018891}