{"temporal0": 4.57e-06, "temporal1": 4.32e-06, "temporal2": 0.00075118, "temporal3": 4.94e-06, "temporal4": 0.00074311, "total": 0.001514367526397109}