{"temporal0": 4.7e-06, "temporal1": 4.18e-06, "temporal2": 4.46e-06, "temporal3": 0.00148491, "temporal4": 4.59e-06, "total": 0.0015064897015690804}