{"temporal0": 1.676e-05, "temporal1": 0.00066375, "temporal2": 2.036e-05, "temporal3": 2.135e-05, "temporal4": 0.00067838, "total": 0.0014175600372254848}