{"temporal0": 1.549e-05, "temporal1": 1.589e-05, "temporal2": 0.00072759, "temporal3": 0.00065563, "temporal4": 1.875e-05, "total": 0.0014493861235678196}