{"temporal0": 0.00073259, "temporal1": 0.00069602, "temporal2": 1.479e-05, "temporal3": 1.509e-05, "temporal4": 1.493e-05, "total": 0.0022152485325932503}