{"temporal0": 1.395e-05, "temporal1": 1.506e-05, "temporal2": 0.00069494, "temporal3": 0.00066891, "temporal4": 1.852e-05, "total": 0.0014258571900427341}