{"temporal0": 1.606e-05, "temporal1": 1.685e-05, "temporal2": 0.00065991, "temporal3": 0.00068087, "temporal4": 2.057e-05, "total": 0.0014115150552242994}