{"temporal0": 1.754e-05, "temporal1": 1.98e-05, "temporal2": 2.25e-05, "temporal3": 0.00065435, "temporal4": 2.442e-05, "total": 0.0007602818077430129}