{"temporal0": 1.677e-05, "temporal1": 0.00068894, "temporal2": 2.017e-05, "temporal3": 2.112e-05, "temporal4": 2.135e-05, "total": 0.0007862771162763238}