{"temporal0": 0.00135283, "temporal1": 1.848e-05, "temporal2": 2.083e-05, "temporal3": 2.153e-05, "temporal4": 2.179e-05, "total": 0.0027957595884799957}