{"temporal0": 1.877e-05, "temporal1": 0.00066984, "temporal2": 2.141e-05, "temporal3": 2.209e-05, "temporal4": 0.000657, "total": 0.0014113334473222494}