{"temporal0": 1.516e-05, "temporal1": 1.752e-05, "temporal2": 0.00065581, "temporal3": 0.00069171, "temporal4": 2.15e-05, "total": 0.0014140181010589004}