{"temporal0": 0.00071116, "temporal1": 1.159e-05, "temporal2": 1.269e-05, "temporal3": 0.00072663, "temporal4": 1.243e-05, "total": 0.002203133190050721}