{"temporal0": 1.647e-05, "temporal1": 0.00072946, "temporal2": 0.00065425, "temporal3": 1.829e-05, "temporal4": 1.775e-05, "total": 0.001451702555641532}