{"temporal0": 1.505e-05, "temporal1": 0.00067133, "temporal2": 1.849e-05, "temporal3": 1.922e-05, "temporal4": 1.96e-05, "total": 0.0007564888801425695}