{"temporal0": 1.81e-05, "temporal1": 1.946e-05, "temporal2": 2.172e-05, "temporal3": 2.285e-05, "temporal4": 0.00065317, "total": 0.000760906666982919}