{"temporal0": 0.00067576, "temporal1": 1.945e-05, "temporal2": 2.193e-05, "temporal3": 2.301e-05, "temporal4": 0.00066839, "total": 0.0020672848913818598}