{"temporal0": 0.00136284, "temporal1": 1.673e-05, "temporal2": 1.899e-05, "temporal3": 2.011e-05, "temporal4": 2.072e-05, "total": 0.002716753166168928}