{"temporal0": 1.511e-05, "temporal1": 1.551e-05, "temporal2": 1.71e-05, "temporal3": 1.773e-05, "temporal4": 0.0013386, "total": 0.0014214785769581795}