{"temporal0": 0.00067896, "temporal1": 2.019e-05, "temporal2": 2.181e-05, "temporal3": 0.00065619, "temporal4": 2.157e-05, "total": 0.0020820735953748226}