{"temporal0": 1.733e-05, "temporal1": 0.0006633, "temporal2": 0.00068005, "temporal3": 2.227e-05, "temporal4": 2.254e-05, "total": 0.0014223334146663547}