{"temporal0": 1.48e-05, "temporal1": 1.4e-05, "temporal2": 1.492e-05, "temporal3": 1.515e-05, "temporal4": 0.00072698, "total": 0.0007988142315298319}