{"temporal0": 1.664e-05, "temporal1": 1.62e-05, "temporal2": 0.00133657, "temporal3": 1.868e-05, "temporal4": 1.918e-05, "total": 0.0014358541229739785}