{"temporal0": 8.72e-06, "temporal1": 0.00072198, "temporal2": 9.84e-06, "temporal3": 0.00071961, "temporal4": 1.041e-05, "total": 0.0014805205864831805}