{"temporal0": 5.02e-06, "temporal1": 5.25e-06, "temporal2": 5.71e-06, "temporal3": 0.00099296, "temporal4": 6.17e-06, "total": 0.00102192722260952}