{"temporal0": 0.00050172, "temporal1": 5.18e-06, "temporal2": 0.00049585, "temporal3": 6.09e-06, "temporal4": 0.00050533, "total": 0.002017717342823744}