{"temporal0": 6.09e-06, "temporal1": 0.00050032, "temporal2": 5.8e-06, "temporal3": 6.12e-06, "temporal4": 6.34e-06, "total": 0.000531874829903245}