{"temporal0": 8.53e-06, "temporal1": 0.00071845, "temporal2": 1.031e-05, "temporal3": 1.099e-05, "temporal4": 0.00073029, "total": 0.00148674170486629}