{"temporal0": 8.25e-06, "temporal1": 8.12e-06, "temporal2": 9.15e-06, "temporal3": 9.68e-06, "temporal4": 0.00145571, "total": 0.0015003428561612964}