{"temporal0": 0.00050317, "temporal1": 5.21e-06, "temporal2": 0.00049721, "temporal3": 6.08e-06, "temporal4": 0.00049326, "total": 0.0020166540052741766}