{"temporal0": 8.71e-06, "temporal1": 9.79e-06, "temporal2": 1.118e-05, "temporal3": 1.174e-05, "temporal4": 0.00071425, "total": 0.0007650757324881852}