{"temporal0": 0.00050365, "temporal1": 5.17e-06, "temporal2": 0.00049714, "temporal3": 0.00049619, "temporal4": 6.44e-06, "total": 0.0020061908289790154}