{"temporal0": 8.46e-06, "temporal1": 8.79e-06, "temporal2": 1.004e-05, "temporal3": 0.00073239, "temporal4": 0.00070889, "total": 0.0014768922701478004}