{"temporal0": 0.0005025, "temporal1": 0.00099131, "temporal2": 5.74e-06, "temporal3": 6.16e-06, "temporal4": 6.41e-06, "total": 0.0020072280894964933}