{"temporal0": 0.0007261, "temporal1": 0.00074856, "temporal2": 9.9e-06, "temporal3": 1.032e-05, "temporal4": 1.041e-05, "total": 0.002219662768766284}