{"temporal0": 5.04e-06, "temporal1": 0.00049798, "temporal2": 5.62e-06, "temporal3": 5.85e-06, "temporal4": 0.00049402, "total": 0.001012987457215786}