{"temporal0": 0.00073157, "temporal1": 9.51e-06, "temporal2": 0.00071722, "temporal3": 1.144e-05, "temporal4": 1.17e-05, "total": 0.002199837937951088}