{"temporal0": 0.0005001, "temporal1": 0.00049906, "temporal2": 0.0005062, "temporal3": 6.16e-06, "temporal4": 6.37e-06, "total": 0.0020188582129776478}