{"temporal0": 6.02e-06, "temporal1": 0.0004986, "temporal2": 0.00049397, "temporal3": 0.00049955, "temporal4": 6.54e-06, "total": 0.0015115831047296524}