{"temporal0": 0.0007321, "temporal1": 9.39e-06, "temporal2": 1.079e-05, "temporal3": 1.135e-05, "temporal4": 1.157e-05, "total": 0.0015213163569569588}