{"temporal0": 8.29e-06, "temporal1": 8.41e-06, "temporal2": 0.00071863, "temporal3": 9.96e-06, "temporal4": 1.007e-05, "total": 0.0007604331476613879}