{"temporal0": 0.00100513, "temporal1": 4.76e-06, "temporal2": 5.17e-06, "temporal3": 0.00049854, "temporal4": 5.65e-06, "total": 0.0025207027792930603}