{"temporal0": 9.7e-06, "temporal1": 1.032e-05, "temporal2": 0.00071275, "temporal3": 0.00071655, "temporal4": 1.221e-05, "total": 0.0014732066774740815}