{"temporal0": 0.00050174, "temporal1": 5.11e-06, "temporal2": 5.54e-06, "temporal3": 5.84e-06, "temporal4": 0.000499, "total": 0.001513908850029111}