{"temporal0": 7.24e-06, "temporal1": 0.0007383, "temporal2": 0.00071789, "temporal3": 9.17e-06, "temporal4": 9.46e-06, "total": 0.0014911589678376913}