{"temporal0": 7.58e-06, "temporal1": 8.15e-06, "temporal2": 9.43e-06, "temporal3": 0.00072446, "temporal4": 1.047e-05, "total": 0.0007736196857877076}