{"temporal0": 0.00147091, "temporal1": 8.15e-06, "temporal2": 9.09e-06, "temporal3": 9.41e-06, "temporal4": 9.41e-06, "total": 0.0029855407774448395}