{"temporal0": 5.54e-06, "temporal1": 5.09e-06, "temporal2": 5.39e-06, "temporal3": 0.00049476, "temporal4": 0.00049612, "total": 0.0010133180767297745}