{"temporal0": 4.89e-06, "temporal1": 4.86e-06, "temporal2": 0.00049979, "temporal3": 0.00049706, "temporal4": 0.00049696, "total": 0.0015115085989236832}