{"temporal0": 7.72e-06, "temporal1": 0.00071787, "temporal2": 0.00075036, "temporal3": 8.79e-06, "temporal4": 8.68e-06, "total": 0.001501451712101698}