{"temporal0": 7.85e-06, "temporal1": 0.00073036, "temporal2": 8.93e-06, "temporal3": 9.45e-06, "temporal4": 0.00071876, "total": 0.0014869694132357836}