{"temporal0": 4.99e-06, "temporal1": 0.00050587, "temporal2": 0.00049938, "temporal3": 5.2e-06, "temporal4": 0.00049859, "total": 0.001517806900665164}