{"temporal0": 0.00074113, "temporal1": 7.7e-06, "temporal2": 8.89e-06, "temporal3": 9.48e-06, "temporal4": 9.79e-06, "total": 0.001533477334305644}