{"temporal0": 6.98e-06, "temporal1": 0.00072648, "temporal2": 7.75e-06, "temporal3": 8.09e-06, "temporal4": 8.15e-06, "total": 0.0007639692630618811}