{"temporal0": 0.00073765, "temporal1": 8.04e-06, "temporal2": 9.33e-06, "temporal3": 0.00071732, "temporal4": 1.047e-05, "total": 0.002198380185291171}