{"temporal0": 0.00072712, "temporal1": 8.62e-06, "temporal2": 9.89e-06, "temporal3": 1.061e-05, "temporal4": 1.095e-05, "total": 0.0014792068395763636}