{"temporal0": 6.72e-06, "temporal1": 6.74e-06, "temporal2": 0.00073519, "temporal3": 8.39e-06, "temporal4": 0.00072436, "total": 0.0014909349847584963}