{"temporal0": 7.09e-06, "temporal1": 7.01e-06, "temporal2": 0.00072626, "temporal3": 0.0007493, "temporal4": 8.41e-06, "total": 0.0015068633947521448}