{"temporal0": 9.21e-06, "temporal1": 9.61e-06, "temporal2": 1.076e-05, "temporal3": 0.00141454, "temporal4": 1.107e-05, "total": 0.0014662807807326317}