{"temporal0": 0.00069605, "temporal1": 1.415e-05, "temporal2": 1.549e-05, "temporal3": 1.613e-05, "temporal4": 1.643e-05, "total": 0.0014233242254704237}