{"temporal0": 1.231e-05, "temporal1": 0.00138905, "temporal2": 1.368e-05, "temporal3": 1.405e-05, "temporal4": 1.404e-05, "total": 0.0014584691962227225}