{"temporal0": 1.31e-05, "temporal1": 1.301e-05, "temporal2": 1.403e-05, "temporal3": 1.44e-05, "temporal4": 0.00071474, "total": 0.0007828730740584433}