{"temporal0": 1.352e-05, "temporal1": 0.00074013, "temporal2": 0.00068509, "temporal3": 1.443e-05, "temporal4": 1.448e-05, "total": 0.001482882653363049}