{"temporal0": 1.162e-05, "temporal1": 1.163e-05, "temporal2": 0.00069397, "temporal3": 0.00071525, "temporal4": 1.347e-05, "total": 0.0014593939995393157}