{"temporal0": 0.00071115, "temporal1": 1.247e-05, "temporal2": 1.373e-05, "temporal3": 1.438e-05, "temporal4": 0.0006882, "total": 0.0021097809076309204}