{"temporal0": 1.386e-05, "temporal1": 0.00138196, "temporal2": 1.524e-05, "temporal3": 1.585e-05, "temporal4": 1.611e-05, "total": 0.0014644633047282696}