{"temporal0": 0.00139648, "temporal1": 1.304e-05, "temporal2": 1.371e-05, "temporal3": 1.368e-05, "temporal4": 1.351e-05, "total": 0.0028496626764535904}