{"temporal0": 1.531e-05, "temporal1": 1.53e-05, "temporal2": 1.649e-05, "temporal3": 0.00068485, "temporal4": 1.706e-05, "total": 0.0007659897673875093}