{"temporal0": 1.322e-05, "temporal1": 1.294e-05, "temporal2": 1.393e-05, "temporal3": 0.00138209, "temporal4": 1.434e-05, "total": 0.0014522373676300049}