{"temporal0": 1.33e-05, "temporal1": 0.00072004, "temporal2": 1.483e-05, "temporal3": 1.512e-05, "temporal4": 0.00067997, "total": 0.001456377562135458}