{"temporal0": 1.524e-05, "temporal1": 1.567e-05, "temporal2": 0.00068613, "temporal3": 0.00068402, "temporal4": 1.701e-05, "total": 0.001438271370716393}