{"temporal0": 0.00140887, "temporal1": 1.307e-05, "temporal2": 1.448e-05, "temporal3": 1.498e-05, "temporal4": 1.514e-05, "total": 0.0028638981748372316}