{"temporal0": 1.271e-05, "temporal1": 1.292e-05, "temporal2": 1.405e-05, "temporal3": 0.00068153, "temporal4": 1.479e-05, "total": 0.000749770668335259}