{"temporal0": 1.331e-05, "temporal1": 1.321e-05, "temporal2": 0.00073912, "temporal3": 1.445e-05, "temporal4": 1.45e-05, "total": 0.0008096016244962811}