{"temporal0": 0.00070197, "temporal1": 1.538e-05, "temporal2": 0.0006826, "temporal3": 1.72e-05, "temporal4": 1.718e-05, "total": 0.0020985733717679977}