{"temporal0": 1.15e-05, "temporal1": 1.17e-05, "temporal2": 0.00071473, "temporal3": 1.353e-05, "temporal4": 0.00069182, "total": 0.0014570769853889942}