{"temporal0": 1.179e-05, "temporal1": 1.237e-05, "temporal2": 0.00069612, "temporal3": 1.374e-05, "temporal4": 1.379e-05, "total": 0.0007556721684522927}