{"temporal0": 1.299e-05, "temporal1": 0.0006867, "temporal2": 1.392e-05, "temporal3": 1.406e-05, "temporal4": 0.00073905, "total": 0.0014778899494558573}