{"temporal0": 0.00074468, "temporal1": 1.3e-05, "temporal2": 1.42e-05, "temporal3": 1.465e-05, "temporal4": 0.00067959, "total": 0.002219476504251361}