{"temporal0": 1.174e-05, "temporal1": 1.154e-05, "temporal2": 1.252e-05, "temporal3": 0.00073768, "temporal4": 0.00069449, "total": 0.0014770313864573836}