{"temporal0": 0.00068276, "temporal1": 1.799e-05, "temporal2": 2.017e-05, "temporal3": 0.00066512, "temporal4": 2.16e-05, "total": 0.002063081134110689}