{"temporal0": 1.732e-05, "temporal1": 0.00133426, "temporal2": 2.05e-05, "temporal3": 2.17e-05, "temporal4": 2.233e-05, "total": 0.0014400942018255591}