{"temporal0": 1.436e-05, "temporal1": 1.427e-05, "temporal2": 1.592e-05, "temporal3": 0.0007305, "temporal4": 1.686e-05, "total": 0.0008081959676928818}