{"temporal0": 1.752e-05, "temporal1": 0.00067247, "temporal2": 2.016e-05, "temporal3": 2.11e-05, "temporal4": 2.163e-05, "total": 0.000779059948399663}