{"temporal0": 1.726e-05, "temporal1": 1.796e-05, "temporal2": 0.00132145, "temporal3": 2.131e-05, "temporal4": 2.193e-05, "total": 0.0014242726610973477}