{"temporal0": 0.0007389, "temporal1": 1.357e-05, "temporal2": 1.499e-05, "temporal3": 0.00066949, "temporal4": 1.586e-05, "total": 0.0021996775176376104}