{"temporal0": 0.00068399, "temporal1": 1.825e-05, "temporal2": 0.00066588, "temporal3": 2.092e-05, "temporal4": 2.088e-05, "total": 0.0020579893607646227}