{"temporal0": 0.00069664, "temporal1": 0.00070409, "temporal2": 1.536e-05, "temporal3": 1.549e-05, "temporal4": 1.532e-05, "total": 0.0021553263068199158}