{"temporal0": 1.608e-05, "temporal1": 1.64e-05, "temporal2": 1.836e-05, "temporal3": 1.936e-05, "temporal4": 0.00132138, "total": 0.0014173714444041252}