{"temporal0": 2.014e-05, "temporal1": 2.07e-05, "temporal2": 2.294e-05, "temporal3": 2.375e-05, "temporal4": 0.00066164, "total": 0.000771706341765821}