{"temporal0": 2.023e-05, "temporal1": 1.921e-05, "temporal2": 2.099e-05, "temporal3": 0.00066492, "temporal4": 0.00066472, "total": 0.001416852930560708}