{"temporal0": 1.754e-05, "temporal1": 0.00069394, "temporal2": 0.0006627, "temporal3": 1.878e-05, "temporal4": 1.872e-05, "total": 0.0014359394554048777}