{"temporal0": 0.00067921, "temporal1": 0.00067175, "temporal2": 1.87e-05, "temporal3": 1.86e-05, "temporal4": 1.83e-05, "total": 0.002080661943182349}