{"temporal0": 1.502e-05, "temporal1": 1.329e-05, "temporal2": 0.0006843, "temporal3": 0.00069961, "temporal4": 1.519e-05, "total": 0.0014402302913367748}