{"temporal0": 1.787e-05, "temporal1": 1.655e-05, "temporal2": 1.78e-05, "temporal3": 0.00066047, "temporal4": 1.861e-05, "total": 0.0007540559163317084}