{"temporal0": 0.0013474, "temporal1": 1.78e-05, "temporal2": 1.988e-05, "temporal3": 2.09e-05, "temporal4": 2.147e-05, "total": 0.002703983336687088}