{"temporal0": 1.475e-05, "temporal1": 1.281e-05, "temporal2": 1.39e-05, "temporal3": 0.00068499, "temporal4": 0.00070055, "total": 0.0014399035135284066}