{"temporal0": 1.366e-05, "temporal1": 0.00073009, "temporal2": 0.00072759, "temporal3": 1.161e-05, "temporal4": 1.139e-05, "total": 0.0015088091604411602}