{"temporal0": 0.00070897, "temporal1": 1.195e-05, "temporal2": 1.277e-05, "temporal3": 1.291e-05, "temporal4": 0.00072814, "total": 0.0021991159301251173}