{"temporal0": 1.361e-05, "temporal1": 1.243e-05, "temporal2": 0.00070399, "temporal3": 1.416e-05, "temporal4": 0.00068463, "total": 0.0014409044524654746}