{"temporal0": 5.58e-06, "temporal1": 0.00050106, "temporal2": 0.00050017, "temporal3": 0.00050596, "temporal4": 5.32e-06, "total": 0.0015227999538183212}