{"temporal0": 6.58e-06, "temporal1": 7.52e-06, "temporal2": 0.00072365, "temporal3": 0.00072265, "temporal4": 9.52e-06, "total": 0.001476846868172288}