{"temporal0": 0.00100067, "temporal1": 5.09e-06, "temporal2": 0.00049768, "temporal3": 5.63e-06, "temporal4": 5.83e-06, "total": 0.0025231281761080027}