{"temporal0": 6.09e-06, "temporal1": 5.42e-06, "temporal2": 5.59e-06, "temporal3": 0.00098708, "temporal4": 6.04e-06, "total": 0.0010157274082303047}