{"temporal0": 0.0005048, "temporal1": 4.78e-06, "temporal2": 0.00049653, "temporal3": 5.36e-06, "temporal4": 5.61e-06, "total": 0.0015140010509639978}