{"temporal0": 6.26e-06, "temporal1": 0.00072777, "temporal2": 7.92e-06, "temporal3": 8.47e-06, "temporal4": 0.00073035, "total": 0.0014884561533108354}