{"temporal0": 6.54e-06, "temporal1": 0.00072212, "temporal2": 8.61e-06, "temporal3": 0.00072376, "temporal4": 8.83e-06, "total": 0.001473969779908657}