{"temporal0": 0.00146458, "temporal1": 7.47e-06, "temporal2": 8.86e-06, "temporal3": 9.51e-06, "temporal4": 9.81e-06, "total": 0.0029675571713596582}