{"temporal0": 0.00050239, "temporal1": 5.04e-06, "temporal2": 5.3e-06, "temporal3": 5.62e-06, "temporal4": 0.00099592, "total": 0.0020111717749387026}