{"temporal0": 7.86e-06, "temporal1": 8.38e-06, "temporal2": 9.54e-06, "temporal3": 0.00072297, "temporal4": 1.025e-05, "total": 0.0007687446777708828}