{"temporal0": 5.61e-06, "temporal1": 0.0005013, "temporal2": 5.32e-06, "temporal3": 0.00098575, "temporal4": 6.07e-06, "total": 0.0015114815905690193}