{"temporal0": 0.00050392, "temporal1": 0.00099177, "temporal2": 5.54e-06, "temporal3": 5.94e-06, "temporal4": 6.19e-06, "total": 0.002023756969720125}