{"temporal0": 6.11e-06, "temporal1": 0.00049931, "temporal2": 5.32e-06, "temporal3": 0.00049989, "temporal4": 0.00049713, "total": 0.0015145521610975266}