{"temporal0": 6.41e-06, "temporal1": 6.69e-06, "temporal2": 0.0014568, "temporal3": 8.11e-06, "temporal4": 8.37e-06, "total": 0.0014926111325621605}