{"temporal0": 0.00050333, "temporal1": 5.09e-06, "temporal2": 5.47e-06, "temporal3": 5.95e-06, "temporal4": 0.00049725, "total": 0.0015137894079089165}