{"temporal0": 0.00050208, "temporal1": 4.84e-06, "temporal2": 5.44e-06, "temporal3": 5.89e-06, "temporal4": 0.00049384, "total": 0.0015097761061042547}