{"temporal0": 7.16e-06, "temporal1": 8.46e-06, "temporal2": 0.00071735, "temporal3": 9.87e-06, "temporal4": 9.74e-06, "total": 0.0007571415044367313}