{"temporal0": 0.00074032, "temporal1": 7.46e-06, "temporal2": 8.7e-06, "temporal3": 9.31e-06, "temporal4": 9.61e-06, "total": 0.0015155378496274352}