{"temporal0": 6.22e-06, "temporal1": 0.00073209, "temporal2": 0.00074934, "temporal3": 8.37e-06, "temporal4": 8.5e-06, "total": 0.0015088493237271905}