{"temporal0": 6.35e-06, "temporal1": 6.76e-06, "temporal2": 7.83e-06, "temporal3": 0.00075132, "temporal4": 8.37e-06, "total": 0.0007865902734920382}