{"temporal0": 0.00050179, "temporal1": 4.67e-06, "temporal2": 0.00049469, "temporal3": 5.38e-06, "temporal4": 0.00050007, "total": 0.002010850701481104}