{"temporal0": 7.72e-06, "temporal1": 0.0007232, "temporal2": 8.72e-06, "temporal3": 0.00073509, "temporal4": 9.46e-06, "total": 0.0014947119634598494}