{"temporal0": 0.00074157, "temporal1": 0.00072647, "temporal2": 9.03e-06, "temporal3": 9.48e-06, "temporal4": 9.56e-06, "total": 0.002252164762467146}