{"temporal0": 0.00072949, "temporal1": 8.23e-06, "temporal2": 9.46e-06, "temporal3": 1e-05, "temporal4": 0.00074904, "total": 0.002219830173999071}