{"temporal0": 7.57e-06, "temporal1": 8.88e-06, "temporal2": 1.026e-05, "temporal3": 1.09e-05, "temporal4": 0.00142576, "total": 0.001473984564654529}