{"temporal0": 5.04e-06, "temporal1": 4.8e-06, "temporal2": 0.00049983, "temporal3": 5.67e-06, "temporal4": 0.000499, "total": 0.0010216146474704146}