{"temporal0": 6.77e-06, "temporal1": 7.87e-06, "temporal2": 9.01e-06, "temporal3": 0.00071314, "temporal4": 0.00073369, "total": 0.001477264566347003}