{"temporal0": 0.0007295, "temporal1": 8.26e-06, "temporal2": 9.29e-06, "temporal3": 9.6e-06, "temporal4": 0.00072153, "total": 0.0022187368012964725}