{"temporal0": 0.00073517, "temporal1": 7.28e-06, "temporal2": 0.00072741, "temporal3": 8.57e-06, "temporal4": 8.81e-06, "total": 0.002231016755104065}