{"temporal0": 5.24e-06, "temporal1": 4.66e-06, "temporal2": 0.00150813, "temporal3": 5.1e-06, "temporal4": 5.17e-06, "total": 0.001532007590867579}