{"temporal0": 7.72e-06, "temporal1": 0.00073725, "temporal2": 0.00072193, "temporal3": 8.39e-06, "temporal4": 8.43e-06, "total": 0.0014906888827681541}