{"temporal0": 6.07e-06, "temporal1": 5e-06, "temporal2": 5.2e-06, "temporal3": 0.00049918, "temporal4": 5.88e-06, "total": 0.0005272403359413147}