{"temporal0": 5.3e-06, "temporal1": 0.00100071, "temporal2": 0.00049788, "temporal3": 5.1e-06, "temporal4": 5.34e-06, "total": 0.0015199024928733706}