{"temporal0": 0.00075198, "temporal1": 0.00074777, "temporal2": 8.67e-06, "temporal3": 8.94e-06, "temporal4": 8.94e-06, "total": 0.0022850658278912306}