{"temporal0": 9.95e-06, "temporal1": 1.023e-05, "temporal2": 1.144e-05, "temporal3": 1.195e-05, "temporal4": 0.00141543, "total": 0.0014727192465215921}