{"temporal0": 8.43e-06, "temporal1": 7.97e-06, "temporal2": 8.7e-06, "temporal3": 0.00072377, "temporal4": 9.29e-06, "total": 0.0007686705212108791}