{"temporal0": 1.416e-05, "temporal1": 1.451e-05, "temporal2": 1.611e-05, "temporal3": 1.695e-05, "temporal4": 0.00066745, "total": 0.0007452733698301017}