{"temporal0": 1.696e-05, "temporal1": 0.00068063, "temporal2": 1.884e-05, "temporal3": 0.00067341, "temporal4": 1.947e-05, "total": 0.001430488657206297}