{"temporal0": 1.699e-05, "temporal1": 0.00068087, "temporal2": 2.047e-05, "temporal3": 2.16e-05, "temporal4": 2.211e-05, "total": 0.0007832170813344419}