{"temporal0": 0.00070724, "temporal1": 1.344e-05, "temporal2": 0.00068467, "temporal3": 1.572e-05, "temporal4": 1.606e-05, "total": 0.0021581468172371387}