{"temporal0": 1.728e-05, "temporal1": 1.738e-05, "temporal2": 1.913e-05, "temporal3": 1.99e-05, "temporal4": 0.00132818, "total": 0.0014256765134632587}