{"temporal0": 1.424e-05, "temporal1": 1.411e-05, "temporal2": 1.583e-05, "temporal3": 1.673e-05, "temporal4": 0.00070308, "total": 0.0007803331827744842}