{"temporal0": 0.00071876, "temporal1": 1.441e-05, "temporal2": 1.58e-05, "temporal3": 0.00066914, "temporal4": 1.586e-05, "total": 0.0021726686973124743}