{"temporal0": 0.00141426, "temporal1": 1.363e-05, "temporal2": 1.521e-05, "temporal3": 1.591e-05, "temporal4": 1.617e-05, "total": 0.0028681838884949684}