{"temporal0": 0.00068585, "temporal1": 1.315e-05, "temporal2": 1.438e-05, "temporal3": 0.00073371, "temporal4": 1.457e-05, "total": 0.0021443087607622147}