{"temporal0": 1.297e-05, "temporal1": 1.254e-05, "temporal2": 1.38e-05, "temporal3": 0.00068692, "temporal4": 0.00073218, "total": 0.0014679846353828907}