{"temporal0": 1.125e-05, "temporal1": 0.00143383, "temporal2": 1.196e-05, "temporal3": 1.234e-05, "temporal4": 1.235e-05, "total": 0.0014910465106368065}