{"temporal0": 0.00068343, "temporal1": 1.474e-05, "temporal2": 0.00069459, "temporal3": 1.697e-05, "temporal4": 1.715e-05, "total": 0.0020759052131325006}