{"temporal0": 1.528e-05, "temporal1": 1.457e-05, "temporal2": 1.546e-05, "temporal3": 1.568e-05, "temporal4": 0.00068997, "total": 0.0007636920781806111}