{"temporal0": 1.351e-05, "temporal1": 0.00137784, "temporal2": 1.473e-05, "temporal3": 1.53e-05, "temporal4": 1.537e-05, "total": 0.0014546635793522}