{"temporal0": 1.474e-05, "temporal1": 0.00067733, "temporal2": 0.00073408, "temporal3": 1.576e-05, "temporal4": 1.593e-05, "total": 0.0014757371973246336}