{"temporal0": 1.644e-05, "temporal1": 1.574e-05, "temporal2": 0.00067348, "temporal3": 1.857e-05, "temporal4": 1.902e-05, "total": 0.000768970581702888}