{"temporal0": 1.407e-05, "temporal1": 1.367e-05, "temporal2": 1.486e-05, "temporal3": 0.00066996, "temporal4": 1.558e-05, "total": 0.00074337690602988}