{"temporal0": 0.0007002, "temporal1": 1.398e-05, "temporal2": 1.557e-05, "temporal3": 1.641e-05, "temporal4": 0.00068541, "total": 0.0020936860237270594}