{"temporal0": 1.565e-05, "temporal1": 1.564e-05, "temporal2": 1.739e-05, "temporal3": 0.00068674, "temporal4": 1.861e-05, "total": 0.0007787615759298205}