{"temporal0": 1.775e-05, "temporal1": 1.748e-05, "temporal2": 0.00133011, "temporal3": 1.984e-05, "temporal4": 1.987e-05, "total": 0.0014252677792683244}