{"temporal0": 0.00068929, "temporal1": 1.299e-05, "temporal2": 0.00070961, "temporal3": 1.503e-05, "temporal4": 1.518e-05, "total": 0.0020900981035083532}