{"temporal0": 1.098e-05, "temporal1": 1.059e-05, "temporal2": 1.161e-05, "temporal3": 0.00139812, "temporal4": 1.237e-05, "total": 0.0014498645905405283}