{"temporal0": 0.00070144, "temporal1": 1.239e-05, "temporal2": 0.0007048, "temporal3": 1.349e-05, "temporal4": 1.355e-05, "total": 0.0021390574984252453}