{"temporal0": 0.00072987, "temporal1": 1.036e-05, "temporal2": 0.0006971, "temporal3": 1.192e-05, "temporal4": 1.208e-05, "total": 0.00220883684232831}