{"temporal0": 0.00071498, "temporal1": 0.00072413, "temporal2": 9.98e-06, "temporal3": 1.005e-05, "temporal4": 1.004e-05, "total": 0.002185412449762225}