{"temporal0": 1.233e-05, "temporal1": 0.00070664, "temporal2": 1.15e-05, "temporal3": 1.187e-05, "temporal4": 1.208e-05, "total": 0.0007723391172476113}