{"temporal0": 0.00070054, "temporal1": 1.445e-05, "temporal2": 1.535e-05, "temporal3": 1.577e-05, "temporal4": 0.00069418, "total": 0.0021057052072137594}