{"temporal0": 1.141e-05, "temporal1": 1.045e-05, "temporal2": 0.00072135, "temporal3": 1.166e-05, "temporal4": 1.167e-05, "total": 0.0007780093001201749}