{"temporal0": 1.254e-05, "temporal1": 1.094e-05, "temporal2": 1.188e-05, "temporal3": 0.00140149, "temporal4": 1.223e-05, "total": 0.0014632545644417405}