{"temporal0": 0.00071552, "temporal1": 1.251e-05, "temporal2": 1.35e-05, "temporal3": 1.389e-05, "temporal4": 0.00069127, "total": 0.0021216142922639847}