{"temporal0": 1.531e-05, "temporal1": 1.302e-05, "temporal2": 0.00069787, "temporal3": 0.00069737, "temporal4": 1.457e-05, "total": 0.0014625590993091464}