{"temporal0": 0.00070693, "temporal1": 1.222e-05, "temporal2": 1.311e-05, "temporal3": 1.357e-05, "temporal4": 0.00070365, "total": 0.0021171155385673046}