{"temporal0": 1.318e-05, "temporal1": 0.00074395, "temporal2": 1.09e-05, "temporal3": 1.102e-05, "temporal4": 0.00069442, "total": 0.001492878538556397}