{"temporal0": 0.00070374, "temporal1": 1.367e-05, "temporal2": 0.00069527, "temporal3": 1.439e-05, "temporal4": 1.42e-05, "total": 0.0021077694837003946}