{"temporal0": 1.216e-05, "temporal1": 9.88e-06, "temporal2": 1.042e-05, "temporal3": 0.0007062, "temporal4": 0.00074443, "total": 0.0014944836730137467}