{"temporal0": 1.074e-05, "temporal1": 0.00071161, "temporal2": 9.31e-06, "temporal3": 9.54e-06, "temporal4": 0.0007198, "total": 0.001469964743591845}