{"temporal0": 0.00074413, "temporal1": 8.78e-06, "temporal2": 8.96e-06, "temporal3": 8.98e-06, "temporal4": 8.93e-06, "total": 0.0015275285113602877}