{"temporal0": 1.226e-05, "temporal1": 9.69e-06, "temporal2": 0.00143861, "temporal3": 9.86e-06, "temporal4": 9.61e-06, "total": 0.0014907458098605275}