{"temporal0": 1.573e-05, "temporal1": 0.00069922, "temporal2": 1.39e-05, "temporal3": 1.421e-05, "temporal4": 1.437e-05, "total": 0.0007849039975553751}