{"temporal0": 1.596e-05, "temporal1": 0.0007, "temporal2": 1.473e-05, "temporal3": 0.00069627, "temporal4": 1.522e-05, "total": 0.0014692748663946986}