{"temporal0": 1.2e-05, "temporal1": 9.84e-06, "temporal2": 1.047e-05, "temporal3": 0.00143702, "temporal4": 1.066e-05, "total": 0.0014963961439207196}