{"temporal0": 1.477e-05, "temporal1": 0.001384, "temporal2": 1.334e-05, "temporal3": 1.311e-05, "temporal4": 1.279e-05, "total": 0.0014556009555235505}