{"temporal0": 1.298e-05, "temporal1": 1.105e-05, "temporal2": 1.168e-05, "temporal3": 1.198e-05, "temporal4": 0.00070566, "total": 0.0007712824153713882}