{"temporal0": 0.00076848, "temporal1": 3.74e-06, "temporal2": 3.36e-06, "temporal3": 3.33e-06, "temporal4": 0.00076889, "total": 0.0023179189302027225}