{"temporal0": 0.00076786, "temporal1": 3.65e-06, "temporal2": 3.27e-06, "temporal3": 3.15e-06, "temporal4": 3.19e-06, "total": 0.0015557225560769439}