{"temporal0": 7.44e-06, "temporal1": 4.43e-06, "temporal2": 3.89e-06, "temporal3": 0.00076608, "temporal4": 3.64e-06, "total": 0.0007952661835588515}