{"temporal0": 2.2e-05, "temporal1": 0.00155072, "temporal2": 1.077e-05, "temporal3": 1.07e-05, "temporal4": 1.09e-05, "total": 0.001613434636965394}