{"temporal0": 2.109e-05, "temporal1": 1.17e-05, "temporal2": 1.062e-05, "temporal3": 0.00052247, "temporal4": 0.00052231, "total": 0.0010960765648633242}