{"temporal0": 0.00053721, "temporal1": 1.296e-05, "temporal2": 0.00052414, "temporal3": 0.00052428, "temporal4": 1.181e-05, "total": 0.002131180837750435}