{"temporal0": 2.287e-05, "temporal1": 1.27e-05, "temporal2": 0.00052402, "temporal3": 1.13e-05, "temporal4": 0.00052349, "total": 0.0011042761616408825}