{"temporal0": 0.00053338, "temporal1": 0.00052448, "temporal2": 0.00052256, "temporal3": 1.035e-05, "temporal4": 1.047e-05, "total": 0.0021227034740149975}