{"temporal0": 6.3e-06, "temporal1": 0.00076693, "temporal2": 0.00076912, "temporal3": 3.32e-06, "temporal4": 3.33e-06, "total": 0.0015567248919978738}