{"temporal0": 6.9e-06, "temporal1": 3.79e-06, "temporal2": 3.31e-06, "temporal3": 0.00076572, "temporal4": 0.00076774, "total": 0.0015543261542916298}