{"temporal0": 0.00053678, "temporal1": 0.00052602, "temporal2": 1.198e-05, "temporal3": 1.21e-05, "temporal4": 0.00052428, "total": 0.0021312274038791656}