{"temporal0": 7.8e-06, "temporal1": 4.45e-06, "temporal2": 0.00076513, "temporal3": 3.75e-06, "temporal4": 3.59e-06, "total": 0.0007911062566563487}