{"temporal0": 0.00076884, "temporal1": 0.00076898, "temporal2": 3.53e-06, "temporal3": 3.5e-06, "temporal4": 3.59e-06, "total": 0.0023194283712655306}