{"temporal0": 0.00053515, "temporal1": 0.00052576, "temporal2": 1.102e-05, "temporal3": 1.093e-05, "temporal4": 0.00052394, "total": 0.0021271654404699802}