{"temporal0": 6.28e-06, "temporal1": 3.84e-06, "temporal2": 0.0015303, "temporal3": 3.45e-06, "temporal4": 3.48e-06, "total": 0.0015552049735561013}