{"temporal0": 0.00152776, "temporal1": 4.1e-06, "temporal2": 3.55e-06, "temporal3": 3.44e-06, "temporal4": 3.33e-06, "total": 0.003082357347011566}