{"temporal0": 2.232e-05, "temporal1": 1.208e-05, "temporal2": 0.00052417, "temporal3": 0.00052301, "temporal4": 0.00052323, "total": 0.0016136965714395046}