{"temporal0": 0.00053767, "temporal1": 1.365e-05, "temporal2": 0.00052454, "temporal3": 1.248e-05, "temporal4": 0.00052452, "total": 0.0021347037982195616}