{"temporal0": 0.00053344, "temporal1": 1.136e-05, "temporal2": 0.00052281, "temporal3": 0.00052255, "temporal4": 1.024e-05, "total": 0.002122165635228157}