{"temporal0": 0.00076962, "temporal1": 4.3e-06, "temporal2": 0.00076565, "temporal3": 3.76e-06, "temporal4": 3.69e-06, "total": 0.002320663770660758}