{"temporal0": 6.47e-06, "temporal1": 4.03e-06, "temporal2": 3.55e-06, "temporal3": 3.43e-06, "temporal4": 0.00076507, "total": 0.0007880941266193986}