{"temporal0": 1.874e-05, "temporal1": 1.149e-05, "temporal2": 1.03e-05, "temporal3": 0.00052149, "temporal4": 0.0005223, "total": 0.0010916325263679028}