{"temporal0": 4.99e-06, "temporal1": 3.47e-06, "temporal2": 3.33e-06, "temporal3": 0.00076796, "temporal4": 0.00076658, "total": 0.001550353947095573}