{"temporal0": 5.46e-06, "temporal1": 3.47e-06, "temporal2": 3.14e-06, "temporal3": 0.00076588, "temporal4": 2.99e-06, "total": 0.0007857285090722144}