{"temporal0": 1.926e-05, "temporal1": 0.00052356, "temporal2": 1.018e-05, "temporal3": 0.00103347, "temporal4": 1.015e-05, "total": 0.0016040257178246975}