{"temporal0": 5.42e-06, "temporal1": 3.66e-06, "temporal2": 3.44e-06, "temporal3": 3.38e-06, "temporal4": 0.00076582, "total": 0.0007860333425924182}