{"temporal0": 7.33e-06, "temporal1": 4.2e-06, "temporal2": 0.00152552, "temporal3": 3.46e-06, "temporal4": 3.35e-06, "total": 0.0015492881648242474}