{"temporal0": 5.71e-06, "temporal1": 3.73e-06, "temporal2": 3.4e-06, "temporal3": 0.00076644, "temporal4": 0.00076692, "total": 0.0015515785198658705}