{"temporal0": 0.00053156, "temporal1": 1.046e-05, "temporal2": 9.38e-06, "temporal3": 9.3e-06, "temporal4": 9.38e-06, "total": 0.001090624020434916}