{"temporal0": 0.0005312, "temporal1": 1.085e-05, "temporal2": 0.00052164, "temporal3": 9.54e-06, "temporal4": 9.61e-06, "total": 0.0016042066272348166}