{"temporal0": 6.59e-06, "temporal1": 0.00076678, "temporal2": 3.05e-06, "temporal3": 0.00076767, "temporal4": 2.98e-06, "total": 0.0015521019231528044}