{"temporal0": 0.00076792, "temporal1": 4.42e-06, "temporal2": 3.85e-06, "temporal3": 3.73e-06, "temporal4": 0.00076469, "total": 0.0023152553476393223}