{"temporal0": 0.00076676, "temporal1": 0.00076553, "temporal2": 4.28e-06, "temporal3": 4.11e-06, "temporal4": 3.94e-06, "total": 0.0023149983026087284}