{"temporal0": 6.05e-06, "temporal1": 0.00153175, "temporal2": 3.24e-06, "temporal3": 3.18e-06, "temporal4": 3.28e-06, "total": 0.0015529015799984336}