{"temporal0": 4.89e-06, "temporal1": 0.00076503, "temporal2": 3.33e-06, "temporal3": 0.00076491, "temporal4": 3.29e-06, "total": 0.0015457026893272996}