{"temporal0": 0.00072079, "temporal1": 1.083e-05, "temporal2": 0.00071192, "temporal3": 1.248e-05, "temporal4": 1.261e-05, "total": 0.002172065433114767}