{"temporal0": 9.79e-06, "temporal1": 1.04e-05, "temporal2": 1.133e-05, "temporal3": 1.175e-05, "temporal4": 0.00070884, "total": 0.000761183793656528}