{"temporal0": 0.0007373, "temporal1": 0.00073304, "temporal2": 8.2e-06, "temporal3": 8.6e-06, "temporal4": 8.79e-06, "total": 0.0022442194167524576}