{"temporal0": 9.07e-06, "temporal1": 0.00074674, "temporal2": 9.96e-06, "temporal3": 1.001e-05, "temporal4": 9.83e-06, "total": 0.0007949352730065584}