{"temporal0": 8.38e-06, "temporal1": 8.97e-06, "temporal2": 9.9e-06, "temporal3": 0.00143059, "temporal4": 1.054e-05, "total": 0.0014787988038733602}