{"temporal0": 8.31e-06, "temporal1": 8.88e-06, "temporal2": 0.00143355, "temporal3": 1.031e-05, "temporal4": 1.048e-05, "total": 0.0014812257140874863}