{"temporal0": 1.009e-05, "temporal1": 0.00071517, "temporal2": 1.255e-05, "temporal3": 1.306e-05, "temporal4": 1.326e-05, "total": 0.0007806955254636705}