{"temporal0": 1.043e-05, "temporal1": 0.00071134, "temporal2": 1.284e-05, "temporal3": 1.314e-05, "temporal4": 0.0007054, "total": 0.0014665727503597736}