{"temporal0": 9.08e-06, "temporal1": 9.56e-06, "temporal2": 0.00071987, "temporal3": 1.068e-05, "temporal4": 0.00071359, "total": 0.0014741534832865}