{"temporal0": 9.5e-06, "temporal1": 1.027e-05, "temporal2": 1.131e-05, "temporal3": 0.0014387, "temporal4": 1.132e-05, "total": 0.001492299954406917}