{"temporal0": 0.00144655, "temporal1": 9.69e-06, "temporal2": 1.088e-05, "temporal3": 1.142e-05, "temporal4": 1.169e-05, "total": 0.0028878727462142706}