{"temporal0": 8.57e-06, "temporal1": 9.12e-06, "temporal2": 1.005e-05, "temporal3": 0.00071704, "temporal4": 0.00074464, "total": 0.0014986008172854781}