{"temporal0": 1.039e-05, "temporal1": 1.087e-05, "temporal2": 0.00070677, "temporal3": 1.213e-05, "temporal4": 0.00071144, "total": 0.001467499416321516}