{"temporal0": 9.48e-06, "temporal1": 1.048e-05, "temporal2": 1.161e-05, "temporal3": 1.21e-05, "temporal4": 0.00071912, "total": 0.0007760687149129808}