{"temporal0": 0.00071892, "temporal1": 1.049e-05, "temporal2": 1.148e-05, "temporal3": 0.00071117, "temporal4": 1.182e-05, "total": 0.0021837239619344473}