{"temporal0": 0.00075098, "temporal1": 0.0007149, "temporal2": 9.94e-06, "temporal3": 1.024e-05, "temporal4": 1.03e-05, "total": 0.0022551396396011114}