{"temporal0": 8.62e-06, "temporal1": 0.00071904, "temporal2": 9.46e-06, "temporal3": 9.65e-06, "temporal4": 0.00072539, "total": 0.0014776564203202724}