{"temporal0": 7.66e-06, "temporal1": 8.09e-06, "temporal2": 0.0014535, "temporal3": 8.94e-06, "temporal4": 8.8e-06, "total": 0.0014930344186723232}