{"temporal0": 0.00072792, "temporal1": 0.00072172, "temporal2": 9.62e-06, "temporal3": 9.92e-06, "temporal4": 1.002e-05, "total": 0.002216866472736001}