{"temporal0": 9.83e-06, "temporal1": 1.004e-05, "temporal2": 1.096e-05, "temporal3": 0.00071375, "temporal4": 1.127e-05, "total": 0.0007699319976381958}