{"temporal0": 0.00143994, "temporal1": 9.74e-06, "temporal2": 1.082e-05, "temporal3": 1.133e-05, "temporal4": 1.156e-05, "total": 0.002861878601834178}