{"temporal0": 0.00066506, "temporal1": 0.00065582, "temporal2": 2.299e-05, "temporal3": 2.364e-05, "temporal4": 2.379e-05, "total": 0.0020301812328398228}