{"temporal0": 1.656e-05, "temporal1": 0.00069681, "temporal2": 0.00064989, "temporal3": 1.821e-05, "temporal4": 1.796e-05, "total": 0.0014185573672875762}