{"temporal0": 1.995e-05, "temporal1": 0.00065896, "temporal2": 2.123e-05, "temporal3": 2.2e-05, "temporal4": 0.0006644, "total": 0.0014162418665364385}