{"temporal0": 1.657e-05, "temporal1": 0.00068121, "temporal2": 0.00067582, "temporal3": 1.854e-05, "temporal4": 1.827e-05, "total": 0.0014232792891561985}