{"temporal0": 0.00070345, "temporal1": 1.653e-05, "temporal2": 0.00065532, "temporal3": 1.68e-05, "temporal4": 1.59e-05, "total": 0.0021392605267465115}