{"temporal0": 1.62e-05, "temporal1": 1.601e-05, "temporal2": 1.771e-05, "temporal3": 0.00069075, "temporal4": 1.872e-05, "total": 0.0007789663504809141}