{"temporal0": 1.325e-05, "temporal1": 1.253e-05, "temporal2": 1.315e-05, "temporal3": 0.0007186, "temporal4": 1.282e-05, "total": 0.0007781275198794901}