{"temporal0": 2.065e-05, "temporal1": 2.041e-05, "temporal2": 2.219e-05, "temporal3": 2.283e-05, "temporal4": 0.00065214, "total": 0.0007674472290091217}