{"temporal0": 0.00072956, "temporal1": 1.655e-05, "temporal2": 1.778e-05, "temporal3": 1.819e-05, "temporal4": 0.00064457, "total": 0.002166813937947154}