{"temporal0": 0.00066727, "temporal1": 1.859e-05, "temporal2": 1.966e-05, "temporal3": 2.003e-05, "temporal4": 2.017e-05, "total": 0.0014125207671895623}