{"temporal0": 2.273e-05, "temporal1": 2.141e-05, "temporal2": 2.325e-05, "temporal3": 0.00065995, "temporal4": 2.445e-05, "total": 0.000785594864282757}