{"temporal0": 0.00068605, "temporal1": 0.00066394, "temporal2": 1.98e-05, "temporal3": 2.014e-05, "temporal4": 2.03e-05, "total": 0.002114681527018547}