{"temporal0": 0.00065365, "temporal1": 1.999e-05, "temporal2": 2.151e-05, "temporal3": 2.226e-05, "temporal4": 0.00067357, "total": 0.0020073179621249437}