{"temporal0": 1.572e-05, "temporal1": 0.00072045, "temporal2": 1.42e-05, "temporal3": 1.425e-05, "temporal4": 0.00068281, "total": 0.0014610060025006533}