{"temporal0": 0.00067428, "temporal1": 0.00065702, "temporal2": 2.103e-05, "temporal3": 2.098e-05, "temporal4": 2.082e-05, "total": 0.0020198673009872437}