{"temporal0": 2.183e-05, "temporal1": 1.959e-05, "temporal2": 2.087e-05, "temporal3": 0.00064385, "temporal4": 2.162e-05, "total": 0.000756364141125232}