{"temporal0": 0.00066764, "temporal1": 2.048e-05, "temporal2": 0.00065005, "temporal3": 2.322e-05, "temporal4": 2.358e-05, "total": 0.0020115666557103395}