{"temporal0": 1.481e-05, "temporal1": 1.307e-05, "temporal2": 0.00071552, "temporal3": 1.342e-05, "temporal4": 0.00071508, "total": 0.0014821330551058054}