{"temporal0": 2.013e-05, "temporal1": 1.897e-05, "temporal2": 2.058e-05, "temporal3": 0.00130584, "temporal4": 2.039e-05, "total": 0.001406272640451789}