{"temporal0": 1.941e-05, "temporal1": 1.88e-05, "temporal2": 2.013e-05, "temporal3": 0.00064632, "temporal4": 2.066e-05, "total": 0.0007462518406100571}