{"temporal0": 2.329e-05, "temporal1": 2.137e-05, "temporal2": 0.00066045, "temporal3": 2.343e-05, "temporal4": 0.00065075, "total": 0.0014138002879917622}