{"temporal0": 1.594e-05, "temporal1": 1.458e-05, "temporal2": 0.00135393, "temporal3": 1.64e-05, "temporal4": 1.573e-05, "total": 0.0014256556751206517}