{"temporal0": 1.078e-05, "temporal1": 1.11e-05, "temporal2": 1.236e-05, "temporal3": 0.00071393, "temporal4": 0.00070549, "total": 0.0014705500798299909}