{"temporal0": 1.071e-05, "temporal1": 1.094e-05, "temporal2": 0.00070371, "temporal3": 1.259e-05, "temporal4": 1.281e-05, "total": 0.0007617315277457237}