{"temporal0": 9.58e-06, "temporal1": 9.83e-06, "temporal2": 0.00145474, "temporal3": 1.139e-05, "temporal4": 1.142e-05, "total": 0.001502359053120017}