{"temporal0": 0.00073201, "temporal1": 9.72e-06, "temporal2": 1.1e-05, "temporal3": 1.169e-05, "temporal4": 0.00072063, "total": 0.0022341732401400805}