{"temporal0": 0.00072639, "temporal1": 1.012e-05, "temporal2": 1.136e-05, "temporal3": 1.187e-05, "temporal4": 0.00070903, "total": 0.002158963354304433}