{"temporal0": 9.64e-06, "temporal1": 1.059e-05, "temporal2": 1.216e-05, "temporal3": 0.00072348, "temporal4": 1.353e-05, "total": 0.0007794225821271539}