{"temporal0": 0.00072422, "temporal1": 1.101e-05, "temporal2": 1.229e-05, "temporal3": 1.27e-05, "temporal4": 0.00070074, "total": 0.0021977676078677177}