{"temporal0": 0.00071208, "temporal1": 1.093e-05, "temporal2": 1.208e-05, "temporal3": 0.00074415, "temporal4": 1.229e-05, "total": 0.0021982896141707897}