{"temporal0": 9.22e-06, "temporal1": 0.00071778, "temporal2": 1.121e-05, "temporal3": 1.172e-05, "temporal4": 1.184e-05, "total": 0.0007730135112069547}