{"temporal0": 1.039e-05, "temporal1": 0.00070931, "temporal2": 1.234e-05, "temporal3": 1.299e-05, "temporal4": 0.00071308, "total": 0.0014743513893336058}