{"temporal0": 9.08e-06, "temporal1": 9.7e-06, "temporal2": 0.00141864, "temporal3": 1.158e-05, "temporal4": 1.196e-05, "total": 0.001478293677791953}