{"temporal0": 0.00074951, "temporal1": 7.72e-06, "temporal2": 0.0007139, "temporal3": 8.92e-06, "temporal4": 8.94e-06, "total": 0.0022401809692382812}