{"temporal0": 1.14e-05, "temporal1": 0.00070842, "temporal2": 1.25e-05, "temporal3": 0.00070226, "temporal4": 1.258e-05, "total": 0.001462216372601688}