{"temporal0": 0.00071898, "temporal1": 1.11e-05, "temporal2": 1.259e-05, "temporal3": 1.325e-05, "temporal4": 1.358e-05, "total": 0.0014619536232203245}