{"temporal0": 0.00071965, "temporal1": 8.67e-06, "temporal2": 9.72e-06, "temporal3": 1.024e-05, "temporal4": 0.00074609, "total": 0.0021760119125247}