{"temporal0": 9.18e-06, "temporal1": 0.00073226, "temporal2": 1.003e-05, "temporal3": 0.00071117, "temporal4": 1.049e-05, "total": 0.0014805920654907823}