{"temporal0": 1.143e-05, "temporal1": 1.211e-05, "temporal2": 1.37e-05, "temporal3": 0.00070478, "temporal4": 1.471e-05, "total": 0.0007733856909908354}