{"temporal0": 1.055e-05, "temporal1": 0.00142225, "temporal2": 1.21e-05, "temporal3": 1.291e-05, "temporal4": 1.33e-05, "total": 0.0014890593010932207}