{"temporal0": 0.00071922, "temporal1": 1.039e-05, "temporal2": 1.173e-05, "temporal3": 1.236e-05, "temporal4": 0.00070422, "total": 0.002145819365978241}