{"temporal0": 9.78e-06, "temporal1": 0.00074757, "temporal2": 1.027e-05, "temporal3": 0.00070484, "temporal4": 1.064e-05, "total": 0.001495223492383957}