{"temporal0": 1.188e-05, "temporal1": 1.203e-05, "temporal2": 0.00139238, "temporal3": 1.307e-05, "temporal4": 1.283e-05, "total": 0.0014564876910299063}