{"temporal0": 9.25e-06, "temporal1": 8.95e-06, "temporal2": 0.00070868, "temporal3": 0.00072258, "temporal4": 1.005e-05, "total": 0.0014675246784463525}