{"temporal0": 9.87e-06, "temporal1": 0.00074318, "temporal2": 1.064e-05, "temporal3": 0.00070529, "temporal4": 1.057e-05, "total": 0.0014887184370309114}