{"temporal0": 1.08e-05, "temporal1": 0.00141558, "temporal2": 1.196e-05, "temporal3": 1.215e-05, "temporal4": 1.206e-05, "total": 0.0014737622113898396}