{"temporal0": 0.00072129, "temporal1": 1.191e-05, "temporal2": 0.00070089, "temporal3": 1.362e-05, "temporal4": 1.389e-05, "total": 0.0021470929495990276}