{"temporal0": 0.00071426, "temporal1": 1.234e-05, "temporal2": 1.346e-05, "temporal3": 0.00070059, "temporal4": 1.421e-05, "total": 0.0021338146179914474}