{"temporal0": 1.049e-05, "temporal1": 1.016e-05, "temporal2": 0.00074286, "temporal3": 1.075e-05, "temporal4": 0.00070584, "total": 0.0014900523237884045}