{"temporal0": 1.264e-05, "temporal1": 0.0007043, "temporal2": 1.4e-05, "temporal3": 1.445e-05, "temporal4": 1.466e-05, "total": 0.0007810218958184123}