{"temporal0": 1.094e-05, "temporal1": 0.00070969, "temporal2": 0.00072236, "temporal3": 1.176e-05, "temporal4": 1.194e-05, "total": 0.0014801619108766317}