{"temporal0": 1.049e-05, "temporal1": 1.097e-05, "temporal2": 1.207e-05, "temporal3": 0.00074307, "temporal4": 0.00069851, "total": 0.0014869673177599907}