{"temporal0": 0.000708, "temporal1": 1.332e-05, "temporal2": 0.00069664, "temporal3": 1.425e-05, "temporal4": 1.397e-05, "total": 0.002146749757230282}