{"temporal0": 0.00071059, "temporal1": 1.244e-05, "temporal2": 1.335e-05, "temporal3": 0.00069827, "temporal4": 1.346e-05, "total": 0.0021270671859383583}