{"temporal0": 1.095e-05, "temporal1": 1.062e-05, "temporal2": 1.135e-05, "temporal3": 1.161e-05, "temporal4": 0.00072372, "total": 0.0007816293509677052}