{"temporal0": 0.00073041, "temporal1": 9.88e-06, "temporal2": 1.072e-05, "temporal3": 1.108e-05, "temporal4": 1.125e-05, "total": 0.0015255480539053679}