{"temporal0": 1.155e-05, "temporal1": 1.119e-05, "temporal2": 1.196e-05, "temporal3": 0.00140202, "temporal4": 1.241e-05, "total": 0.0014697263250127435}