{"temporal0": 1.335e-05, "temporal1": 1.328e-05, "temporal2": 1.426e-05, "temporal3": 1.458e-05, "temporal4": 0.00069457, "total": 0.000770466635003686}