{"temporal0": 0.00074753, "temporal1": 9.62e-06, "temporal2": 0.00070977, "temporal3": 1.04e-05, "temporal4": 1.048e-05, "total": 0.002244998700916767}