{"temporal0": 1.276e-05, "temporal1": 0.00071231, "temporal2": 1.265e-05, "temporal3": 1.264e-05, "temporal4": 1.235e-05, "total": 0.0007734268438071012}