{"temporal0": 1.048e-05, "temporal1": 9.91e-06, "temporal2": 1.053e-05, "temporal3": 1.076e-05, "temporal4": 0.00070948, "total": 0.0007637301459908485}