{"temporal0": 0.00071973, "temporal1": 1.045e-05, "temporal2": 1.115e-05, "temporal3": 1.127e-05, "temporal4": 0.00070068, "total": 0.002185560530051589}