{"temporal0": 1.06e-05, "temporal1": 1.045e-05, "temporal2": 0.00070045, "temporal3": 1.144e-05, "temporal4": 1.152e-05, "total": 0.0007575252093374729}