{"temporal0": 0.00141097, "temporal1": 1.262e-05, "temporal2": 1.372e-05, "temporal3": 1.416e-05, "temporal4": 1.425e-05, "total": 0.002814488485455513}