{"temporal0": 1.046e-05, "temporal1": 0.00070494, "temporal2": 1.119e-05, "temporal3": 1.15e-05, "temporal4": 0.00074529, "total": 0.0014953711070120335}