{"temporal0": 0.000693, "temporal1": 1.347e-05, "temporal2": 1.459e-05, "temporal3": 1.505e-05, "temporal4": 1.522e-05, "total": 0.0014026259304955602}