{"temporal0": 0.00070555, "temporal1": 1.329e-05, "temporal2": 1.462e-05, "temporal3": 0.0006948, "temporal4": 1.54e-05, "total": 0.002101076068356633}