{"temporal0": 0.00069276, "temporal1": 1.612e-05, "temporal2": 1.767e-05, "temporal3": 1.839e-05, "temporal4": 0.00068294, "total": 0.002084434498101473}