{"temporal0": 0.00070855, "temporal1": 9.21e-06, "temporal2": 1.005e-05, "temporal3": 0.00071421, "temporal4": 1.054e-05, "total": 0.002161711221560836}