{"temporal0": 1.457e-05, "temporal1": 0.00073865, "temporal2": 1.45e-05, "temporal3": 1.484e-05, "temporal4": 1.494e-05, "total": 0.0008186222403310239}