{"temporal0": 1.649e-05, "temporal1": 1.512e-05, "temporal2": 0.00068613, "temporal3": 1.649e-05, "temporal4": 1.641e-05, "total": 0.0007763979956507683}