{"temporal0": 1.532e-05, "temporal1": 0.00137576, "temporal2": 1.498e-05, "temporal3": 1.526e-05, "temporal4": 1.533e-05, "total": 0.001465632114559412}