{"temporal0": 1.306e-05, "temporal1": 1.095e-05, "temporal2": 0.00142387, "temporal3": 1.156e-05, "temporal4": 1.158e-05, "total": 0.0014905286952853203}