{"temporal0": 1.437e-05, "temporal1": 1.285e-05, "temporal2": 1.377e-05, "temporal3": 0.00069585, "temporal4": 1.424e-05, "total": 0.0007767005590721965}