{"temporal0": 1.149e-05, "temporal1": 0.00070547, "temporal2": 1.072e-05, "temporal3": 0.00073771, "temporal4": 1.042e-05, "total": 0.001488191308453679}