{"temporal0": 1.515e-05, "temporal1": 1.396e-05, "temporal2": 0.00069822, "temporal3": 1.533e-05, "temporal4": 0.00068115, "total": 0.0014434234471991658}