{"temporal0": 0.00069542, "temporal1": 1.189e-05, "temporal2": 0.00071387, "temporal3": 1.368e-05, "temporal4": 1.387e-05, "total": 0.002100850222632289}