{"temporal0": 1.336e-05, "temporal1": 1.18e-05, "temporal2": 0.00068593, "temporal3": 1.303e-05, "temporal4": 0.00071549, "total": 0.0014574900269508362}