{"temporal0": 0.00072088, "temporal1": 0.00068498, "temporal2": 1.426e-05, "temporal3": 1.46e-05, "temporal4": 1.474e-05, "total": 0.00219740136526525}