{"temporal0": 0.00069151, "temporal1": 1.544e-05, "temporal2": 1.631e-05, "temporal3": 1.66e-05, "temporal4": 1.663e-05, "total": 0.0014468841254711151}