{"temporal0": 1.523e-05, "temporal1": 1.404e-05, "temporal2": 0.00068355, "temporal3": 1.571e-05, "temporal4": 1.593e-05, "total": 0.0007705305470153689}