{"temporal0": 0.00074115, "temporal1": 1.11e-05, "temporal2": 1.177e-05, "temporal3": 1.203e-05, "temporal4": 0.00069214, "total": 0.002222257200628519}