{"temporal0": 1.114e-05, "temporal1": 0.00071627, "temporal2": 1.086e-05, "temporal3": 1.11e-05, "temporal4": 0.00073545, "total": 0.0014917340595275164}