{"temporal0": 1.736e-05, "temporal1": 0.00068927, "temporal2": 1.797e-05, "temporal3": 0.00068431, "temporal4": 1.879e-05, "total": 0.0014532458735629916}