{"temporal0": 1.446e-05, "temporal1": 1.259e-05, "temporal2": 1.326e-05, "temporal3": 0.00068694, "temporal4": 0.00070078, "total": 0.001449389266781509}