{"temporal0": 1.531e-05, "temporal1": 1.425e-05, "temporal2": 1.495e-05, "temporal3": 1.515e-05, "temporal4": 0.00067752, "total": 0.0007535557961091399}