{"temporal0": 1.714e-05, "temporal1": 1.674e-05, "temporal2": 1.78e-05, "temporal3": 0.00134405, "temporal4": 1.725e-05, "total": 0.001435765065252781}