{"temporal0": 1.311e-05, "temporal1": 0.00070478, "temporal2": 1.569e-05, "temporal3": 1.631e-05, "temporal4": 1.657e-05, "total": 0.0007833234267309308}