{"temporal0": 1.134e-05, "temporal1": 1.122e-05, "temporal2": 0.00140349, "temporal3": 1.242e-05, "temporal4": 1.242e-05, "total": 0.001464115222916007}