{"temporal0": 1.218e-05, "temporal1": 1.285e-05, "temporal2": 1.422e-05, "temporal3": 1.484e-05, "temporal4": 0.00070235, "total": 0.000774072133935988}