{"temporal0": 0.0007105, "temporal1": 0.00074472, "temporal2": 1.203e-05, "temporal3": 1.229e-05, "temporal4": 1.232e-05, "total": 0.002173479413613677}