{"temporal0": 1.226e-05, "temporal1": 0.00070439, "temporal2": 1.451e-05, "temporal3": 0.00069957, "temporal4": 1.539e-05, "total": 0.0014633426908403635}