{"temporal0": 9.97e-06, "temporal1": 1.018e-05, "temporal2": 1.12e-05, "temporal3": 0.00070607, "temporal4": 0.00074176, "total": 0.0014856480993330479}