{"temporal0": 1.116e-05, "temporal1": 0.00071353, "temporal2": 1.239e-05, "temporal3": 1.28e-05, "temporal4": 0.0007071, "total": 0.0014702019980177283}