{"temporal0": 1.094e-05, "temporal1": 1.091e-05, "temporal2": 0.00074398, "temporal3": 0.00070046, "temporal4": 1.203e-05, "total": 0.0014907243894413114}