{"temporal0": 0.00070844, "temporal1": 1.244e-05, "temporal2": 1.349e-05, "temporal3": 0.00070829, "temporal4": 1.381e-05, "total": 0.0021655068267136812}