{"temporal0": 0.00071643, "temporal1": 9.79e-06, "temporal2": 1.072e-05, "temporal3": 0.00074351, "temporal4": 1.102e-05, "total": 0.00216967542655766}