{"temporal0": 0.00144164, "temporal1": 1.002e-05, "temporal2": 1.114e-05, "temporal3": 1.164e-05, "temporal4": 1.192e-05, "total": 0.0029042258393019438}