{"temporal0": 8.55e-06, "temporal1": 0.00072657, "temporal2": 9.43e-06, "temporal3": 0.00072197, "temporal4": 1.016e-05, "total": 0.0014844989636912942}