{"temporal0": 0.00072092, "temporal1": 0.00071343, "temporal2": 1.099e-05, "temporal3": 1.113e-05, "temporal4": 1.1e-05, "total": 0.002196424873545766}