{"temporal0": 1.315e-05, "temporal1": 0.00070265, "temporal2": 0.00069771, "temporal3": 1.471e-05, "temporal4": 1.441e-05, "total": 0.0014573484659194946}