{"temporal0": 0.00074773, "temporal1": 8.69e-06, "temporal2": 9.18e-06, "temporal3": 9.3e-06, "temporal4": 9.37e-06, "total": 0.0015354581410065293}