{"temporal0": 1.277e-05, "temporal1": 1.333e-05, "temporal2": 0.00070184, "temporal3": 0.00069568, "temporal4": 1.509e-05, "total": 0.0014593072701245546}