{"temporal0": 0.00071141, "temporal1": 1.266e-05, "temporal2": 1.414e-05, "temporal3": 1.476e-05, "temporal4": 0.00070872, "total": 0.0021499127615243196}