{"temporal0": 1.219e-05, "temporal1": 1.266e-05, "temporal2": 1.39e-05, "temporal3": 1.441e-05, "temporal4": 0.00069486, "total": 0.0007682084105908871}