{"temporal0": 1.073e-05, "temporal1": 1.075e-05, "temporal2": 1.175e-05, "temporal3": 1.221e-05, "temporal4": 0.00140978, "total": 0.001470206188969314}