{"temporal0": 7.09e-06, "temporal1": 7.23e-06, "temporal2": 0.00144655, "temporal3": 8.86e-06, "temporal4": 9.14e-06, "total": 0.0014843654353171587}