{"temporal0": 1.046e-05, "temporal1": 1.078e-05, "temporal2": 0.00071296, "temporal3": 1.266e-05, "temporal4": 1.302e-05, "total": 0.0007796171121299267}