{"temporal0": 4.94e-06, "temporal1": 0.0005026, "temporal2": 0.00049836, "temporal3": 5.21e-06, "temporal4": 0.00049662, "total": 0.0015135490102693439}