{"temporal0": 0.00074322, "temporal1": 7.77e-06, "temporal2": 8.65e-06, "temporal3": 8.94e-06, "temporal4": 9e-06, "total": 0.0015310246963053942}