{"temporal0": 0.00050434, "temporal1": 4.54e-06, "temporal2": 5.04e-06, "temporal3": 5.5e-06, "temporal4": 5.84e-06, "total": 0.0010247378377243876}