{"temporal0": 0.00072821, "temporal1": 8.61e-06, "temporal2": 9.72e-06, "temporal3": 0.00072197, "temporal4": 1.023e-05, "total": 0.002206915756687522}