{"temporal0": 0.00050439, "temporal1": 4.62e-06, "temporal2": 5.08e-06, "temporal3": 5.46e-06, "temporal4": 0.00050628, "total": 0.0015347381122410297}