{"temporal0": 7.78e-06, "temporal1": 7.69e-06, "temporal2": 8.58e-06, "temporal3": 0.00073163, "temporal4": 0.00071839, "total": 0.0014853521715849638}