{"temporal0": 0.00099892, "temporal1": 5.01e-06, "temporal2": 5.41e-06, "temporal3": 5.8e-06, "temporal4": 0.00050095, "total": 0.0025100670754909515}