{"temporal0": 0.00073194, "temporal1": 0.00072611, "temporal2": 1.033e-05, "temporal3": 1.086e-05, "temporal4": 1.112e-05, "total": 0.002207772806286812}