{"temporal0": 5.29e-06, "temporal1": 0.00050012, "temporal2": 0.00049938, "temporal3": 5.42e-06, "temporal4": 5.57e-06, "total": 0.0010220676194876432}