{"temporal0": 7.66e-06, "temporal1": 0.00075169, "temporal2": 7.85e-06, "temporal3": 7.96e-06, "temporal4": 0.00072222, "total": 0.0015049255453050137}