{"temporal0": 7.45e-06, "temporal1": 0.00073391, "temporal2": 8.77e-06, "temporal3": 0.00072287, "temporal4": 9.41e-06, "total": 0.0014941637637093663}