{"temporal0": 0.00050303, "temporal1": 4.9e-06, "temporal2": 0.00050064, "temporal3": 5.81e-06, "temporal4": 6.06e-06, "total": 0.0015254681929945946}