{"temporal0": 7.73e-06, "temporal1": 0.00072535, "temporal2": 9.55e-06, "temporal3": 1.02e-05, "temporal4": 1.046e-05, "total": 0.0007761070737615228}