{"temporal0": 4.53e-06, "temporal1": 4.28e-06, "temporal2": 0.00099469, "temporal3": 5.23e-06, "temporal4": 0.00049963, "total": 0.0015157992020249367}