{"temporal0": 0.000734, "temporal1": 7.61e-06, "temporal2": 8.16e-06, "temporal3": 0.0007219, "temporal4": 8.16e-06, "total": 0.0022188695147633553}