{"temporal0": 5.14e-06, "temporal1": 0.00050703, "temporal2": 0.0005066, "temporal3": 0.00050631, "temporal4": 5e-06, "total": 0.00153521413449198}