{"temporal0": 7.9e-06, "temporal1": 7.45e-06, "temporal2": 0.00072615, "temporal3": 8.53e-06, "temporal4": 0.00072172, "total": 0.0014820159412920475}