{"temporal0": 0.00050294, "temporal1": 4.32e-06, "temporal2": 0.0004995, "temporal3": 0.00049901, "temporal4": 5.4e-06, "total": 0.0020103054121136665}