{"temporal0": 0.00050854, "temporal1": 0.00049996, "temporal2": 5.26e-06, "temporal3": 5.62e-06, "temporal4": 0.00049714, "total": 0.0020299323368817568}