{"temporal0": 0.00073585, "temporal1": 7.9e-06, "temporal2": 0.00072346, "temporal3": 9.55e-06, "temporal4": 9.79e-06, "total": 0.0022036030422896147}