{"temporal0": 0.00075238, "temporal1": 0.00071933, "temporal2": 9.31e-06, "temporal3": 9.43e-06, "temporal4": 9.29e-06, "total": 0.0022588586434721947}