{"temporal0": 9.62e-06, "temporal1": 9.69e-06, "temporal2": 0.00071386, "temporal3": 1.103e-05, "temporal4": 1.105e-05, "total": 0.0007663918077014387}