{"temporal0": 5.01e-06, "temporal1": 0.00049773, "temporal2": 5.14e-06, "temporal3": 0.00049709, "temporal4": 0.0005003, "total": 0.001510470057837665}