{"temporal0": 8.86e-06, "temporal1": 8.63e-06, "temporal2": 0.00071996, "temporal3": 9.95e-06, "temporal4": 0.00075034, "total": 0.0015064660692587495}