{"temporal0": 0.00073553, "temporal1": 8.05e-06, "temporal2": 8.9e-06, "temporal3": 0.00074772, "temporal4": 9.34e-06, "total": 0.002222738228738308}