{"temporal0": 4.68e-06, "temporal1": 0.00149414, "temporal2": 5.39e-06, "temporal3": 5.74e-06, "temporal4": 5.97e-06, "total": 0.001519105746410787}