{"temporal0": 8.63e-06, "temporal1": 8.56e-06, "temporal2": 0.00073549, "temporal3": 1.005e-05, "temporal4": 1.03e-05, "total": 0.0007807287620380521}