{"temporal0": 7.97e-06, "temporal1": 7.3e-06, "temporal2": 0.00074805, "temporal3": 8.01e-06, "temporal4": 0.00073286, "total": 0.0015090405941009521}