{"temporal0": 8.17e-06, "temporal1": 7.43e-06, "temporal2": 0.00072665, "temporal3": 0.00073454, "temporal4": 8.73e-06, "total": 0.0014944622525945306}