{"temporal0": 8.93e-06, "temporal1": 0.00073876, "temporal2": 9.06e-06, "temporal3": 9.45e-06, "temporal4": 0.00071932, "total": 0.0014947009040042758}