{"temporal0": 8.71e-06, "temporal1": 0.00072825, "temporal2": 8.55e-06, "temporal3": 8.83e-06, "temporal4": 0.00072627, "total": 0.001490892842411995}