{"temporal0": 0.00072744, "temporal1": 8.53e-06, "temporal2": 9.47e-06, "temporal3": 1e-05, "temporal4": 1.015e-05, "total": 0.0014757354510948062}