{"temporal0": 5.09e-06, "temporal1": 0.00050003, "temporal2": 5.82e-06, "temporal3": 0.00049782, "temporal4": 0.0004946, "total": 0.0015088231302797794}