{"temporal0": 4.79e-06, "temporal1": 4.56e-06, "temporal2": 5e-06, "temporal3": 0.00099076, "temporal4": 5.79e-06, "total": 0.0010171638568863273}