{"temporal0": 0.00050474, "temporal1": 4.66e-06, "temporal2": 5e-06, "temporal3": 0.00049989, "temporal4": 5.59e-06, "total": 0.0015197211178019643}