{"temporal0": 8.53e-06, "temporal1": 9.09e-06, "temporal2": 1.015e-05, "temporal3": 0.00142799, "temporal4": 1.04e-05, "total": 0.0014762884238734841}