{"temporal0": 0.00050988, "temporal1": 3.52e-06, "temporal2": 0.00101266, "temporal3": 4.15e-06, "temporal4": 4.29e-06, "total": 0.002043221378698945}