{"temporal0": 0.00076169, "temporal1": 4.15e-06, "temporal2": 4.77e-06, "temporal3": 5.01e-06, "temporal4": 0.00075557, "total": 0.002295601647347212}