{"temporal0": 4.6e-06, "temporal1": 0.00074659, "temporal2": 5.65e-06, "temporal3": 5.99e-06, "temporal4": 0.00074436, "total": 0.0015138754388317466}