{"temporal0": 4.22e-06, "temporal1": 0.00075139, "temporal2": 5.78e-06, "temporal3": 6.26e-06, "temporal4": 0.00073966, "total": 0.0015121828764677048}