{"temporal0": 0.0005102, "temporal1": 3.07e-06, "temporal2": 0.00050807, "temporal3": 0.0005069, "temporal4": 3.48e-06, "total": 0.0020424295216798782}