{"temporal0": 5.11e-06, "temporal1": 5.55e-06, "temporal2": 6.23e-06, "temporal3": 6.69e-06, "temporal4": 0.00074191, "total": 0.0007704357267357409}