{"temporal0": 5.37e-06, "temporal1": 3.74e-06, "temporal2": 4.09e-06, "temporal3": 0.00050599, "temporal4": 0.00100511, "total": 0.0015309748705476522}