{"temporal0": 0.00101668, "temporal1": 3.2e-06, "temporal2": 3.6e-06, "temporal3": 3.73e-06, "temporal4": 0.00050759, "total": 0.0025488128885626793}