{"temporal0": 0.00051033, "temporal1": 0.00050759, "temporal2": 4.05e-06, "temporal3": 4.31e-06, "temporal4": 4.52e-06, "total": 0.0015452798688784242}