{"temporal0": 4.77e-06, "temporal1": 3.36e-06, "temporal2": 3.42e-06, "temporal3": 3.48e-06, "temporal4": 0.00101172, "total": 0.0010303425369784236}