{"temporal0": 0.00150755, "temporal1": 4.22e-06, "temporal2": 4.93e-06, "temporal3": 5.22e-06, "temporal4": 5.47e-06, "total": 0.003030179999768734}