{"temporal0": 4.26e-06, "temporal1": 0.00074765, "temporal2": 5.58e-06, "temporal3": 6.02e-06, "temporal4": 6.1e-06, "total": 0.0007751545053906739}