{"temporal0": 5.21e-06, "temporal1": 5.47e-06, "temporal2": 0.00148441, "temporal3": 6.48e-06, "temporal4": 6.59e-06, "total": 0.0015118393348529935}