{"temporal0": 3.97e-06, "temporal1": 3.33e-06, "temporal2": 0.00050505, "temporal3": 0.00050732, "temporal4": 0.00051009, "total": 0.0015360526740550995}