{"temporal0": 0.00075045, "temporal1": 0.00075585, "temporal2": 6.32e-06, "temporal3": 6.68e-06, "temporal4": 6.73e-06, "total": 0.002267204225063324}