{"temporal0": 4.1e-06, "temporal1": 4.56e-06, "temporal2": 5.27e-06, "temporal3": 0.00074141, "temporal4": 0.00074987, "total": 0.001512700691819191}