{"temporal0": 6.57e-06, "temporal1": 0.00101204, "temporal2": 0.00050982, "temporal3": 4.12e-06, "temporal4": 4.3e-06, "total": 0.0015424280427396297}