{"temporal0": 0.00051226, "temporal1": 3.61e-06, "temporal2": 4.22e-06, "temporal3": 0.00101079, "temporal4": 4.91e-06, "total": 0.002052013296633959}