{"temporal0": 0.00051183, "temporal1": 3.38e-06, "temporal2": 0.00050652, "temporal3": 3.83e-06, "temporal4": 3.99e-06, "total": 0.001536943600513041}