{"temporal0": 6.01e-06, "temporal1": 0.00074635, "temporal2": 0.00074907, "temporal3": 5.49e-06, "temporal4": 5.54e-06, "total": 0.0015202902723103762}