{"temporal0": 0.00050986, "temporal1": 0.0005103, "temporal2": 0.00050563, "temporal3": 4.19e-06, "temporal4": 4.43e-06, "total": 0.0020417256746441126}