{"temporal0": 4.23e-06, "temporal1": 3.1e-06, "temporal2": 3.38e-06, "temporal3": 3.57e-06, "temporal4": 0.00151215, "total": 0.0015305961715057492}