{"temporal0": 5.76e-06, "temporal1": 4.67e-06, "temporal2": 5e-06, "temporal3": 0.00074796, "temporal4": 5.4e-06, "total": 0.0007770981756038964}