{"temporal0": 4.12e-06, "temporal1": 0.00050583, "temporal2": 3.58e-06, "temporal3": 3.76e-06, "temporal4": 3.92e-06, "total": 0.0005250989925116301}