{"temporal0": 4.52e-06, "temporal1": 0.00050726, "temporal2": 3.87e-06, "temporal3": 0.0005067, "temporal4": 4.53e-06, "total": 0.0010321143781766295}