{"temporal0": 0.00075206, "temporal1": 3.97e-06, "temporal2": 4.27e-06, "temporal3": 4.46e-06, "temporal4": 0.00074523, "total": 0.0022471381817013025}