{"temporal0": 6.08e-06, "temporal1": 0.00075058, "temporal2": 0.00075533, "temporal3": 5.12e-06, "temporal4": 5.11e-06, "total": 0.001531281159259379}