{"temporal0": 0.00149631, "temporal1": 4.99e-06, "temporal2": 5.63e-06, "temporal3": 5.94e-06, "temporal4": 5.89e-06, "total": 0.0030002244748175144}