{"temporal0": 5.01e-06, "temporal1": 3.93e-06, "temporal2": 4.21e-06, "temporal3": 0.00074715, "temporal4": 0.00075115, "total": 0.0015178886242210865}