{"temporal0": 0.00075153, "temporal1": 0.00074333, "temporal2": 4.92e-06, "temporal3": 5.09e-06, "temporal4": 5.04e-06, "total": 0.0022634249180555344}