{"temporal0": 3.98e-06, "temporal1": 0.00050797, "temporal2": 3.61e-06, "temporal3": 0.00050505, "temporal4": 3.95e-06, "total": 0.0010286731412634254}