{"temporal0": 4.5e-06, "temporal1": 4.56e-06, "temporal2": 5.22e-06, "temporal3": 0.0014957, "temporal4": 5.46e-06, "total": 0.0015220744535326958}