{"temporal0": 5.65e-06, "temporal1": 4.48e-06, "temporal2": 0.000742, "temporal3": 0.00075044, "temporal4": 4.78e-06, "total": 0.001515166717581451}