{"temporal0": 6.39e-06, "temporal1": 5.84e-06, "temporal2": 0.00147876, "temporal3": 6.8e-06, "temporal4": 6.91e-06, "total": 0.001511656097136438}