{"temporal0": 6.56e-06, "temporal1": 5.51e-06, "temporal2": 0.0007421, "temporal3": 0.0007418, "temporal4": 5.96e-06, "total": 0.001507883076556027}