{"temporal0": 3.65e-06, "temporal1": 0.00051014, "temporal2": 0.0005054, "temporal3": 3.86e-06, "temporal4": 0.00050486, "total": 0.0015312883770093322}