{"temporal0": 0.00075218, "temporal1": 0.00075451, "temporal2": 6.33e-06, "temporal3": 6.59e-06, "temporal4": 6.62e-06, "total": 0.0022878688760101795}