{"temporal0": 5.13e-06, "temporal1": 5.35e-06, "temporal2": 0.00073745, "temporal3": 0.00075423, "temporal4": 6.12e-06, "total": 0.0015140916220843792}