{"temporal0": 3.83e-06, "temporal1": 3.5e-06, "temporal2": 3.82e-06, "temporal3": 0.00050343, "temporal4": 0.0005034, "total": 0.0010218502720817924}