{"temporal0": 3.48e-06, "temporal1": 3.32e-06, "temporal2": 3.71e-06, "temporal3": 0.00100617, "temporal4": 4.09e-06, "total": 0.0010246579768136144}