{"temporal0": 5.79e-06, "temporal1": 6.36e-06, "temporal2": 0.00073993, "temporal3": 7.88e-06, "temporal4": 0.00073923, "total": 0.0015071943635120988}