{"temporal0": 5.33e-06, "temporal1": 5.37e-06, "temporal2": 6.05e-06, "temporal3": 0.00073877, "temporal4": 0.00075262, "total": 0.0015117335133254528}