{"temporal0": 5.27e-06, "temporal1": 0.00074326, "temporal2": 6.24e-06, "temporal3": 6.71e-06, "temporal4": 6.85e-06, "total": 0.0007772325188852847}