{"temporal0": 5.17e-06, "temporal1": 0.00074762, "temporal2": 0.00074508, "temporal3": 6.39e-06, "temporal4": 6.5e-06, "total": 0.0015140983741730452}