{"temporal0": 5.11e-06, "temporal1": 5.37e-06, "temporal2": 6.15e-06, "temporal3": 0.00074172, "temporal4": 0.00073742, "total": 0.0015048286877572536}