{"temporal0": 0.00149131, "temporal1": 5.45e-06, "temporal2": 6.26e-06, "temporal3": 6.71e-06, "temporal4": 6.82e-06, "total": 0.0030029506888240576}