{"temporal0": 0.0005103, "temporal1": 3.2e-06, "temporal2": 3.55e-06, "temporal3": 0.00050571, "temporal4": 0.00050532, "total": 0.00204147445037961}