{"temporal0": 0.00050973, "temporal1": 3.35e-06, "temporal2": 0.00100606, "temporal3": 4.01e-06, "temporal4": 4.19e-06, "total": 0.0020344529766589403}