{"temporal0": 3.5e-06, "temporal1": 0.00050756, "temporal2": 0.00050683, "temporal3": 3.71e-06, "temporal4": 3.89e-06, "total": 0.0010285612661391497}