{"temporal0": 0.0005076, "temporal1": 3.56e-06, "temporal2": 3.93e-06, "temporal3": 0.00050468, "temporal4": 4.24e-06, "total": 0.0015320435632020235}