{"temporal0": 0.00075094, "temporal1": 4.99e-06, "temporal2": 5.63e-06, "temporal3": 5.91e-06, "temporal4": 5.9e-06, "total": 0.0015112846158444881}