{"temporal0": 3.57e-06, "temporal1": 0.00050661, "temporal2": 3.65e-06, "temporal3": 0.00050961, "temporal4": 4.04e-06, "total": 0.0010310555808246136}