{"temporal0": 0.00050904, "temporal1": 0.00050533, "temporal2": 3.61e-06, "temporal3": 0.00050662, "temporal4": 3.99e-06, "total": 0.0020362110808491707}