{"temporal0": 0.00051152, "temporal1": 0.00050656, "temporal2": 0.00050535, "temporal3": 4.13e-06, "temporal4": 4.36e-06, "total": 0.002046728041023016}