{"temporal0": 0.00101352, "temporal1": 3.58e-06, "temporal2": 3.91e-06, "temporal3": 4.12e-06, "temporal4": 0.00050337, "total": 0.0025411772076040506}