{"temporal0": 6.31e-06, "temporal1": 0.0007464, "temporal2": 5.6e-06, "temporal3": 0.00073793, "temporal4": 5.63e-06, "total": 0.0015080556040629745}