{"temporal0": 3.97e-06, "temporal1": 0.00050631, "temporal2": 0.00050479, "temporal3": 3.96e-06, "temporal4": 4.11e-06, "total": 0.0010282067814841866}