{"temporal0": 3.38e-06, "temporal1": 0.0005076, "temporal2": 3.59e-06, "temporal3": 3.8e-06, "temporal4": 0.00101095, "total": 0.0015330070164054632}