{"temporal0": 0.00075787, "temporal1": 5.25e-06, "temporal2": 5.72e-06, "temporal3": 5.98e-06, "temporal4": 0.00073944, "total": 0.0022800196893513203}