{"temporal0": 0.00074822, "temporal1": 4.47e-06, "temporal2": 0.00074879, "temporal3": 5.29e-06, "temporal4": 5.38e-06, "total": 0.002250175690278411}