{"temporal0": 6.55e-06, "temporal1": 5.05e-06, "temporal2": 0.00074219, "temporal3": 5.52e-06, "temporal4": 5.52e-06, "total": 0.0007716476102359593}