{"temporal0": 5.74e-06, "temporal1": 4.9e-06, "temporal2": 0.00074211, "temporal3": 5.26e-06, "temporal4": 0.00073993, "total": 0.0015025564935058355}