{"temporal0": 0.00075444, "temporal1": 4.59e-06, "temporal2": 5.23e-06, "temporal3": 5.5e-06, "temporal4": 5.68e-06, "total": 0.001515273586846888}