{"temporal0": 0.00050977, "temporal1": 3.44e-06, "temporal2": 0.00050902, "temporal3": 3.93e-06, "temporal4": 4.06e-06, "total": 0.0015365004073828459}