{"temporal0": 6.78e-06, "temporal1": 0.00074165, "temporal2": 7.36e-06, "temporal3": 7.77e-06, "temporal4": 7.78e-06, "total": 0.0007792278192937374}