{"temporal0": 0.00074658, "temporal1": 4.28e-06, "temporal2": 4.78e-06, "temporal3": 4.97e-06, "temporal4": 0.00074861, "total": 0.0022544111125171185}