{"temporal0": 5.93e-06, "temporal1": 0.00074087, "temporal2": 5.2e-06, "temporal3": 0.00074805, "temporal4": 5.27e-06, "total": 0.0015109978849068284}