{"temporal0": 3.72e-06, "temporal1": 3.09e-06, "temporal2": 3.42e-06, "temporal3": 3.57e-06, "temporal4": 0.00150987, "total": 0.0015278321225196123}