{"temporal0": 5.3e-06, "temporal1": 4.5e-06, "temporal2": 0.00075557, "temporal3": 4.85e-06, "temporal4": 0.00074748, "total": 0.0015217618783935905}