{"temporal0": 5.54e-06, "temporal1": 5.47e-06, "temporal2": 6.2e-06, "temporal3": 0.00147664, "temporal4": 6.64e-06, "total": 0.0015079958830028772}