{"temporal0": 4.94e-06, "temporal1": 0.00148949, "temporal2": 5.66e-06, "temporal3": 6.1e-06, "temporal4": 6.3e-06, "total": 0.0015194034203886986}