{"temporal0": 0.00051058, "temporal1": 3.52e-06, "temporal2": 0.00050488, "temporal3": 4.55e-06, "temporal4": 0.00050252, "total": 0.002040739404037595}