{"temporal0": 0.00074495, "temporal1": 6.97e-06, "temporal2": 8.09e-06, "temporal3": 8.69e-06, "temporal4": 8.7e-06, "total": 0.001509687164798379}