{"temporal0": 0.00050684, "temporal1": 0.00050433, "temporal2": 4.57e-06, "temporal3": 4.92e-06, "temporal4": 5.15e-06, "total": 0.001531768124550581}