{"temporal0": 5.36e-06, "temporal1": 0.00074717, "temporal2": 6.26e-06, "temporal3": 0.00073555, "temporal4": 6.71e-06, "total": 0.0015043618623167276}