{"temporal0": 4.49e-06, "temporal1": 3.64e-06, "temporal2": 4.04e-06, "temporal3": 0.00100443, "temporal4": 4.47e-06, "total": 0.0010264775482937694}