{"temporal0": 4.44e-06, "temporal1": 3.68e-06, "temporal2": 0.00050431, "temporal3": 0.00050166, "temporal4": 0.00050158, "total": 0.001520901219919324}