{"temporal0": 5.45e-06, "temporal1": 6.36e-06, "temporal2": 7.31e-06, "temporal3": 0.00073221, "temporal4": 0.00073692, "total": 0.001494644209742546}