{"temporal0": 0.00075757, "temporal1": 5.63e-06, "temporal2": 6.47e-06, "temporal3": 6.94e-06, "temporal4": 7.03e-06, "total": 0.0015456514665856957}