{"temporal0": 5.33e-06, "temporal1": 0.00075325, "temporal2": 7.04e-06, "temporal3": 7.4e-06, "temporal4": 7.55e-06, "total": 0.0007857393939048052}