{"temporal0": 0.00148726, "temporal1": 6.19e-06, "temporal2": 7.31e-06, "temporal3": 7.85e-06, "temporal4": 8.05e-06, "total": 0.002987040439620614}