{"temporal0": 5.45e-06, "temporal1": 6.17e-06, "temporal2": 7.26e-06, "temporal3": 0.00073464, "temporal4": 0.00075233, "total": 0.0015117081347852945}