{"temporal0": 0.00050792, "temporal1": 0.00100668, "temporal2": 3.75e-06, "temporal3": 4e-06, "temporal4": 4.18e-06, "total": 0.002034869510680437}