{"temporal0": 5.48e-06, "temporal1": 0.00073658, "temporal2": 6.79e-06, "temporal3": 6.99e-06, "temporal4": 0.00073521, "total": 0.0014965180307626724}