{"temporal0": 5.1e-06, "temporal1": 5.79e-06, "temporal2": 0.00073738, "temporal3": 0.00073569, "temporal4": 7.4e-06, "total": 0.0014974389923736453}