{"temporal0": 3.9e-06, "temporal1": 0.00050647, "temporal2": 0.00100486, "temporal3": 4.1e-06, "temporal4": 4.3e-06, "total": 0.0015268683200702071}