{"temporal0": 4.37e-06, "temporal1": 3.93e-06, "temporal2": 0.00050159, "temporal3": 0.00050262, "temporal4": 5.28e-06, "total": 0.001021228265017271}