{"temporal0": 3.98e-06, "temporal1": 3.34e-06, "temporal2": 0.00050402, "temporal3": 4.08e-06, "temporal4": 0.0005085, "total": 0.0010279000271111727}