{"temporal0": 0.00050723, "temporal1": 0.00100965, "temporal2": 4.7e-06, "temporal3": 5.11e-06, "temporal4": 5.42e-06, "total": 0.00203842855989933}