{"temporal0": 5.06e-06, "temporal1": 0.00073944, "temporal2": 0.00074146, "temporal3": 7.39e-06, "temporal4": 7.64e-06, "total": 0.0015096219722181559}