{"temporal0": 0.00050584, "temporal1": 3.72e-06, "temporal2": 4.09e-06, "temporal3": 4.34e-06, "temporal4": 0.00100362, "total": 0.0020284063648432493}