{"temporal0": 5.33e-06, "temporal1": 6.18e-06, "temporal2": 0.00075314, "temporal3": 7.59e-06, "temporal4": 7.75e-06, "total": 0.0007864615181460977}