{"temporal0": 0.00050918, "temporal1": 4.14e-06, "temporal2": 4.43e-06, "temporal3": 0.00050855, "temporal4": 4.89e-06, "total": 0.0015366111183539033}