{"temporal0": 3.58e-06, "temporal1": 3.39e-06, "temporal2": 0.00050896, "temporal3": 0.00050306, "temporal4": 0.00050315, "total": 0.0015265613328665495}