{"temporal0": 0.00075112, "temporal1": 5.71e-06, "temporal2": 0.00073232, "temporal3": 6.76e-06, "temporal4": 6.78e-06, "total": 0.0022642361000180244}