{"temporal0": 0.00075083, "temporal1": 0.00074062, "temporal2": 5.9e-06, "temporal3": 6.37e-06, "temporal4": 6.49e-06, "total": 0.0022416787687689066}