{"temporal0": 5.48e-06, "temporal1": 0.00074422, "temporal2": 6.4e-06, "temporal3": 6.73e-06, "temporal4": 6.94e-06, "total": 0.0007764134788885713}