{"temporal0": 6.12e-06, "temporal1": 0.00073918, "temporal2": 7.23e-06, "temporal3": 7.6e-06, "temporal4": 0.0007358, "total": 0.0015059479046612978}