{"temporal0": 3.7e-06, "temporal1": 3.36e-06, "temporal2": 3.91e-06, "temporal3": 0.00150381, "temporal4": 4.51e-06, "total": 0.0015231226570904255}