{"temporal0": 0.00074608, "temporal1": 5.42e-06, "temporal2": 6.1e-06, "temporal3": 0.00074069, "temporal4": 6.65e-06, "total": 0.002257533138617873}