{"temporal0": 0.00050836, "temporal1": 3.54e-06, "temporal2": 4.03e-06, "temporal3": 4.34e-06, "temporal4": 0.00050165, "total": 0.001526359934359789}