{"temporal0": 0.00074242, "temporal1": 5.89e-06, "temporal2": 6.5e-06, "temporal3": 6.87e-06, "temporal4": 0.00074153, "total": 0.0022435057908296585}