{"temporal0": 0.0005083, "temporal1": 0.00050607, "temporal2": 4e-06, "temporal3": 4.36e-06, "temporal4": 4.64e-06, "total": 0.001539656426757574}