{"temporal0": 5.01e-06, "temporal1": 5.52e-06, "temporal2": 0.0007379, "temporal3": 0.00075311, "temporal4": 6.84e-06, "total": 0.0015154664870351553}