{"temporal0": 5.23e-06, "temporal1": 5.64e-06, "temporal2": 6.44e-06, "temporal3": 0.00074352, "temporal4": 0.00073148, "total": 0.0014983098953962326}