{"temporal0": 6.14e-06, "temporal1": 6.26e-06, "temporal2": 7.01e-06, "temporal3": 7.34e-06, "temporal4": 0.00074206, "total": 0.0007751566008664668}