{"temporal0": 4.81e-06, "temporal1": 4.94e-06, "temporal2": 0.00074339, "temporal3": 6.05e-06, "temporal4": 6.26e-06, "total": 0.0007710887584835291}