{"temporal0": 5.53e-06, "temporal1": 6.22e-06, "temporal2": 0.00146676, "temporal3": 7.55e-06, "temporal4": 7.72e-06, "total": 0.0015022829174995422}