{"temporal0": 0.00051689, "temporal1": 0.00051464, "temporal2": 0.00051348, "temporal3": 4.1e-06, "temporal4": 4.2e-06, "total": 0.002068652305752039}