{"temporal0": 4.38e-06, "temporal1": 3.48e-06, "temporal2": 3.72e-06, "temporal3": 0.00075848, "temporal4": 0.00076168, "total": 0.0015352079644799232}