{"temporal0": 6.77e-06, "temporal1": 0.00102422, "temporal2": 4.28e-06, "temporal3": 0.00051344, "temporal4": 4.27e-06, "total": 0.0015587680973112583}