{"temporal0": 0.0005178, "temporal1": 4.47e-06, "temporal2": 4.16e-06, "temporal3": 0.0005138, "temporal4": 0.00051388, "total": 0.002069194335490465}