{"temporal0": 0.00076412, "temporal1": 0.00075686, "temporal2": 3.51e-06, "temporal3": 3.6e-06, "temporal4": 3.62e-06, "total": 0.0023039220832288265}