{"temporal0": 3.76e-06, "temporal1": 0.00151431, "temporal2": 3.91e-06, "temporal3": 4.14e-06, "temporal4": 4.18e-06, "total": 0.0015336873475462198}