{"temporal0": 7.21e-06, "temporal1": 4.58e-06, "temporal2": 0.00102496, "temporal3": 0.00051472, "temporal4": 4.18e-06, "total": 0.0015602877829223871}