{"temporal0": 0.00051893, "temporal1": 0.00051543, "temporal2": 3.93e-06, "temporal3": 3.87e-06, "temporal4": 0.00051427, "total": 0.0020731049589812756}