{"temporal0": 3.86e-06, "temporal1": 3.27e-06, "temporal2": 3.51e-06, "temporal3": 0.00075629, "temporal4": 3.64e-06, "total": 0.0007739412249065936}