{"temporal0": 0.00051703, "temporal1": 4.33e-06, "temporal2": 4.09e-06, "temporal3": 4.05e-06, "temporal4": 4.08e-06, "total": 0.0010478640906512737}