{"temporal0": 4.2e-06, "temporal1": 3.79e-06, "temporal2": 0.00075531, "temporal3": 0.00076068, "temporal4": 4.45e-06, "total": 0.0015315195778384805}