{"temporal0": 0.00076137, "temporal1": 4.17e-06, "temporal2": 0.00075747, "temporal3": 4.83e-06, "temporal4": 4.81e-06, "total": 0.0023006657138466835}