{"temporal0": 0.00076261, "temporal1": 3.19e-06, "temporal2": 3.43e-06, "temporal3": 0.0007575, "temporal4": 3.61e-06, "total": 0.0022965306416153908}