{"temporal0": 7.49e-06, "temporal1": 4.34e-06, "temporal2": 0.00051362, "temporal3": 3.84e-06, "temporal4": 0.00102466, "total": 0.0015588903333991766}