{"temporal0": 0.00051716, "temporal1": 4.13e-06, "temporal2": 3.85e-06, "temporal3": 0.00051433, "temporal4": 3.97e-06, "total": 0.0015600059414282441}