{"temporal0": 0.000766, "temporal1": 3.44e-06, "temporal2": 3.71e-06, "temporal3": 3.84e-06, "temporal4": 0.00075553, "total": 0.0023018645588308573}