{"temporal0": 0.0005172, "temporal1": 0.0005141, "temporal2": 4.47e-06, "temporal3": 4.47e-06, "temporal4": 0.000513, "total": 0.0020682199392467737}