{"temporal0": 5.18e-06, "temporal1": 3.96e-06, "temporal2": 0.0007547, "temporal3": 4.1e-06, "temporal4": 3.92e-06, "total": 0.0007756477571092546}