{"temporal0": 4.21e-06, "temporal1": 3.59e-06, "temporal2": 0.00075801, "temporal3": 4.11e-06, "temporal4": 0.00075554, "total": 0.0015284956898540258}