{"temporal0": 6.65e-06, "temporal1": 4.72e-06, "temporal2": 4.62e-06, "temporal3": 4.66e-06, "temporal4": 0.00051382, "total": 0.0005406717536970973}