{"temporal0": 4.03e-06, "temporal1": 3.52e-06, "temporal2": 0.00151449, "temporal3": 3.81e-06, "temporal4": 3.81e-06, "total": 0.0015339093515649438}