{"temporal0": 0.00076419, "temporal1": 4e-06, "temporal2": 4.14e-06, "temporal3": 0.00076255, "temporal4": 4.24e-06, "total": 0.002306594280526042}