{"temporal0": 4.89e-06, "temporal1": 0.00076131, "temporal2": 4.71e-06, "temporal3": 4.86e-06, "temporal4": 0.00075628, "total": 0.0015353094786405563}