{"temporal0": 0.00051686, "temporal1": 4.33e-06, "temporal2": 4.22e-06, "temporal3": 0.00051335, "temporal4": 0.00051344, "total": 0.0020672352984547615}