{"temporal0": 4.27e-06, "temporal1": 3.96e-06, "temporal2": 4.36e-06, "temporal3": 0.00075477, "temporal4": 4.48e-06, "total": 0.000776770175434649}