{"temporal0": 6.89e-06, "temporal1": 0.00051485, "temporal2": 4.14e-06, "temporal3": 0.00051385, "temporal4": 4.07e-06, "total": 0.0010485470993444324}