{"temporal0": 0.00076095, "temporal1": 0.00075688, "temporal2": 4.67e-06, "temporal3": 4.9e-06, "temporal4": 4.84e-06, "total": 0.0022953911684453487}