{"temporal0": 4.03e-06, "temporal1": 3.63e-06, "temporal2": 3.88e-06, "temporal3": 0.00075443, "temporal4": 0.00075632, "total": 0.0015270389849320054}