{"temporal0": 0.0007626, "temporal1": 0.00075921, "temporal2": 3.88e-06, "temporal3": 4.15e-06, "temporal4": 4.15e-06, "total": 0.0022975215688347816}