{"temporal0": 6.43e-06, "temporal1": 4.26e-06, "temporal2": 0.00153228, "temporal3": 3.94e-06, "temporal4": 3.96e-06, "total": 0.0015554350102320313}