{"temporal0": 4.41e-06, "temporal1": 3.79e-06, "temporal2": 4.05e-06, "temporal3": 4.16e-06, "temporal4": 0.00150617, "total": 0.0015266052214428782}