{"temporal0": 0.0005172, "temporal1": 0.00051513, "temporal2": 4.09e-06, "temporal3": 4.03e-06, "temporal4": 4.08e-06, "total": 0.0015594768337905407}