{"temporal0": 6.32e-06, "temporal1": 4.42e-06, "temporal2": 4.31e-06, "temporal3": 0.00152979, "temporal4": 4.45e-06, "total": 0.001553516136482358}