{"temporal0": 3.11e-06, "temporal1": 0.00076068, "temporal2": 0.00075865, "temporal3": 3.35e-06, "temporal4": 3.4e-06, "total": 0.001531942398287356}