{"temporal0": 0.00152376, "temporal1": 4.23e-06, "temporal2": 4.75e-06, "temporal3": 5.04e-06, "temporal4": 5e-06, "total": 0.003072036663070321}