{"temporal0": 1.162e-05, "temporal1": 0.00103003, "temporal2": 6.32e-06, "temporal3": 6.23e-06, "temporal4": 0.00051741, "total": 0.0015793094644322991}