{"temporal0": 1.11e-05, "temporal1": 6.83e-06, "temporal2": 0.00051713, "temporal3": 0.00051716, "temporal4": 0.00051697, "total": 0.0015769880264997482}