{"temporal0": 0.00076585, "temporal1": 4.02e-06, "temporal2": 3.94e-06, "temporal3": 3.94e-06, "temporal4": 0.00076011, "total": 0.0023104711435735226}