{"temporal0": 0.00103555, "temporal1": 6.76e-06, "temporal2": 6.26e-06, "temporal3": 6.26e-06, "temporal4": 6.41e-06, "total": 0.002090240828692913}