{"temporal0": 0.00103513, "temporal1": 6.3e-06, "temporal2": 5.7e-06, "temporal3": 5.61e-06, "temporal4": 0.00051766, "total": 0.0025992589071393013}