{"temporal0": 0.00152791, "temporal1": 3.61e-06, "temporal2": 3.54e-06, "temporal3": 3.51e-06, "temporal4": 3.38e-06, "total": 0.003076825523748994}