{"temporal0": 1.052e-05, "temporal1": 6.64e-06, "temporal2": 0.0010292, "temporal3": 5.72e-06, "temporal4": 0.00051691, "total": 0.0015753943007439375}