{"temporal0": 5.15e-06, "temporal1": 0.00076216, "temporal2": 3.94e-06, "temporal3": 3.93e-06, "temporal4": 3.86e-06, "total": 0.0007823088089935482}