{"temporal0": 4.62e-06, "temporal1": 3.74e-06, "temporal2": 0.00076127, "temporal3": 0.00076269, "temporal4": 3.76e-06, "total": 0.001539268414489925}