{"temporal0": 0.00153094, "temporal1": 3.16e-06, "temporal2": 3.19e-06, "temporal3": 3.27e-06, "temporal4": 3.23e-06, "total": 0.0030819999519735575}