{"temporal0": 1.036e-05, "temporal1": 0.00051843, "temporal2": 5.78e-06, "temporal3": 5.71e-06, "temporal4": 5.77e-06, "total": 0.0005532535724341869}