{"temporal0": 1.183e-05, "temporal1": 7.02e-06, "temporal2": 0.00051772, "temporal3": 0.00051773, "temporal4": 6.43e-06, "total": 0.0010669366456568241}