{"temporal0": 5.25e-06, "temporal1": 3.79e-06, "temporal2": 3.61e-06, "temporal3": 0.0007606, "temporal4": 0.00076347, "total": 0.0015414331573992968}