{"temporal0": 0.00052259, "temporal1": 0.00051898, "temporal2": 6.33e-06, "temporal3": 6.22e-06, "temporal4": 0.00051759, "total": 0.0020890855230391026}