{"temporal0": 3.73e-06, "temporal1": 0.00076467, "temporal2": 0.00076501, "temporal3": 3.01e-06, "temporal4": 3.01e-06, "total": 0.001542842946946621}