{"temporal0": 0.00076402, "temporal1": 0.00076406, "temporal2": 3.13e-06, "temporal3": 3.08e-06, "temporal4": 3.02e-06, "total": 0.0023056783247739077}