{"temporal0": 4.52e-06, "temporal1": 0.00076631, "temporal2": 3.48e-06, "temporal3": 3.44e-06, "temporal4": 0.00076236, "total": 0.0015437817201018333}