{"temporal0": 1.056e-05, "temporal1": 6.48e-06, "temporal2": 5.9e-06, "temporal3": 0.00051821, "temporal4": 0.00051774, "total": 0.001066424185410142}