{"temporal0": 1.068e-05, "temporal1": 0.00051802, "temporal2": 0.00051725, "temporal3": 5.79e-06, "temporal4": 0.00051763, "total": 0.00157554738689214}