{"temporal0": 0.0005217, "temporal1": 6.81e-06, "temporal2": 6.38e-06, "temporal3": 0.00102737, "temporal4": 6.65e-06, "total": 0.0020863800309598446}