{"temporal0": 4.88e-06, "temporal1": 3.96e-06, "temporal2": 3.89e-06, "temporal3": 0.00076019, "temporal4": 3.77e-06, "total": 0.000779921596404165}