{"temporal0": 9.81e-06, "temporal1": 0.0010299, "temporal2": 0.00051658, "temporal3": 5.48e-06, "temporal4": 5.53e-06, "total": 0.0015729715814813972}