{"temporal0": 0.00052202, "temporal1": 6.26e-06, "temporal2": 5.85e-06, "temporal3": 0.00102886, "temporal4": 5.81e-06, "total": 0.002086552092805505}