{"temporal0": 4.47e-06, "temporal1": 3.32e-06, "temporal2": 0.00076536, "temporal3": 0.00076131, "temporal4": 3.09e-06, "total": 0.00154124666005373}