{"temporal0": 9.69e-06, "temporal1": 6.26e-06, "temporal2": 0.00153874, "temporal3": 5.72e-06, "temporal4": 5.85e-06, "total": 0.0015718991635367274}