{"temporal0": 4.78e-06, "temporal1": 0.00076105, "temporal2": 0.00076031, "temporal3": 3.29e-06, "temporal4": 3.15e-06, "total": 0.0015365253202617168}