{"temporal0": 4.88e-06, "temporal1": 0.00076268, "temporal2": 3.29e-06, "temporal3": 3.29e-06, "temporal4": 3.25e-06, "total": 0.0007823912310414016}