{"temporal0": 4.86e-06, "temporal1": 3.48e-06, "temporal2": 3.31e-06, "temporal3": 0.00076525, "temporal4": 3.17e-06, "total": 0.0007842041668482125}