{"temporal0": 0.00052159, "temporal1": 6.44e-06, "temporal2": 5.8e-06, "temporal3": 5.71e-06, "temporal4": 5.77e-06, "total": 0.00106439262162894}