{"temporal0": 4.74e-06, "temporal1": 3.37e-06, "temporal2": 3.19e-06, "temporal3": 0.00076324, "temporal4": 3.17e-06, "total": 0.0007824565400369465}