{"temporal0": 0.00076479, "temporal1": 0.00076395, "temporal2": 3.06e-06, "temporal3": 3.04e-06, "temporal4": 3.01e-06, "total": 0.0023065824061632156}