{"temporal0": 0.00076429, "temporal1": 3.37e-06, "temporal2": 3.27e-06, "temporal3": 3.27e-06, "temporal4": 0.00076521, "total": 0.0023078392259776592}