{"temporal0": 4.67e-06, "temporal1": 3.56e-06, "temporal2": 0.00076097, "temporal3": 3.39e-06, "temporal4": 0.00076095, "total": 0.001536794239655137}