{"temporal0": 4.87e-06, "temporal1": 3.35e-06, "temporal2": 0.00076305, "temporal3": 0.00076164, "temporal4": 3.1e-06, "total": 0.0015414271038025618}