{"temporal0": 4.07e-06, "temporal1": 3.47e-06, "temporal2": 0.00151724, "temporal3": 3.66e-06, "temporal4": 3.6e-06, "total": 0.0015353477792814374}