{"temporal0": 4.35e-06, "temporal1": 3.52e-06, "temporal2": 3.5e-06, "temporal3": 3.53e-06, "temporal4": 0.0015189, "total": 0.0015371181070804596}