{"temporal0": 0.00067155, "temporal1": 0.00068224, "temporal2": 2.012e-05, "temporal3": 2.027e-05, "temporal4": 1.989e-05, "total": 0.0020835809409618378}