{"temporal0": 0.00067678, "temporal1": 2.028e-05, "temporal2": 2.235e-05, "temporal3": 0.000655, "temporal4": 2.27e-05, "total": 0.002033923054113984}