{"temporal0": 0.00068492, "temporal1": 1.807e-05, "temporal2": 2.019e-05, "temporal3": 2.118e-05, "temporal4": 0.0006655, "total": 0.0020560782868415117}