{"temporal0": 1.972e-05, "temporal1": 1.927e-05, "temporal2": 2.12e-05, "temporal3": 0.00066822, "temporal4": 0.00065389, "total": 0.001415621256455779}