{"temporal0": 1.647e-05, "temporal1": 0.00072263, "temporal2": 1.67e-05, "temporal3": 1.691e-05, "temporal4": 1.694e-05, "total": 0.0008056467631831765}