{"temporal0": 2.171e-05, "temporal1": 2.165e-05, "temporal2": 2.367e-05, "temporal3": 2.437e-05, "temporal4": 0.00065538, "total": 0.0007778783328831196}