{"temporal0": 1.393e-05, "temporal1": 1.287e-05, "temporal2": 0.00071944, "temporal3": 1.394e-05, "temporal4": 0.00068648, "total": 0.001457989914342761}