{"temporal0": 0.00073082, "temporal1": 0.00066007, "temporal2": 1.664e-05, "temporal3": 1.635e-05, "temporal4": 1.594e-05, "total": 0.002181776100769639}