{"temporal0": 1.761e-05, "temporal1": 1.787e-05, "temporal2": 1.948e-05, "temporal3": 0.0006461, "temporal4": 0.00072314, "total": 0.0014445765409618616}