{"temporal0": 1.852e-05, "temporal1": 1.927e-05, "temporal2": 0.0006489, "temporal3": 2.127e-05, "temporal4": 2.138e-05, "total": 0.0007478555198758841}