{"temporal0": 1.305e-05, "temporal1": 1.38e-05, "temporal2": 0.0006904, "temporal3": 1.618e-05, "temporal4": 1.618e-05, "total": 0.0007578755030408502}