{"temporal0": 1.863e-05, "temporal1": 0.00066307, "temporal2": 0.0006692, "temporal3": 2.278e-05, "temporal4": 2.343e-05, "total": 0.0014234231784939766}