{"temporal0": 2.097e-05, "temporal1": 2.107e-05, "temporal2": 2.332e-05, "temporal3": 2.443e-05, "temporal4": 0.00065087, "total": 0.0007715234532952309}