{"temporal0": 1.98e-05, "temporal1": 0.00066133, "temporal2": 0.0006577, "temporal3": 2.275e-05, "temporal4": 2.254e-05, "total": 0.001410143100656569}