{"temporal0": 0.00138454, "temporal1": 1.417e-05, "temporal2": 1.574e-05, "temporal3": 1.583e-05, "temporal4": 1.569e-05, "total": 0.0028867702931165695}