{"temporal0": 0.00066829, "temporal1": 1.996e-05, "temporal2": 2.227e-05, "temporal3": 2.336e-05, "temporal4": 2.382e-05, "total": 0.0014028188306838274}