{"temporal0": 1.748e-05, "temporal1": 1.622e-05, "temporal2": 1.766e-05, "temporal3": 0.00067637, "temporal4": 0.00067607, "total": 0.001418855506926775}