{"temporal0": 1.249e-05, "temporal1": 1.264e-05, "temporal2": 1.407e-05, "temporal3": 0.0013935, "temporal4": 1.463e-05, "total": 0.0014549951301887631}