{"temporal0": 1.855e-05, "temporal1": 1.797e-05, "temporal2": 0.00131393, "temporal3": 2.079e-05, "temporal4": 2.101e-05, "total": 0.0014158007688820362}