{"temporal0": 1.563e-05, "temporal1": 0.00069819, "temporal2": 1.866e-05, "temporal3": 1.936e-05, "temporal4": 1.951e-05, "total": 0.000788800127338618}