{"temporal0": 0.00066746, "temporal1": 2.019e-05, "temporal2": 2.268e-05, "temporal3": 0.00065384, "temporal4": 2.435e-05, "total": 0.002032686723396182}