{"temporal0": 1.863e-05, "temporal1": 0.00132377, "temporal2": 2.085e-05, "temporal3": 2.205e-05, "temporal4": 2.278e-05, "total": 0.0014366883551701903}