{"temporal0": 0.00072836, "temporal1": 1.301e-05, "temporal2": 1.419e-05, "temporal3": 1.454e-05, "temporal4": 1.462e-05, "total": 0.0015371511690318584}