{"temporal0": 0.00070663, "temporal1": 1.143e-05, "temporal2": 1.257e-05, "temporal3": 0.00074254, "temporal4": 1.293e-05, "total": 0.0021626437082886696}