{"temporal0": 1.198e-05, "temporal1": 1.207e-05, "temporal2": 0.00070512, "temporal3": 1.35e-05, "temporal4": 1.36e-05, "total": 0.0007689584163017571}