{"temporal0": 0.00071639, "temporal1": 1.322e-05, "temporal2": 1.449e-05, "temporal3": 1.509e-05, "temporal4": 0.00069369, "total": 0.002138913609087467}