{"temporal0": 1.175e-05, "temporal1": 0.00071245, "temporal2": 0.00069541, "temporal3": 1.377e-05, "temporal4": 1.372e-05, "total": 0.0014593031955882907}