{"temporal0": 9.99e-06, "temporal1": 9.76e-06, "temporal2": 0.00142027, "temporal3": 1.144e-05, "temporal4": 1.167e-05, "total": 0.0014751940034329891}