{"temporal0": 1.196e-05, "temporal1": 0.00070952, "temporal2": 1.295e-05, "temporal3": 0.0007053, "temporal4": 1.393e-05, "total": 0.0014713453128933907}