{"temporal0": 1.005e-05, "temporal1": 9.4e-06, "temporal2": 1.025e-05, "temporal3": 1.056e-05, "temporal4": 0.00143871, "total": 0.001487156841903925}