{"temporal0": 1.339e-05, "temporal1": 0.00070446, "temporal2": 0.0007006, "temporal3": 1.54e-05, "temporal4": 1.574e-05, "total": 0.001470124814659357}