{"temporal0": 1.078e-05, "temporal1": 0.00070086, "temporal2": 1.191e-05, "temporal3": 0.00072196, "temporal4": 1.28e-05, "total": 0.0014702201588079333}