{"temporal0": 1.069e-05, "temporal1": 1.043e-05, "temporal2": 1.146e-05, "temporal3": 0.00069555, "temporal4": 1.215e-05, "total": 0.0007522874511778355}