{"temporal0": 0.0007061, "temporal1": 1.212e-05, "temporal2": 1.269e-05, "temporal3": 0.00070675, "temporal4": 1.27e-05, "total": 0.0021473662927746773}