{"temporal0": 0.00074707, "temporal1": 0.00072595, "temporal2": 8.7e-06, "temporal3": 8.96e-06, "temporal4": 9.01e-06, "total": 0.0022489207331091166}