{"temporal0": 0.00071809, "temporal1": 1.131e-05, "temporal2": 1.241e-05, "temporal3": 1.272e-05, "temporal4": 0.00069436, "total": 0.002178317168727517}