{"temporal0": 1.189e-05, "temporal1": 0.00074334, "temporal2": 0.0006914, "temporal3": 1.244e-05, "temporal4": 1.217e-05, "total": 0.0014829799765720963}