{"temporal0": 1.238e-05, "temporal1": 1.255e-05, "temporal2": 1.364e-05, "temporal3": 0.00069413, "temporal4": 0.00070678, "total": 0.0014572162181138992}