{"temporal0": 9.69e-06, "temporal1": 9.44e-06, "temporal2": 1.032e-05, "temporal3": 1.065e-05, "temporal4": 0.00072048, "total": 0.0007690210477449}