{"temporal0": 1.245e-05, "temporal1": 0.00070091, "temporal2": 1.349e-05, "temporal3": 0.00069899, "temporal4": 1.38e-05, "total": 0.0014558362308889627}