{"temporal0": 1.401e-05, "temporal1": 1.413e-05, "temporal2": 1.514e-05, "temporal3": 1.549e-05, "temporal4": 0.00069362, "total": 0.0007700633141212165}