{"temporal0": 0.00071166, "temporal1": 9.84e-06, "temporal2": 0.00074319, "temporal3": 1.117e-05, "temporal4": 1.123e-05, "total": 0.0021605384536087513}