{"temporal0": 0.00140037, "temporal1": 1.223e-05, "temporal2": 1.35e-05, "temporal3": 1.408e-05, "temporal4": 1.429e-05, "total": 0.0027915663085877895}