{"temporal0": 0.00071342, "temporal1": 1.237e-05, "temporal2": 0.00069967, "temporal3": 1.414e-05, "temporal4": 1.441e-05, "total": 0.0021275347098708153}