{"temporal0": 9.53e-06, "temporal1": 9.24e-06, "temporal2": 0.00073988, "temporal3": 9.92e-06, "temporal4": 9.89e-06, "total": 0.00078694021794945}