{"temporal0": 1.194e-05, "temporal1": 1.19e-05, "temporal2": 1.315e-05, "temporal3": 0.00139057, "temporal4": 1.397e-05, "total": 0.001464670873247087}