{"temporal0": 0.0014128, "temporal1": 1.225e-05, "temporal2": 1.349e-05, "temporal3": 1.389e-05, "temporal4": 1.4e-05, "total": 0.0028492743149399757}