{"temporal0": 1.036e-05, "temporal1": 9.73e-06, "temporal2": 1.046e-05, "temporal3": 1.072e-05, "temporal4": 0.0007397, "total": 0.000786739808972925}