{"temporal0": 1.191e-05, "temporal1": 0.00069578, "temporal2": 1.262e-05, "temporal3": 0.00071949, "temporal4": 1.303e-05, "total": 0.0014649084769189358}