{"temporal0": 9.28e-06, "temporal1": 8.91e-06, "temporal2": 0.00072045, "temporal3": 0.00073977, "temporal4": 9.98e-06, "total": 0.0014952499186620116}