{"temporal0": 1.118e-05, "temporal1": 1.099e-05, "temporal2": 0.00070782, "temporal3": 0.00070665, "temporal4": 1.24e-05, "total": 0.0014656077837571502}