{"temporal0": 0.00072898, "temporal1": 1.112e-05, "temporal2": 1.208e-05, "temporal3": 1.234e-05, "temporal4": 1.24e-05, "total": 0.0015196386957541108}