{"temporal0": 1.352e-05, "temporal1": 1.341e-05, "temporal2": 1.467e-05, "temporal3": 0.00069336, "temporal4": 0.00069741, "total": 0.0014553074724972248}