{"temporal0": 1.289e-05, "temporal1": 1.258e-05, "temporal2": 1.382e-05, "temporal3": 1.436e-05, "temporal4": 0.00070179, "total": 0.0007736030383966863}