{"temporal0": 1.075e-05, "temporal1": 0.00069996, "temporal2": 1.217e-05, "temporal3": 1.281e-05, "temporal4": 0.00072072, "total": 0.0014698964077979326}