{"temporal0": 1.31e-05, "temporal1": 1.268e-05, "temporal2": 1.394e-05, "temporal3": 1.442e-05, "temporal4": 0.00138408, "total": 0.001462109386920929}