{"temporal0": 0.00144374, "temporal1": 1.093e-05, "temporal2": 1.206e-05, "temporal3": 1.246e-05, "temporal4": 1.263e-05, "total": 0.00290573644451797}