{"temporal0": 0.00070312, "temporal1": 0.00070949, "temporal2": 1.382e-05, "temporal3": 1.43e-05, "temporal4": 1.443e-05, "total": 0.0021503260359168053}