{"temporal0": 1.394e-05, "temporal1": 1.401e-05, "temporal2": 0.00069614, "temporal3": 0.00069488, "temporal4": 1.664e-05, "total": 0.0014594043605029583}