{"temporal0": 0.00071632, "temporal1": 0.00074341, "temporal2": 1.132e-05, "temporal3": 1.183e-05, "temporal4": 1.204e-05, "total": 0.002169013489037752}