{"temporal0": 1.359e-05, "temporal1": 0.000703, "temporal2": 0.00069438, "temporal3": 1.581e-05, "temporal4": 1.587e-05, "total": 0.0014617597917094827}