{"temporal0": 1.176e-05, "temporal1": 0.0007258, "temporal2": 1.33e-05, "temporal3": 1.405e-05, "temporal4": 0.00069115, "total": 0.0014705195790156722}