{"temporal0": 1.157e-05, "temporal1": 0.00071228, "temporal2": 0.00070612, "temporal3": 1.193e-05, "temporal4": 1.178e-05, "total": 0.0014626459451392293}