{"temporal0": 4.74e-06, "temporal1": 0.00102182, "temporal2": 0.00051258, "temporal3": 3.46e-06, "temporal4": 3.6e-06, "total": 0.001550335786305368}