{"temporal0": 0.00051452, "temporal1": 3.71e-06, "temporal2": 3.67e-06, "temporal3": 3.72e-06, "temporal4": 0.00101889, "total": 0.0020569837652146816}