{"temporal0": 4.05e-06, "temporal1": 0.00150296, "temporal2": 4.24e-06, "temporal3": 4.41e-06, "temporal4": 4.34e-06, "total": 0.0015245561953634024}