{"temporal0": 3.05e-06, "temporal1": 0.00075678, "temporal2": 3.38e-06, "temporal3": 3.51e-06, "temporal4": 0.00075579, "total": 0.0015256460756063461}