{"temporal0": 4.08e-06, "temporal1": 0.00075956, "temporal2": 4.69e-06, "temporal3": 4.94e-06, "temporal4": 0.00075426, "total": 0.0015317648649215698}