{"temporal0": 3.8e-06, "temporal1": 4.04e-06, "temporal2": 4.65e-06, "temporal3": 4.87e-06, "temporal4": 0.00075834, "total": 0.0007793130353093147}