{"temporal0": 0.00076015, "temporal1": 3.77e-06, "temporal2": 4.19e-06, "temporal3": 4.44e-06, "temporal4": 0.00075221, "total": 0.002282636472955346}