{"temporal0": 0.00051383, "temporal1": 0.00051354, "temporal2": 3.32e-06, "temporal3": 3.44e-06, "temporal4": 0.0005109, "total": 0.002059892751276493}