{"temporal0": 4.36e-06, "temporal1": 4.42e-06, "temporal2": 4.97e-06, "temporal3": 5.22e-06, "temporal4": 0.00075133, "total": 0.0007743050227873027}