{"temporal0": 5.36e-06, "temporal1": 3.54e-06, "temporal2": 0.00101864, "temporal3": 3.78e-06, "temporal4": 3.95e-06, "total": 0.001040196162648499}