{"temporal0": 3.9e-06, "temporal1": 4.26e-06, "temporal2": 0.00074922, "temporal3": 5.25e-06, "temporal4": 5.19e-06, "total": 0.0007730271317996085}