{"temporal0": 0.00051359, "temporal1": 3.58e-06, "temporal2": 3.56e-06, "temporal3": 0.00051074, "temporal4": 0.00051136, "total": 0.0020563993602991104}