{"temporal0": 4.94e-06, "temporal1": 0.00051171, "temporal2": 3.86e-06, "temporal3": 4.01e-06, "temporal4": 0.00050966, "total": 0.0010378831066191196}