{"temporal0": 0.00075676, "temporal1": 0.00075725, "temporal2": 4.21e-06, "temporal3": 4.43e-06, "temporal4": 4.31e-06, "total": 0.002284673508256674}