{"temporal0": 3.28e-06, "temporal1": 3.4e-06, "temporal2": 3.9e-06, "temporal3": 0.00075155, "temporal4": 4.18e-06, "total": 0.0007715636747889221}