{"temporal0": 5.19e-06, "temporal1": 3.36e-06, "temporal2": 0.00051117, "temporal3": 3.5e-06, "temporal4": 0.00051077, "total": 0.0010390724055469036}