{"temporal0": 0.00102366, "temporal1": 3.75e-06, "temporal2": 3.75e-06, "temporal3": 0.00051092, "temporal4": 3.95e-06, "total": 0.002567723859101534}