{"temporal0": 0.00076258, "temporal1": 3.11e-06, "temporal2": 0.00075468, "temporal3": 3.58e-06, "temporal4": 3.69e-06, "total": 0.002282776404172182}