{"temporal0": 5.02e-06, "temporal1": 3.37e-06, "temporal2": 0.00051189, "temporal3": 0.00050995, "temporal4": 3.68e-06, "total": 0.001038606045767665}