{"temporal0": 0.00051382, "temporal1": 0.00051149, "temporal2": 3.64e-06, "temporal3": 0.0005107, "temporal4": 4.02e-06, "total": 0.0020562587305903435}