{"temporal0": 0.00076088, "temporal1": 3.56e-06, "temporal2": 0.00075249, "temporal3": 4.18e-06, "temporal4": 4.19e-06, "total": 0.002294303150847554}