{"temporal0": 0.00051333, "temporal1": 3.52e-06, "temporal2": 3.44e-06, "temporal3": 0.00051233, "temporal4": 3.47e-06, "total": 0.0015499800210818648}