{"temporal0": 0.00076006, "temporal1": 4.28e-06, "temporal2": 4.73e-06, "temporal3": 0.00075281, "temporal4": 4.89e-06, "total": 0.002282995032146573}