{"temporal0": 4.64e-06, "temporal1": 0.0015249, "temporal2": 3.59e-06, "temporal3": 3.55e-06, "temporal4": 3.59e-06, "total": 0.0015437447000294924}