{"temporal0": 3.57e-06, "temporal1": 3.4e-06, "temporal2": 0.0007562, "temporal3": 3.85e-06, "temporal4": 3.92e-06, "total": 0.0007747273775748909}