{"temporal0": 0.0005154, "temporal1": 3.57e-06, "temporal2": 3.38e-06, "temporal3": 0.00051012, "temporal4": 0.00051076, "total": 0.0020606420002877712}