{"temporal0": 4.27e-06, "temporal1": 4.31e-06, "temporal2": 0.0007542, "temporal3": 0.000751, "temporal4": 4.86e-06, "total": 0.001521273166872561}