{"temporal0": 3.44e-06, "temporal1": 3.41e-06, "temporal2": 0.00075307, "temporal3": 0.00075616, "temporal4": 3.89e-06, "total": 0.0015244564274325967}