{"temporal0": 4.79e-06, "temporal1": 3.51e-06, "temporal2": 0.00101686, "temporal3": 3.6e-06, "temporal4": 3.67e-06, "total": 0.0010361091699451208}