{"temporal0": 3.83e-06, "temporal1": 0.00075373, "temporal2": 0.00075977, "temporal3": 4.39e-06, "temporal4": 4.41e-06, "total": 0.0015303172403946519}