{"temporal0": 3.99e-06, "temporal1": 4.16e-06, "temporal2": 4.57e-06, "temporal3": 0.00149742, "temporal4": 4.77e-06, "total": 0.0015194584848359227}