{"temporal0": 4.53e-06, "temporal1": 0.00051181, "temporal2": 3.36e-06, "temporal3": 0.0005114, "temporal4": 3.51e-06, "total": 0.0010381847387179732}