{"temporal0": 0.00076298, "temporal1": 4.08e-06, "temporal2": 4.45e-06, "temporal3": 4.6e-06, "temporal4": 4.53e-06, "total": 0.0015485405456274748}