{"temporal0": 4.4e-06, "temporal1": 0.0007561, "temporal2": 4.64e-06, "temporal3": 4.78e-06, "temporal4": 0.00074866, "total": 0.0015238765627145767}