{"temporal0": 0.00075734, "temporal1": 4.55e-06, "temporal2": 5.04e-06, "temporal3": 5.25e-06, "temporal4": 5.22e-06, "total": 0.0015333594055846334}