{"temporal0": 4.22e-06, "temporal1": 3.98e-06, "temporal2": 4.25e-06, "temporal3": 0.00075826, "temporal4": 0.00075081, "total": 0.001525247935205698}