{"temporal0": 0.00151211, "temporal1": 3.63e-06, "temporal2": 3.96e-06, "temporal3": 4.18e-06, "temporal4": 4.12e-06, "total": 0.0030486397445201874}