{"temporal0": 8.24e-06, "temporal1": 0.00075009, "temporal2": 9.45e-06, "temporal3": 0.00072029, "temporal4": 9.69e-06, "total": 0.0015057142591103911}