{"temporal0": 8.77e-06, "temporal1": 9.08e-06, "temporal2": 0.00072858, "temporal3": 1.036e-05, "temporal4": 1.035e-05, "total": 0.000776492350269109}