{"temporal0": 0.00050366, "temporal1": 4.42e-06, "temporal2": 0.00049997, "temporal3": 5.42e-06, "temporal4": 0.00049871, "total": 0.0020117713138461113}