{"temporal0": 5.38e-06, "temporal1": 0.00050077, "temporal2": 5.06e-06, "temporal3": 0.00099434, "temporal4": 5.69e-06, "total": 0.00151660421397537}