{"temporal0": 8.69e-06, "temporal1": 0.0014431, "temporal2": 9.35e-06, "temporal3": 9.56e-06, "temporal4": 9.55e-06, "total": 0.0014914199709892273}