{"temporal0": 0.00147634, "temporal1": 8.65e-06, "temporal2": 9.49e-06, "temporal3": 9.79e-06, "temporal4": 9.88e-06, "total": 0.0029858213383704424}