{"temporal0": 0.00050356, "temporal1": 0.000503, "temporal2": 4.92e-06, "temporal3": 5.3e-06, "temporal4": 5.6e-06, "total": 0.0015282470267266035}