{"temporal0": 0.0007319, "temporal1": 7.65e-06, "temporal2": 0.00072723, "temporal3": 8.68e-06, "temporal4": 8.68e-06, "total": 0.0021998537704348564}