{"temporal0": 4.77e-06, "temporal1": 4.2e-06, "temporal2": 0.00100239, "temporal3": 0.00049882, "temporal4": 5.15e-06, "total": 0.0015215507009997964}