{"temporal0": 8.73e-06, "temporal1": 0.00144767, "temporal2": 1.03e-05, "temporal3": 1.084e-05, "temporal4": 1.103e-05, "total": 0.001499340170994401}