{"temporal0": 5.25e-06, "temporal1": 0.00099735, "temporal2": 5.06e-06, "temporal3": 5.4e-06, "temporal4": 5.58e-06, "total": 0.001024359604343772}