{"temporal0": 0.00050877, "temporal1": 4.15e-06, "temporal2": 4.94e-06, "temporal3": 0.00049606, "temporal4": 0.00050095, "total": 0.002027777023613453}