{"temporal0": 5.24e-06, "temporal1": 0.00050115, "temporal2": 4.9e-06, "temporal3": 5.34e-06, "temporal4": 0.00049701, "total": 0.0010210112668573856}