{"temporal0": 9.09e-06, "temporal1": 0.0007306, "temporal2": 9.22e-06, "temporal3": 0.00071716, "temporal4": 9.11e-06, "total": 0.001484300009906292}