{"temporal0": 8.87e-06, "temporal1": 8.61e-06, "temporal2": 0.00073623, "temporal3": 9.76e-06, "temporal4": 0.00071579, "total": 0.001487199915573001}