{"temporal0": 0.00050418, "temporal1": 4.11e-06, "temporal2": 0.0005016, "temporal3": 0.00050061, "temporal4": 5.36e-06, "total": 0.0020142775028944016}