{"temporal0": 7.91e-06, "temporal1": 7.31e-06, "temporal2": 7.96e-06, "temporal3": 0.00072973, "temporal4": 0.00074913, "total": 0.0015110496897250414}