{"temporal0": 8.6e-06, "temporal1": 7.84e-06, "temporal2": 8.28e-06, "temporal3": 8.38e-06, "temporal4": 0.00144736, "total": 0.0014866744168102741}