{"temporal0": 0.00050442, "temporal1": 4.87e-06, "temporal2": 0.00050059, "temporal3": 5.45e-06, "temporal4": 5.69e-06, "total": 0.0015321143437176943}