{"temporal0": 0.00050672, "temporal1": 4.55e-06, "temporal2": 5.06e-06, "temporal3": 0.00050692, "temporal4": 5.87e-06, "total": 0.0015283696120604873}