{"temporal0": 7.56e-06, "temporal1": 8.07e-06, "temporal2": 9.14e-06, "temporal3": 9.65e-06, "temporal4": 0.00072959, "total": 0.0007742363959550858}