{"temporal0": 0.00147462, "temporal1": 6.15e-06, "temporal2": 6.93e-06, "temporal3": 7.24e-06, "temporal4": 7.4e-06, "total": 0.002967582084238529}