{"temporal0": 0.00050334, "temporal1": 4.6e-06, "temporal2": 5.12e-06, "temporal3": 5.52e-06, "temporal4": 0.00050754, "total": 0.0015268868301063776}