{"temporal0": 7.04e-06, "temporal1": 0.0007387, "temporal2": 7.41e-06, "temporal3": 7.65e-06, "temporal4": 7.8e-06, "total": 0.000772025203332305}