{"temporal0": 8.27e-06, "temporal1": 8.85e-06, "temporal2": 9.9e-06, "temporal3": 0.00072352, "temporal4": 1.049e-05, "total": 0.0007716037216596305}