{"temporal0": 7.31e-06, "temporal1": 8.29e-06, "temporal2": 0.00071977, "temporal3": 9.85e-06, "temporal4": 9.86e-06, "total": 0.0007638001698069274}