{"temporal0": 4.47e-06, "temporal1": 0.00050023, "temporal2": 0.00049823, "temporal3": 5.32e-06, "temporal4": 0.00049506, "total": 0.0015077589778229594}