{"temporal0": 0.00050121, "temporal1": 5.07e-06, "temporal2": 5.63e-06, "temporal3": 6.07e-06, "temporal4": 0.00099267, "total": 0.0020137920510023832}