{"temporal0": 8.01e-06, "temporal1": 8.21e-06, "temporal2": 0.00074729, "temporal3": 9.33e-06, "temporal4": 9.35e-06, "total": 0.0007895634626038373}