{"temporal0": 7.53e-06, "temporal1": 7.8e-06, "temporal2": 8.6e-06, "temporal3": 0.00072368, "temporal4": 0.00072344, "total": 0.0014791102148592472}