{"temporal0": 0.00074132, "temporal1": 7.37e-06, "temporal2": 8.24e-06, "temporal3": 0.00074725, "temporal4": 8.58e-06, "total": 0.0022685923613607883}