{"temporal0": 0.00073619, "temporal1": 8.41e-06, "temporal2": 0.0007234, "temporal3": 9.91e-06, "temporal4": 1.007e-05, "total": 0.002207636833190918}