{"temporal0": 7.44e-06, "temporal1": 7.87e-06, "temporal2": 0.00072283, "temporal3": 0.00073602, "temporal4": 9.28e-06, "total": 0.0014905682764947414}