{"temporal0": 4.36e-06, "temporal1": 0.00151181, "temporal2": 4.82e-06, "temporal3": 5.05e-06, "temporal4": 5.17e-06, "total": 0.0015344017883762717}