{"temporal0": 4.97e-06, "temporal1": 4.68e-06, "temporal2": 0.00049633, "temporal3": 0.00049745, "temporal4": 5.83e-06, "total": 0.0010142727987840772}