{"temporal0": 0.00073005, "temporal1": 7.23e-06, "temporal2": 8.1e-06, "temporal3": 8.39e-06, "temporal4": 8.44e-06, "total": 0.0014925716677680612}