{"temporal0": 7.62e-06, "temporal1": 7.93e-06, "temporal2": 8.89e-06, "temporal3": 9.3e-06, "temporal4": 0.00144085, "total": 0.0014850905863568187}