{"temporal0": 0.0010425, "temporal1": 9.43e-06, "temporal2": 8.77e-06, "temporal3": 8.79e-06, "temporal4": 8.96e-06, "total": 0.0021112922113388777}