{"temporal0": 1.71e-05, "temporal1": 9.99e-06, "temporal2": 0.00103569, "temporal3": 0.00052204, "temporal4": 8.83e-06, "total": 0.0016009543323889375}