{"temporal0": 1.498e-05, "temporal1": 8.86e-06, "temporal2": 8.07e-06, "temporal3": 0.00052041, "temporal4": 0.00103272, "total": 0.0015917501877993345}