{"temporal0": 4.4e-06, "temporal1": 3.2e-06, "temporal2": 0.00076599, "temporal3": 3.29e-06, "temporal4": 3.3e-06, "total": 0.0007844907231628895}