{"temporal0": 1.619e-05, "temporal1": 9.69e-06, "temporal2": 8.91e-06, "temporal3": 8.84e-06, "temporal4": 0.00052073, "total": 0.0005712987040169537}