{"temporal0": 0.00076968, "temporal1": 3.57e-06, "temporal2": 3.45e-06, "temporal3": 3.47e-06, "temporal4": 0.0007643, "total": 0.0023184437304735184}