{"temporal0": 4.45e-06, "temporal1": 0.00076608, "temporal2": 0.00076493, "temporal3": 3.2e-06, "temporal4": 3.2e-06, "total": 0.0015471382066607475}