{"temporal0": 0.00077035, "temporal1": 3.29e-06, "temporal2": 3.34e-06, "temporal3": 3.43e-06, "temporal4": 3.43e-06, "total": 0.0015571011463180184}