{"temporal0": 1.511e-05, "temporal1": 9.1e-06, "temporal2": 0.00103299, "temporal3": 8.39e-06, "temporal4": 0.00052052, "total": 0.001592833548784256}