{"temporal0": 0.00076955, "temporal1": 0.00076849, "temporal2": 3.25e-06, "temporal3": 3.34e-06, "temporal4": 3.34e-06, "total": 0.0023195575922727585}