{"temporal0": 4.63e-06, "temporal1": 3.37e-06, "temporal2": 3.31e-06, "temporal3": 0.00076531, "temporal4": 3.34e-06, "total": 0.0007837172597646713}