{"temporal0": 1.653e-05, "temporal1": 1.026e-05, "temporal2": 9.14e-06, "temporal3": 0.00103309, "temporal4": 9.15e-06, "total": 0.001085509778931737}