{"temporal0": 0.00052788, "temporal1": 8.61e-06, "temporal2": 7.86e-06, "temporal3": 0.00051967, "temporal4": 8.1e-06, "total": 0.001592866494320333}