{"temporal0": 0.00076997, "temporal1": 3.02e-06, "temporal2": 2.97e-06, "temporal3": 3.03e-06, "temporal4": 0.00076611, "total": 0.002315292600542307}