{"temporal0": 0.00076742, "temporal1": 3.6e-06, "temporal2": 3.65e-06, "temporal3": 3.74e-06, "temporal4": 0.00076468, "total": 0.0023134977091103792}