{"temporal0": 0.00053098, "temporal1": 1.065e-05, "temporal2": 0.00103408, "temporal3": 9.17e-06, "temporal4": 9.31e-06, "total": 0.0021144456695765257}