{"temporal0": 1.614e-05, "temporal1": 0.0005228, "temporal2": 0.00052149, "temporal3": 8.73e-06, "temporal4": 0.00052088, "total": 0.0015973474364727736}