{"temporal0": 5.06e-06, "temporal1": 0.00152619, "temporal2": 3.82e-06, "temporal3": 3.98e-06, "temporal4": 3.95e-06, "total": 0.0015486112097278237}