{"temporal0": 5.09e-06, "temporal1": 3.88e-06, "temporal2": 3.92e-06, "temporal3": 0.00152648, "temporal4": 4e-06, "total": 0.0015490640653297305}