{"temporal0": 1.491e-05, "temporal1": 0.00103493, "temporal2": 7.91e-06, "temporal3": 0.00051978, "temporal4": 8.11e-06, "total": 0.0015922320308163762}