{"temporal0": 4.81e-06, "temporal1": 3.83e-06, "temporal2": 0.00076543, "temporal3": 3.9e-06, "temporal4": 3.83e-06, "total": 0.0007855123258195817}