{"temporal0": 4.55e-06, "temporal1": 3.24e-06, "temporal2": 0.00076397, "temporal3": 3.1e-06, "temporal4": 0.00076488, "total": 0.0015444476157426834}