{"temporal0": 5.11e-06, "temporal1": 0.00076444, "temporal2": 4.07e-06, "temporal3": 0.0007613, "temporal4": 4.07e-06, "total": 0.0015427438775077462}