{"temporal0": 4.51e-06, "temporal1": 0.00076469, "temporal2": 0.00076576, "temporal3": 3.08e-06, "temporal4": 3.04e-06, "total": 0.0015456699766218662}