{"temporal0": 4.82e-06, "temporal1": 3.62e-06, "temporal2": 0.00076313, "temporal3": 3.57e-06, "temporal4": 0.0007635, "total": 0.0015424657613039017}