{"temporal0": 0.00052729, "temporal1": 8.6e-06, "temporal2": 8.01e-06, "temporal3": 8e-06, "temporal4": 0.00051893, "total": 0.001590732135809958}