{"temporal0": 0.000768, "temporal1": 3.57e-06, "temporal2": 3.52e-06, "temporal3": 3.57e-06, "temporal4": 3.53e-06, "total": 0.0015568201197311282}