{"temporal0": 0.00076926, "temporal1": 3.43e-06, "temporal2": 3.37e-06, "temporal3": 0.00076328, "temporal4": 3.34e-06, "total": 0.002317241858690977}