{"temporal0": 1.431e-05, "temporal1": 0.0015467, "temporal2": 7.94e-06, "temporal3": 7.9e-06, "temporal4": 8.01e-06, "total": 0.0015913477400317788}