{"temporal0": 4.72e-06, "temporal1": 3.39e-06, "temporal2": 3.29e-06, "temporal3": 0.00152403, "temporal4": 3.3e-06, "total": 0.001543004414997995}