{"temporal0": 0.00052787, "temporal1": 0.00052139, "temporal2": 7.84e-06, "temporal3": 7.8e-06, "temporal4": 0.0005196, "total": 0.002104005077853799}