{"temporal0": 0.00052689, "temporal1": 8.45e-06, "temporal2": 7.74e-06, "temporal3": 0.00051912, "temporal4": 7.81e-06, "total": 0.0015889981295913458}