{"temporal0": 5.03e-06, "temporal1": 0.00076364, "temporal2": 0.00076266, "temporal3": 4.02e-06, "temporal4": 3.98e-06, "total": 0.0015432508662343025}