{"temporal0": 4.87e-06, "temporal1": 3.54e-06, "temporal2": 3.45e-06, "temporal3": 3.48e-06, "temporal4": 0.00076651, "total": 0.0007868226384744048}