{"temporal0": 0.00155366, "temporal1": 8.18e-06, "temporal2": 7.42e-06, "temporal3": 7.37e-06, "temporal4": 7.44e-06, "total": 0.0031262910924851894}