{"temporal0": 4.3e-06, "temporal1": 3.28e-06, "temporal2": 3.23e-06, "temporal3": 3.26e-06, "temporal4": 0.00076346, "total": 0.0007812496041879058}