{"temporal0": 0.00153235, "temporal1": 3.2e-06, "temporal2": 3.11e-06, "temporal3": 3.06e-06, "temporal4": 3.06e-06, "total": 0.0030829545576125383}