{"temporal0": 0.00198432, "temporal1": 0.00086989, "temporal2": 0.0015698, "temporal3": 0.00073421, "temporal4": 0.00072589, "total": 0.006786245387047529}