{"temporal0": 0.00403127, "temporal1": 0.00282714, "temporal2": 0.0027573, "temporal3": 0.00272026, "temporal4": 0.00325168, "total": 0.017013590782880783}