{"temporal0": 0.00297074, "temporal1": 0.00290427, "temporal2": 0.00341111, "temporal3": 0.00283645, "temporal4": 0.00282404, "total": 0.01545840036123991}