{"temporal0": 0.00091031, "temporal1": 0.00139294, "temporal2": 0.00057523, "temporal3": 0.00141661, "temporal4": 0.00067405, "total": 0.005040266085416079}