{"temporal0": 0.00337724, "temporal1": 0.00312693, "temporal2": 0.00244959, "temporal3": 0.00239027, "temporal4": 0.00290925, "total": 0.015015419572591782}