{"temporal0": 0.00350166, "temporal1": 0.00286907, "temporal2": 0.00391373, "temporal3": 0.00278256, "temporal4": 0.00276714, "total": 0.016803596168756485}