{"temporal0": 0.00279029, "temporal1": 0.00249522, "temporal2": 0.00235541, "temporal3": 0.00228832, "temporal4": 0.002805, "total": 0.012958759441971779}