{"temporal0": 0.00134028, "temporal1": 0.00115437, "temporal2": 0.00185591, "temporal3": 0.00099431, "temporal4": 0.00178242, "total": 0.007340709678828716}