{"temporal0": 0.00340798, "temporal1": 0.00320302, "temporal2": 0.00253441, "temporal3": 0.00248093, "temporal4": 0.00245518, "total": 0.014877833425998688}