{"temporal0": 0.00274753, "temporal1": 0.00295654, "temporal2": 0.00224984, "temporal3": 0.00273131, "temporal4": 0.00215447, "total": 0.013040333054959774}