{"temporal0": 0.00126405, "temporal1": 0.00101308, "temporal2": 0.0008995, "temporal3": 0.0008561, "temporal4": 0.0008366, "total": 0.005035716108977795}