{"temporal0": 0.00298868, "temporal1": 0.00348578, "temporal2": 0.00290048, "temporal3": 0.00288184, "temporal4": 0.0039732, "total": 0.01678801141679287}