{"temporal0": 0.00185932, "temporal1": 0.0007252, "temporal2": 0.00145543, "temporal3": 0.00065892, "temporal4": 0.00067343, "total": 0.006241762079298496}