{"temporal0": 0.00288444, "temporal1": 0.00272073, "temporal2": 0.00371686, "temporal3": 0.00311646, "temporal4": 0.00254189, "total": 0.015310762450098991}