{"temporal0": 0.00203761, "temporal1": 0.00175082, "temporal2": 0.00083178, "temporal3": 0.00079155, "temporal4": 0.00077526, "total": 0.007107330020517111}