{"temporal0": 0.00212591, "temporal1": 0.00108757, "temporal2": 0.00178036, "temporal3": 0.0009238, "temporal4": 0.00090264, "total": 0.007784246001392603}