{"temporal0": 0.00290854, "temporal1": 0.00332796, "temporal2": 0.00324176, "temporal3": 0.00319641, "temporal4": 0.00262343, "total": 0.01567166857421398}