{"temporal0": 0.00178741, "temporal1": 0.000655, "temporal2": 0.00061339, "temporal3": 0.00064339, "temporal4": 0.00067454, "total": 0.0052322568371891975}