{"temporal0": 0.00084909, "temporal1": 0.00054154, "temporal2": 0.00133558, "temporal3": 0.0014033, "temporal4": 0.00067817, "total": 0.004870950244367123}