{"temporal0": 0.00111133, "temporal1": 0.00160551, "temporal2": 0.00070398, "temporal3": 0.0006898, "temporal4": 0.0006919, "total": 0.004911300726234913}