{"temporal0": 0.00238767, "temporal1": 0.0018673, "temporal2": 0.00176029, "temporal3": 0.00337259, "temporal4": 0.00179592, "total": 0.011295645497739315}