{"temporal0": 0.00079527, "temporal1": 0.00049967, "temporal2": 0.00051416, "temporal3": 0.00059022, "temporal4": 0.00143018, "total": 0.0038871709257364273}