{"temporal0": 0.0030318, "temporal1": 0.00197957, "temporal2": 0.00184112, "temporal3": 0.00235183, "temporal4": 0.00235062, "total": 0.012194170616567135}