{"temporal0": 0.00061814, "temporal1": 0.00118495, "temporal2": 0.0003359, "temporal3": 0.00112004, "temporal4": 0.0003607, "total": 0.0036678402684628963}