{"temporal0": 0.00129133, "temporal1": 0.00113438, "temporal2": 0.00028227, "temporal3": 0.00027229, "temporal4": 0.0002735, "total": 0.004076228477060795}