{"temporal0": 0.00311538, "temporal1": 0.00209082, "temporal2": 0.001936, "temporal3": 0.00189019, "temporal4": 0.00241462, "total": 0.012103596702218056}