{"temporal0": 0.0032473, "temporal1": 0.00230872, "temporal2": 0.00269121, "temporal3": 0.0026266, "temporal4": 0.00205292, "total": 0.01361827738583088}