{"temporal0": 0.00263773, "temporal1": 0.0032961, "temporal2": 0.0020405, "temporal3": 0.00252579, "temporal4": 0.00195848, "total": 0.012621907517313957}