{"temporal0": 0.00058223, "temporal1": 0.00038502, "temporal2": 0.00031804, "temporal3": 0.00109158, "temporal4": 0.00109624, "total": 0.003520816098898649}