{"temporal0": 0.00155442, "temporal1": 0.00046701, "temporal2": 0.00126164, "temporal3": 0.00055027, "temporal4": 0.00060848, "total": 0.005275297909975052}