{"temporal0": 0.00068321, "temporal1": 0.00121282, "temporal2": 0.00038771, "temporal3": 0.00042145, "temporal4": 0.00123188, "total": 0.003986797761172056}