{"temporal0": 0.00065149, "temporal1": 0.00040656, "temporal2": 0.00035737, "temporal3": 0.00115541, "temporal4": 0.00117803, "total": 0.003797480370849371}