{"temporal0": 0.00151858, "temporal1": 0.00044104, "temporal2": 0.00043131, "temporal3": 0.00048909, "temporal4": 0.00131404, "total": 0.0050223469734191895}