{"temporal0": 0.00044649, "temporal1": 0.00032432, "temporal2": 0.00026246, "temporal3": 0.00102206, "temporal4": 0.00102029, "total": 0.00311980745755136}