{"temporal0": 0.00054299, "temporal1": 0.00115574, "temporal2": 0.00029766, "temporal3": 0.00029021, "temporal4": 0.00029442, "total": 0.0026271992828696966}