{"temporal0": 0.00033761, "temporal1": 0.00026392, "temporal2": 0.00022005, "temporal3": 0.00174737, "temporal4": 0.00021902, "total": 0.002829542150720954}