{"temporal0": 0.00039106, "temporal1": 0.00029386, "temporal2": 0.00101188, "temporal3": 0.00023309, "temporal4": 0.00023515, "total": 0.0022077581379562616}