{"temporal0": 9.93e-06, "temporal1": 1.003e-05, "temporal2": 1.102e-05, "temporal3": 0.00070127, "temporal4": 0.00072481, "total": 0.0014683590270578861}