{"temporal0": 0.00073387, "temporal1": 9.96e-06, "temporal2": 0.000701, "temporal3": 1.182e-05, "temporal4": 1.204e-05, "total": 0.0022220020182430744}