{"temporal0": 1.13e-05, "temporal1": 0.00070336, "temporal2": 1.325e-05, "temporal3": 1.368e-05, "temporal4": 0.00070314, "total": 0.001458968734368682}