{"temporal0": 1.049e-05, "temporal1": 1.071e-05, "temporal2": 1.172e-05, "temporal3": 0.0007111, "temporal4": 1.213e-05, "total": 0.0007695307140238583}