{"temporal0": 1.055e-05, "temporal1": 0.00074584, "temporal2": 1.219e-05, "temporal3": 1.253e-05, "temporal4": 1.251e-05, "total": 0.0008049141615629196}