{"temporal0": 0.0007097, "temporal1": 1.032e-05, "temporal2": 0.00074475, "temporal3": 1.13e-05, "temporal4": 1.118e-05, "total": 0.0021949633955955505}