{"temporal0": 1.036e-05, "temporal1": 1.066e-05, "temporal2": 0.00140554, "temporal3": 1.192e-05, "temporal4": 1.196e-05, "total": 0.001463060500100255}