{"temporal0": 9.1e-06, "temporal1": 9.4e-06, "temporal2": 0.00072499, "temporal3": 1.117e-05, "temporal4": 1.144e-05, "total": 0.0007767261704429984}