{"temporal0": 0.00071368, "temporal1": 1.215e-05, "temporal2": 0.0006991, "temporal3": 1.375e-05, "temporal4": 1.374e-05, "total": 0.002141422824934125}