{"temporal0": 1.09e-05, "temporal1": 0.00070638, "temporal2": 1.311e-05, "temporal3": 0.00070162, "temporal4": 1.401e-05, "total": 0.0014629020588472486}