{"temporal0": 9.71e-06, "temporal1": 1.09e-05, "temporal2": 1.212e-05, "temporal3": 0.00140365, "temporal4": 1.259e-05, "total": 0.001458799815736711}