{"temporal0": 1.119e-05, "temporal1": 1.289e-05, "temporal2": 0.00071041, "temporal3": 1.509e-05, "temporal4": 0.00069441, "total": 0.0014595349784940481}