{"temporal0": 9.68e-06, "temporal1": 1.064e-05, "temporal2": 1.193e-05, "temporal3": 1.248e-05, "temporal4": 0.00069954, "total": 0.0007549809524789453}