{"temporal0": 9.79e-06, "temporal1": 1.088e-05, "temporal2": 1.237e-05, "temporal3": 0.00070959, "temporal4": 0.00071005, "total": 0.0014683251501992345}