{"temporal0": 1.077e-05, "temporal1": 0.00140509, "temporal2": 1.37e-05, "temporal3": 1.419e-05, "temporal4": 1.417e-05, "total": 0.0014687618240714073}