{"temporal0": 7.91e-06, "temporal1": 0.00072655, "temporal2": 9.75e-06, "temporal3": 0.00074191, "temporal4": 1.014e-05, "total": 0.0015017356490716338}