{"temporal0": 1.056e-05, "temporal1": 1.16e-05, "temporal2": 1.284e-05, "temporal3": 1.33e-05, "temporal4": 0.00070589, "total": 0.0007660730625502765}