{"temporal0": 1.108e-05, "temporal1": 0.00071287, "temporal2": 1.367e-05, "temporal3": 1.415e-05, "temporal4": 1.425e-05, "total": 0.0007779157604090869}