{"temporal0": 0.00145494, "temporal1": 1.034e-05, "temporal2": 1.159e-05, "temporal3": 1.208e-05, "temporal4": 1.225e-05, "total": 0.002935088239610195}