{"temporal0": 0.00071198, "temporal1": 1.194e-05, "temporal2": 1.342e-05, "temporal3": 1.399e-05, "temporal4": 0.00074244, "total": 0.0021827989257872105}