{"temporal0": 0.00143518, "temporal1": 1.053e-05, "temporal2": 1.175e-05, "temporal3": 1.236e-05, "temporal4": 1.266e-05, "total": 0.0028465883806347847}