{"temporal0": 0.00072109, "temporal1": 9.31e-06, "temporal2": 1.023e-05, "temporal3": 1.044e-05, "temporal4": 1.053e-05, "total": 0.0014899622183293104}