{"temporal0": 0.00072939, "temporal1": 1.761e-05, "temporal2": 1.857e-05, "temporal3": 1.862e-05, "temporal4": 1.844e-05, "total": 0.0015424018492922187}