{"temporal0": 2.236e-05, "temporal1": 2.009e-05, "temporal2": 2.134e-05, "temporal3": 2.173e-05, "temporal4": 0.00065342, "total": 0.0007739512948319316}