{"temporal0": 0.00068617, "temporal1": 1.941e-05, "temporal2": 0.00064811, "temporal3": 1.969e-05, "temporal4": 1.858e-05, "total": 0.0020945649594068527}