{"temporal0": 0.00065548, "temporal1": 2.169e-05, "temporal2": 2.311e-05, "temporal3": 0.00065145, "temporal4": 2.261e-05, "total": 0.0019951038993895054}