{"temporal0": 1.938e-05, "temporal1": 0.00066926, "temporal2": 1.656e-05, "temporal3": 1.68e-05, "temporal4": 1.696e-05, "total": 0.0007670005434192717}