{"temporal0": 1.959e-05, "temporal1": 1.654e-05, "temporal2": 1.754e-05, "temporal3": 0.00065112, "temporal4": 0.00069081, "total": 0.0014213148970156908}