{"temporal0": 0.00066332, "temporal1": 1.769e-05, "temporal2": 1.898e-05, "temporal3": 0.00066708, "temporal4": 1.983e-05, "total": 0.0020063372794538736}