{"temporal0": 1.829e-05, "temporal1": 1.697e-05, "temporal2": 0.00135328, "temporal3": 1.815e-05, "temporal4": 1.814e-05, "total": 0.001446780632250011}