{"temporal0": 1.755e-05, "temporal1": 1.427e-05, "temporal2": 1.497e-05, "temporal3": 1.512e-05, "temporal4": 0.0013725, "total": 0.0014599752612411976}