{"temporal0": 0.00134037, "temporal1": 1.579e-05, "temporal2": 1.592e-05, "temporal3": 1.541e-05, "temporal4": 1.499e-05, "total": 0.002762569347396493}