{"temporal0": 2.198e-05, "temporal1": 2.03e-05, "temporal2": 2.189e-05, "temporal3": 0.00071713, "temporal4": 2.25e-05, "total": 0.000825835217256099}