{"temporal0": 1.638e-05, "temporal1": 1.539e-05, "temporal2": 0.0006807, "temporal3": 0.00067902, "temporal4": 1.754e-05, "total": 0.0014174056705087423}