{"temporal0": 2.247e-05, "temporal1": 2.055e-05, "temporal2": 2.217e-05, "temporal3": 2.311e-05, "temporal4": 0.00067087, "total": 0.000785069540143013}