{"temporal0": 0.00065189, "temporal1": 0.00069084, "temporal2": 2.261e-05, "temporal3": 2.274e-05, "temporal4": 2.242e-05, "total": 0.002032821998000145}