{"temporal0": 2.302e-05, "temporal1": 2.047e-05, "temporal2": 2.198e-05, "temporal3": 2.268e-05, "temporal4": 0.00127788, "total": 0.0014031748287379742}