{"temporal0": 0.00066676, "temporal1": 2.294e-05, "temporal2": 0.00064272, "temporal3": 2.623e-05, "temporal4": 2.685e-05, "total": 0.002015087055042386}