{"temporal0": 2.037e-05, "temporal1": 0.00072239, "temporal2": 0.0006372, "temporal3": 1.965e-05, "temporal4": 1.96e-05, "total": 0.0014449292793869972}