{"temporal0": 2.392e-05, "temporal1": 0.00065313, "temporal2": 2.376e-05, "temporal3": 0.00064565, "temporal4": 2.479e-05, "total": 0.0014074427308514714}