{"temporal0": 2.305e-05, "temporal1": 0.00064083, "temporal2": 2.368e-05, "temporal3": 0.00067068, "temporal4": 2.48e-05, "total": 0.0014080917462706566}