{"temporal0": 2.168e-05, "temporal1": 0.00067297, "temporal2": 2.071e-05, "temporal3": 2.091e-05, "temporal4": 2.074e-05, "total": 0.0007747203926555812}