{"temporal0": 2.365e-05, "temporal1": 0.00128797, "temporal2": 2.228e-05, "temporal3": 2.136e-05, "temporal4": 2.055e-05, "total": 0.001400098204612732}