{"temporal0": 1.86e-05, "temporal1": 1.69e-05, "temporal2": 0.00066632, "temporal3": 1.816e-05, "temporal4": 1.799e-05, "total": 0.0007489620475098491}