{"temporal0": 3.78e-06, "temporal1": 4.06e-06, "temporal2": 4.72e-06, "temporal3": 0.00050144, "temporal4": 0.00099726, "total": 0.0015147409867495298}