{"temporal0": 3.79e-06, "temporal1": 0.00050465, "temporal2": 0.00050335, "temporal3": 0.00049859, "temporal4": 5.75e-06, "total": 0.0015203380025923252}