{"temporal0": 5.54e-06, "temporal1": 6.33e-06, "temporal2": 0.00073257, "temporal3": 7.86e-06, "temporal4": 8.03e-06, "total": 0.000764348718803376}