{"temporal0": 4.16e-06, "temporal1": 3.82e-06, "temporal2": 0.00050383, "temporal3": 4.81e-06, "temporal4": 0.00050297, "total": 0.0010241399286314845}