{"temporal0": 0.00147629, "temporal1": 7.44e-06, "temporal2": 8.6e-06, "temporal3": 9.12e-06, "temporal4": 9.16e-06, "total": 0.0029801316559314728}