{"temporal0": 5.56e-06, "temporal1": 0.00073875, "temporal2": 7.38e-06, "temporal3": 7.87e-06, "temporal4": 0.00072656, "total": 0.0014912690967321396}