{"temporal0": 0.00100911, "temporal1": 4.21e-06, "temporal2": 0.00050172, "temporal3": 5.42e-06, "temporal4": 5.78e-06, "total": 0.002531493315473199}