{"temporal0": 0.00051036, "temporal1": 0.00050331, "temporal2": 0.00049922, "temporal3": 5.25e-06, "temporal4": 5.5e-06, "total": 0.0020372674334794283}