{"temporal0": 0.00101041, "temporal1": 0.00050097, "temporal2": 5.27e-06, "temporal3": 5.77e-06, "temporal4": 6.1e-06, "total": 0.0025409648660570383}