{"temporal0": 4.3e-06, "temporal1": 0.00050399, "temporal2": 4.66e-06, "temporal3": 5.01e-06, "temporal4": 0.00050142, "total": 0.0010234302608296275}