{"temporal0": 4.23e-06, "temporal1": 0.00050834, "temporal2": 4.72e-06, "temporal3": 5.07e-06, "temporal4": 0.00049849, "total": 0.0010246788151562214}