{"temporal0": 6.43e-06, "temporal1": 6.77e-06, "temporal2": 7.73e-06, "temporal3": 0.00072626, "temporal4": 0.00073739, "total": 0.0014980839332565665}