{"temporal0": 0.00148677, "temporal1": 6.3e-06, "temporal2": 7.51e-06, "temporal3": 8.1e-06, "temporal4": 8.38e-06, "total": 0.0030126585625112057}