{"temporal0": 5.32e-06, "temporal1": 0.00147555, "temporal2": 7.04e-06, "temporal3": 7.68e-06, "temporal4": 7.91e-06, "total": 0.0015087710926309228}