{"temporal0": 6.07e-06, "temporal1": 0.0007533, "temporal2": 7.36e-06, "temporal3": 7.72e-06, "temporal4": 7.75e-06, "total": 0.0007883202633820474}