{"temporal0": 0.00074519, "temporal1": 5.81e-06, "temporal2": 6.81e-06, "temporal3": 7.34e-06, "temporal4": 0.0007504, "total": 0.002242004033178091}