{"temporal0": 5.82e-06, "temporal1": 6.63e-06, "temporal2": 7.74e-06, "temporal3": 0.00145648, "temporal4": 8.55e-06, "total": 0.001498018973506987}