{"temporal0": 5.6e-06, "temporal1": 6.35e-06, "temporal2": 7.51e-06, "temporal3": 0.00075012, "temporal4": 0.00073107, "total": 0.001505380729213357}