{"temporal0": 4.48e-06, "temporal1": 4.37e-06, "temporal2": 0.00150214, "temporal3": 5.17e-06, "temporal4": 5.39e-06, "total": 0.001526249572634697}