{"temporal0": 0.00050703, "temporal1": 3.91e-06, "temporal2": 4.58e-06, "temporal3": 4.99e-06, "temporal4": 0.0005012, "total": 0.0015265053370967507}