{"temporal0": 6.77e-06, "temporal1": 0.0007304, "temporal2": 0.00073765, "temporal3": 8.72e-06, "temporal4": 8.82e-06, "total": 0.0015047263586893678}