{"temporal0": 5.9e-06, "temporal1": 0.00074012, "temporal2": 6.82e-06, "temporal3": 0.00073941, "temporal4": 7.71e-06, "total": 0.001507113571278751}