{"temporal0": 3.94e-06, "temporal1": 0.00150764, "temporal2": 4.3e-06, "temporal3": 4.7e-06, "temporal4": 5.01e-06, "total": 0.001531811896711588}