{"temporal0": 0.00074588, "temporal1": 6.38e-06, "temporal2": 0.00073941, "temporal3": 8.09e-06, "temporal4": 8.36e-06, "total": 0.0022326691541820765}