{"temporal0": 0.00075886, "temporal1": 7.08e-06, "temporal2": 0.00072782, "temporal3": 8.34e-06, "temporal4": 8.42e-06, "total": 0.0022785253822803497}