{"temporal0": 4.64e-06, "temporal1": 3.57e-06, "temporal2": 4.05e-06, "temporal3": 0.0010071, "temporal4": 4.7e-06, "total": 0.0010300080757588148}