{"temporal0": 0.00074464, "temporal1": 0.0007345, "temporal2": 7.92e-06, "temporal3": 8.55e-06, "temporal4": 8.8e-06, "total": 0.0022605194244533777}