{"temporal0": 4.17e-06, "temporal1": 3.6e-06, "temporal2": 4.01e-06, "temporal3": 0.0014974, "temporal4": 4.62e-06, "total": 0.00152064289432019}