{"temporal0": 5.33e-06, "temporal1": 0.0005029, "temporal2": 4.73e-06, "temporal3": 5.05e-06, "temporal4": 5.29e-06, "total": 0.0005288645043037832}