{"temporal0": 6.16e-06, "temporal1": 6.39e-06, "temporal2": 0.00075067, "temporal3": 0.00073001, "temporal4": 7.46e-06, "total": 0.0015063907485455275}