{"temporal0": 6.72e-06, "temporal1": 7.05e-06, "temporal2": 8.06e-06, "temporal3": 8.51e-06, "temporal4": 0.00072839, "total": 0.000768342288210988}