{"temporal0": 6.67e-06, "temporal1": 7.25e-06, "temporal2": 0.0014538, "temporal3": 9.12e-06, "temporal4": 9.38e-06, "total": 0.0014963800786063075}