{"temporal0": 0.00100637, "temporal1": 4.13e-06, "temporal2": 4.79e-06, "temporal3": 5.15e-06, "temporal4": 0.00050783, "total": 0.0025349855422973633}