{"temporal0": 6.39e-06, "temporal1": 6.91e-06, "temporal2": 8e-06, "temporal3": 0.00073401, "temporal4": 0.00073704, "total": 0.0014988946495577693}