{"temporal0": 5.8e-06, "temporal1": 6.94e-06, "temporal2": 8.31e-06, "temporal3": 9.04e-06, "temporal4": 0.00072993, "total": 0.0007686138851568103}