{"temporal0": 8.065e-05, "temporal1": 0.00083307, "temporal2": 5.91e-05, "temporal3": 0.0008216, "temporal4": 5.35e-05, "total": 0.0018625492230057716}