{"temporal0": 0.00084354, "temporal1": 6.527e-05, "temporal2": 5.697e-05, "temporal3": 5.352e-05, "temporal4": 0.0008189, "total": 0.002627079375088215}