{"temporal0": 0.00032149, "temporal1": 0.00081956, "temporal2": 0.00029203, "temporal3": 0.0002841, "temporal4": 0.00078933, "total": 0.002541394904255867}