{"temporal0": 0.00084445, "temporal1": 6.786e-05, "temporal2": 6.084e-05, "temporal3": 0.00082628, "temporal4": 5.662e-05, "total": 0.002647256478667259}