{"temporal0": 0.00081165, "temporal1": 0.00028709, "temporal2": 0.00129051, "temporal3": 0.00026812, "temporal4": 0.00026733, "total": 0.003472988959401846}