{"temporal0": 0.0003893, "temporal1": 0.00088346, "temporal2": 0.00036377, "temporal3": 0.00036083, "temporal4": 0.00086935, "total": 0.0029043788090348244}