{"temporal0": 0.00041137, "temporal1": 0.00038946, "temporal2": 0.00038027, "temporal3": 0.0008873, "temporal4": 0.00088655, "total": 0.002993593690916896}