{"temporal0": 8.36e-05, "temporal1": 7.441e-05, "temporal2": 6.694e-05, "temporal3": 0.00083063, "temporal4": 6.205e-05, "total": 0.0011347351828590035}