{"temporal0": 0.00085191, "temporal1": 0.00033345, "temporal2": 0.00082712, "temporal3": 0.00081847, "temporal4": 0.00030747, "total": 0.0036892257630825043}