{"temporal0": 0.00087033, "temporal1": 0.00085929, "temporal2": 0.00033746, "temporal3": 0.00033272, "temporal4": 0.00083899, "total": 0.0037892356049269438}