{"temporal0": 0.00084308, "temporal1": 0.00083378, "temporal2": 0.00030656, "temporal3": 0.00080802, "temporal4": 0.0002973, "total": 0.0036384342238307}