{"temporal0": 7.762e-05, "temporal1": 6.767e-05, "temporal2": 0.00082827, "temporal3": 0.00082558, "temporal4": 5.598e-05, "total": 0.0018708074931055307}