{"temporal0": 7.975e-05, "temporal1": 0.00083772, "temporal2": 6.318e-05, "temporal3": 5.989e-05, "temporal4": 0.00082718, "total": 0.0018841195851564407}