{"temporal0": 7.955e-05, "temporal1": 7.046e-05, "temporal2": 6.315e-05, "temporal3": 5.978e-05, "temporal4": 0.00082734, "total": 0.0011167428456246853}