{"temporal0": 0.0008244, "temporal1": 0.00030005, "temporal2": 0.00028638, "temporal3": 0.00129563, "temporal4": 0.00027892, "total": 0.00353407789953053}