{"temporal0": 8.349e-05, "temporal1": 0.00084038, "temporal2": 0.0008334, "temporal3": 6.333e-05, "temporal4": 6.174e-05, "total": 0.0019001702312380075}