{"temporal0": 7.726e-05, "temporal1": 6.611e-05, "temporal2": 5.824e-05, "temporal3": 0.00082193, "temporal4": 5.339e-05, "total": 0.00109174067620188}