{"temporal0": 0.00038311, "temporal1": 0.00036638, "temporal2": 0.00086388, "temporal3": 0.00035046, "temporal4": 0.0008567, "total": 0.0028582275845110416}