{"temporal0": 0.00094443, "temporal1": 0.00040709, "temporal2": 0.00039842, "temporal3": 0.00039561, "temporal4": 0.00090777, "total": 0.0036074891686439514}