{"temporal0": 0.0008431, "temporal1": 6.78e-05, "temporal2": 5.989e-05, "temporal3": 5.635e-05, "temporal4": 5.477e-05, "total": 0.001872391439974308}