{"temporal0": 0.0008279, "temporal1": 5.035e-05, "temporal2": 4.259e-05, "temporal3": 3.968e-05, "temporal4": 3.857e-05, "total": 0.001785083208233118}