{"temporal0": 6.945e-05, "temporal1": 5.684e-05, "temporal2": 0.00081599, "temporal3": 4.582e-05, "temporal4": 4.461e-05, "total": 0.001047685043886304}