{"temporal0": 0.00078558, "temporal1": 0.00076962, "temporal2": 0.00075383, "temporal3": 0.00023778, "temporal4": 0.0002358, "total": 0.003327926155179739}