{"temporal0": 6.716e-05, "temporal1": 0.00082106, "temporal2": 4.593e-05, "temporal3": 0.00081044, "temporal4": 4.155e-05, "total": 0.0018004715675488114}