{"temporal0": 0.00079745, "temporal1": 0.0007832, "temporal2": 0.00076908, "temporal3": 0.00025502, "temporal4": 0.00025399, "total": 0.0034055619034916162}