{"temporal0": 7.365e-05, "temporal1": 6.059e-05, "temporal2": 5.232e-05, "temporal3": 4.882e-05, "temporal4": 0.00081458, "total": 0.001064872951246798}