{"temporal0": 6.665e-05, "temporal1": 0.0008191, "temporal2": 4.42e-05, "temporal3": 4.099e-05, "temporal4": 0.00080756, "total": 0.0017917692894116044}