{"temporal0": 0.00028142, "temporal1": 0.00026619, "temporal2": 0.00025224, "temporal3": 0.00126059, "temporal4": 0.00024302, "total": 0.002335350262001157}