{"temporal0": 0.00028358, "temporal1": 0.00178709, "temporal2": 0.00024564, "temporal3": 0.0002367, "temporal4": 0.0002336, "total": 0.0028177129570394754}