{"temporal0": 7.44e-05, "temporal1": 6.231e-05, "temporal2": 0.0015889, "temporal3": 5.15e-05, "temporal4": 5.038e-05, "total": 0.001841838238760829}