{"temporal0": 0.00083359, "temporal1": 5.513e-05, "temporal2": 4.718e-05, "temporal3": 0.0008118, "temporal4": 4.279e-05, "total": 0.0025771146174520254}