{"temporal0": 6.673e-05, "temporal1": 0.00158609, "temporal2": 4.549e-05, "temporal3": 4.25e-05, "temporal4": 4.141e-05, "total": 0.0017957603558897972}