{"temporal0": 0.00083939, "temporal1": 6.102e-05, "temporal2": 0.00081921, "temporal3": 4.942e-05, "temporal4": 4.803e-05, "total": 0.002604634268209338}