{"temporal0": 0.00029387, "temporal1": 0.00027897, "temporal2": 0.00077338, "temporal3": 0.00025863, "temporal4": 0.00076435, "total": 0.00240193959325552}