{"temporal0": 0.0008274, "temporal1": 4.892e-05, "temporal2": 4.102e-05, "temporal3": 3.801e-05, "temporal4": 0.00080353, "total": 0.0025451432447880507}