{"temporal0": 6.016e-05, "temporal1": 4.558e-05, "temporal2": 3.767e-05, "temporal3": 3.479e-05, "temporal4": 0.00156902, "total": 0.0017600913997739553}