{"temporal0": 0.00082679, "temporal1": 4.797e-05, "temporal2": 0.00080616, "temporal3": 3.667e-05, "temporal4": 3.553e-05, "total": 0.0025375839322805405}