{"temporal0": 0.00076357, "temporal1": 3.58e-06, "temporal2": 3.59e-06, "temporal3": 3.61e-06, "temporal4": 0.00076011, "total": 0.0022995094768702984}