{"temporal0": 4.77e-06, "temporal1": 0.00075963, "temporal2": 3.56e-06, "temporal3": 0.00075977, "temporal4": 3.49e-06, "total": 0.0015353497583419085}