{"temporal0": 7.95e-06, "temporal1": 0.00051668, "temporal2": 4.84e-06, "temporal3": 4.85e-06, "temporal4": 0.00102783, "total": 0.0015671858564019203}