{"temporal0": 0.00076358, "temporal1": 0.00076144, "temporal2": 3.69e-06, "temporal3": 3.81e-06, "temporal4": 3.79e-06, "total": 0.002304882276803255}