{"temporal0": 0.00076075, "temporal1": 3.93e-06, "temporal2": 3.92e-06, "temporal3": 3.9e-06, "temporal4": 3.77e-06, "total": 0.0015441130381077528}