{"temporal0": 8.37e-06, "temporal1": 0.00051572, "temporal2": 0.0005158, "temporal3": 0.00051499, "temporal4": 5.47e-06, "total": 0.0015660758363083005}