{"temporal0": 0.00103304, "temporal1": 5.28e-06, "temporal2": 4.92e-06, "temporal3": 4.84e-06, "temporal4": 4.85e-06, "total": 0.0020828943233937025}