{"temporal0": 4.96e-06, "temporal1": 0.00075727, "temporal2": 3.96e-06, "temporal3": 0.00075794, "temporal4": 3.74e-06, "total": 0.0015315500786527991}