{"temporal0": 4.5e-06, "temporal1": 0.00075976, "temporal2": 3.58e-06, "temporal3": 0.00076336, "temporal4": 3.5e-06, "total": 0.001540262484923005}