{"temporal0": 0.00076408, "temporal1": 0.00075938, "temporal2": 3.93e-06, "temporal3": 3.98e-06, "temporal4": 4.02e-06, "total": 0.0023051854223012924}