{"temporal0": 7.89e-06, "temporal1": 0.00051602, "temporal2": 4.82e-06, "temporal3": 0.00102523, "temporal4": 4.77e-06, "total": 0.0015637374017387629}