{"temporal0": 8.8e-06, "temporal1": 6.32e-06, "temporal2": 0.00051535, "temporal3": 6.47e-06, "temporal4": 0.00102544, "total": 0.001568502513691783}