{"temporal0": 8.95e-06, "temporal1": 0.00051576, "temporal2": 0.00102521, "temporal3": 5.34e-06, "temporal4": 5.41e-06, "total": 0.0015655808383598924}