{"temporal0": 0.00052003, "temporal1": 5.3e-06, "temporal2": 4.97e-06, "temporal3": 0.00102584, "temporal4": 5.05e-06, "total": 0.002077074022963643}