{"temporal0": 4.51e-06, "temporal1": 3.44e-06, "temporal2": 0.00076052, "temporal3": 0.00076035, "temporal4": 3.34e-06, "total": 0.0015369902830570936}