{"temporal0": 4.74e-06, "temporal1": 3.69e-06, "temporal2": 0.00151203, "temporal3": 3.67e-06, "temporal4": 3.57e-06, "total": 0.001532604219391942}