{"temporal0": 0.00051945, "temporal1": 5.14e-06, "temporal2": 4.83e-06, "temporal3": 4.8e-06, "temporal4": 0.00102519, "total": 0.0020759576000273228}