{"temporal0": 4.46e-06, "temporal1": 3.98e-06, "temporal2": 0.00075842, "temporal3": 0.00075691, "temporal4": 4.05e-06, "total": 0.0015319297090172768}