{"temporal0": 0.00051891, "temporal1": 0.00051659, "temporal2": 4.81e-06, "temporal3": 4.75e-06, "temporal4": 4.79e-06, "total": 0.0015666261315345764}