{"temporal0": 8.31e-06, "temporal1": 0.00051654, "temporal2": 5.02e-06, "temporal3": 4.95e-06, "temporal4": 0.00051526, "total": 0.0010553223546594381}