{"temporal0": 0.00152677, "temporal1": 3.16e-06, "temporal2": 3.27e-06, "temporal3": 3.3e-06, "temporal4": 3.39e-06, "total": 0.0030745414551347494}