{"temporal0": 5.62e-06, "temporal1": 3.92e-06, "temporal2": 3.78e-06, "temporal3": 3.7e-06, "temporal4": 0.00075907, "total": 0.0007805697969160974}