{"temporal0": 4.45e-06, "temporal1": 0.00076439, "temporal2": 0.00076404, "temporal3": 3.19e-06, "temporal4": 3.2e-06, "total": 0.001542827463708818}