{"temporal0": 4.61e-06, "temporal1": 3.67e-06, "temporal2": 0.00075845, "temporal3": 3.6e-06, "temporal4": 0.00075804, "total": 0.0015318937366828322}