{"temporal0": 4.85e-06, "temporal1": 3.76e-06, "temporal2": 3.71e-06, "temporal3": 0.00075838, "temporal4": 0.00075713, "total": 0.0015318489167839289}