{"temporal0": 0.00102959, "temporal1": 5.33e-06, "temporal2": 5.06e-06, "temporal3": 5.04e-06, "temporal4": 5.09e-06, "total": 0.0020785245578736067}