{"temporal0": 7.44e-06, "temporal1": 4.88e-06, "temporal2": 0.00051548, "temporal3": 0.00051511, "temporal4": 4.59e-06, "total": 0.001052625011652708}