{"temporal0": 4.7e-06, "temporal1": 0.0007611, "temporal2": 3.34e-06, "temporal3": 3.33e-06, "temporal4": 0.00076086, "total": 0.0015386049635708332}