{"temporal0": 0.00051919, "temporal1": 5.74e-06, "temporal2": 0.00051489, "temporal3": 5.49e-06, "temporal4": 5.56e-06, "total": 0.0015672036679461598}