{"temporal0": 0.00076283, "temporal1": 3.58e-06, "temporal2": 3.62e-06, "temporal3": 3.66e-06, "temporal4": 3.65e-06, "total": 0.0015448890626430511}