{"temporal0": 0.00076443, "temporal1": 3.92e-06, "temporal2": 3.93e-06, "temporal3": 4.01e-06, "temporal4": 3.85e-06, "total": 0.0015450911596417427}