{"temporal0": 7.23e-06, "temporal1": 0.00051619, "temporal2": 0.0005155, "temporal3": 0.00051637, "temporal4": 4.49e-06, "total": 0.0015650158748030663}