{"temporal0": 4.82e-06, "temporal1": 3.48e-06, "temporal2": 0.00076036, "temporal3": 3.27e-06, "temporal4": 0.00075896, "total": 0.0015360759571194649}