{"temporal0": 3.63e-06, "temporal1": 3.31e-06, "temporal2": 3.48e-06, "temporal3": 0.00151826, "temporal4": 3.59e-06, "total": 0.0015356892254203558}