{"temporal0": 3.65e-06, "temporal1": 3.09e-06, "temporal2": 3.22e-06, "temporal3": 3.27e-06, "temporal4": 0.00076462, "total": 0.0007812749245204031}