{"temporal0": 0.00310583, "temporal1": 0.00364937, "temporal2": 0.0036445, "temporal3": 0.00364192, "temporal4": 0.00309085, "total": 0.01801432855427265}