{"temporal0": 0.00371079, "temporal1": 0.00316094, "temporal2": 0.00316174, "temporal3": 0.00371185, "temporal4": 0.00371218, "total": 0.01896209456026554}