{"temporal0": 0.00243047, "temporal1": 0.00159824, "temporal2": 0.00159093, "temporal3": 0.0015868, "temporal4": 0.00241133, "total": 0.010948898270726204}