{"temporal0": 0.00307059, "temporal1": 0.00305848, "temporal2": 0.00359945, "temporal3": 0.00359469, "temporal4": 0.00359231, "total": 0.01771249808371067}