{"temporal0": 0.00163388, "temporal1": 0.00163309, "temporal2": 0.00245713, "temporal3": 0.00245521, "temporal4": 0.00162707, "total": 0.010414958000183105}