{"temporal0": 0.00166951, "temporal1": 0.00250069, "temporal2": 0.00167363, "temporal3": 0.00167375, "temporal4": 0.00250177, "total": 0.010701175779104233}