{"temporal0": 0.00364414, "temporal1": 0.00363601, "temporal2": 0.00308024, "temporal3": 0.00362693, "temporal4": 0.00307554, "total": 0.018416371196508408}