{"temporal0": 0.0031279, "temporal1": 0.00367471, "temporal2": 0.00367222, "temporal3": 0.00312121, "temporal4": 0.00367013, "total": 0.01819842867553234}