{"temporal0": 0.00164342, "temporal1": 0.0016438, "temporal2": 0.00246919, "temporal3": 0.00164041, "temporal4": 0.0016398, "total": 0.009661542251706123}