{"temporal0": 0.00313888, "temporal1": 0.00313715, "temporal2": 0.00368531, "temporal3": 0.0036846, "temporal4": 0.00313478, "total": 0.017738135531544685}