{"temporal0": 0.00248863, "temporal1": 0.00166375, "temporal2": 0.00166361, "temporal3": 0.00166328, "temporal4": 0.0016631, "total": 0.01057521253824234}