{"temporal0": 0.0033072, "temporal1": 0.00165405, "temporal2": 0.00165297, "temporal3": 0.00165217, "temporal4": 0.00165181, "total": 0.012104487046599388}