{"temporal0": 0.00162423, "temporal1": 0.00244913, "temporal2": 0.00161743, "temporal3": 0.0024419, "temporal4": 0.00161364, "total": 0.010338440537452698}