{"temporal0": 0.0042164, "temporal1": 0.00311262, "temporal2": 0.0036586, "temporal3": 0.00310693, "temporal4": 0.00310589, "total": 0.019102787598967552}