{"temporal0": 0.00161425, "temporal1": 0.00161046, "temporal2": 0.00243139, "temporal3": 0.00242812, "temporal4": 0.00159971, "total": 0.010259324684739113}