{"temporal0": 0.00372218, "temporal1": 0.00372291, "temporal2": 0.00317554, "temporal3": 0.00372636, "temporal4": 0.00317785, "total": 0.01905829645693302}