{"temporal0": 0.00241953, "temporal1": 0.0015854, "temporal2": 0.00157632, "temporal3": 0.00239734, "temporal4": 0.0015686, "total": 0.010861339047551155}