{"temporal0": 0.00158244, "temporal1": 0.00239789, "temporal2": 0.00238619, "temporal3": 0.001554, "temporal4": 0.00155096, "total": 0.00999609287828207}