{"temporal0": 0.0030826, "temporal1": 0.00307259, "temporal2": 0.00361531, "temporal3": 0.00306163, "temporal4": 0.00360948, "total": 0.017269235104322433}