{"temporal0": 0.00369955, "temporal1": 0.00424821, "temporal2": 0.00314872, "temporal3": 0.00314873, "temporal4": 0.00314878, "total": 0.018873753026127815}