{"temporal0": 0.00150453, "temporal1": 0.00145351, "temporal2": 0.002238, "temporal3": 0.00139627, "temporal4": 0.00220956, "total": 0.009196965955197811}