{"temporal0": 0.00155963, "temporal1": 0.00236668, "temporal2": 0.00152322, "temporal3": 0.00151421, "temporal4": 0.00150976, "total": 0.008960596285760403}