{"temporal0": 0.00303293, "temporal1": 0.00300858, "temporal2": 0.00299079, "temporal3": 0.00298105, "temporal4": 0.00407667, "total": 0.01677893102169037}