{"temporal0": 0.00239723, "temporal1": 0.00155714, "temporal2": 0.00154289, "temporal3": 0.00153524, "temporal4": 0.002357, "total": 0.010668028146028519}