{"temporal0": 0.00148722, "temporal1": 0.00142451, "temporal2": 0.0022025, "temporal3": 0.00135795, "temporal4": 0.00134689, "total": 0.008188294246792793}