{"temporal0": 0.00146832, "temporal1": 0.00221469, "temporal2": 0.00134013, "temporal3": 0.00213385, "temporal4": 0.00129973, "total": 0.008799536153674126}