{"temporal0": 0.00152036, "temporal1": 0.00148001, "temporal2": 0.00144749, "temporal3": 0.00225442, "temporal4": 0.00142329, "total": 0.008546149358153343}