{"temporal0": 0.00300463, "temporal1": 0.00296307, "temporal2": 0.00293436, "temporal3": 0.00291948, "temporal4": 0.00291209, "total": 0.015335550531744957}