{"temporal0": 0.00144785, "temporal1": 0.00135667, "temporal2": 0.00129374, "temporal3": 0.00126255, "temporal4": 0.00288518, "total": 0.008562503382563591}