{"temporal0": 0.00360833, "temporal1": 0.00304327, "temporal2": 0.00303225, "temporal3": 0.00302662, "temporal4": 0.00357381, "total": 0.017546433955430984}