{"temporal0": 0.00304591, "temporal1": 0.0030268, "temporal2": 0.00356327, "temporal3": 0.00300577, "temporal4": 0.00300194, "total": 0.01637093350291252}