{"temporal0": 0.00356926, "temporal1": 0.00353767, "temporal2": 0.00296456, "temporal3": 0.00350265, "temporal4": 0.00294612, "total": 0.01766745001077652}