{"temporal0": 0.00235983, "temporal1": 0.00232749, "temporal2": 0.00147638, "temporal3": 0.00146248, "temporal4": 0.00145576, "total": 0.010296093299984932}