{"temporal0": 0.00142472, "temporal1": 0.00213594, "temporal2": 0.00124158, "temporal3": 0.00120573, "temporal4": 0.00200536, "total": 0.008303368464112282}