{"temporal0": 0.0023731, "temporal1": 0.00152307, "temporal2": 0.00150149, "temporal3": 0.00149046, "temporal4": 0.00148505, "total": 0.009609975852072239}