{"temporal0": 0.00139951, "temporal1": 0.00126838, "temporal2": 0.00200074, "temporal3": 0.0011425, "temporal4": 0.00112229, "total": 0.007197380531579256}