{"temporal0": 0.00137204, "temporal1": 0.00121627, "temporal2": 0.0011182, "temporal3": 0.00269824, "temporal4": 0.00104847, "total": 0.007692450657486916}