{"temporal0": 0.00050898, "temporal1": 4.27e-06, "temporal2": 4.91e-06, "temporal3": 0.00050318, "temporal4": 5.52e-06, "total": 0.0015394942602142692}