{"temporal0": 0.00074988, "temporal1": 5.16e-06, "temporal2": 0.00073999, "temporal3": 6.3e-06, "temporal4": 6.45e-06, "total": 0.0022453649435192347}