{"temporal0": 4.32e-06, "temporal1": 0.00100786, "temporal2": 3.88e-06, "temporal3": 0.00050515, "temporal4": 4.36e-06, "total": 0.001530005712993443}