{"temporal0": 0.00050845, "temporal1": 3.97e-06, "temporal2": 4.7e-06, "temporal3": 5.14e-06, "temporal4": 0.00050133, "total": 0.00153055670671165}