{"temporal0": 0.00050812, "temporal1": 4e-06, "temporal2": 4.41e-06, "temporal3": 0.00050183, "temporal4": 0.00050497, "total": 0.002032627584412694}