{"temporal0": 4.04e-06, "temporal1": 3.9e-06, "temporal2": 0.00050889, "temporal3": 0.00050494, "temporal4": 0.00050343, "total": 0.0015298316720873117}