{"temporal0": 5.38e-06, "temporal1": 5.54e-06, "temporal2": 6.3e-06, "temporal3": 0.00075241, "temporal4": 0.00075221, "total": 0.0015265988186001778}