{"temporal0": 0.00075176, "temporal1": 5.44e-06, "temporal2": 5.97e-06, "temporal3": 6.22e-06, "temporal4": 0.00073674, "total": 0.0022417709697037935}