{"temporal0": 0.00074497, "temporal1": 0.0007497, "temporal2": 5.47e-06, "temporal3": 5.7e-06, "temporal4": 5.72e-06, "total": 0.0022546411491930485}