{"temporal0": 5.73e-06, "temporal1": 5.65e-06, "temporal2": 6.28e-06, "temporal3": 0.00146896, "temporal4": 6.61e-06, "total": 0.0015007794136181474}