{"temporal0": 5.05e-06, "temporal1": 5.61e-06, "temporal2": 6.42e-06, "temporal3": 0.00074002, "temporal4": 0.00073642, "total": 0.0015005783643573523}