{"temporal0": 0.00050796, "temporal1": 4.28e-06, "temporal2": 0.00050178, "temporal3": 0.00050848, "temporal4": 6.16e-06, "total": 0.0020344837103039026}