{"temporal0": 4.11e-06, "temporal1": 0.00100526, "temporal2": 4.39e-06, "temporal3": 0.00050252, "temporal4": 4.91e-06, "total": 0.0015246430411934853}