{"temporal0": 0.00075773, "temporal1": 5.67e-06, "temporal2": 6.36e-06, "temporal3": 6.64e-06, "temporal4": 6.69e-06, "total": 0.0015498389257118106}