{"temporal0": 5.89e-06, "temporal1": 5.84e-06, "temporal2": 0.00073949, "temporal3": 6.76e-06, "temporal4": 0.00073722, "total": 0.0015017082914710045}