{"temporal0": 3.67e-06, "temporal1": 0.00050644, "temporal2": 0.00050432, "temporal3": 0.00050356, "temporal4": 4.65e-06, "total": 0.001526922220364213}