{"temporal0": 3.4e-06, "temporal1": 3.73e-06, "temporal2": 4.4e-06, "temporal3": 4.73e-06, "temporal4": 0.0010077, "total": 0.0010274688247591257}