{"temporal0": 3.9e-06, "temporal1": 0.0005064, "temporal2": 0.00100327, "temporal3": 5.25e-06, "temporal4": 5.6e-06, "total": 0.0015287459827959538}