{"temporal0": 0.0007458, "temporal1": 6.49e-06, "temporal2": 0.00073455, "temporal3": 7.64e-06, "temporal4": 7.61e-06, "total": 0.0022359967697411776}