{"temporal0": 3.22e-06, "temporal1": 3.5e-06, "temporal2": 0.00100629, "temporal3": 4.51e-06, "temporal4": 4.75e-06, "total": 0.0010261568240821362}