{"temporal0": 5.83e-06, "temporal1": 0.00147878, "temporal2": 6.99e-06, "temporal3": 7.48e-06, "temporal4": 7.66e-06, "total": 0.0015172604471445084}