{"temporal0": 0.00101288, "temporal1": 3.87e-06, "temporal2": 4.44e-06, "temporal3": 4.8e-06, "temporal4": 5.08e-06, "total": 0.0020393612794578075}