{"temporal0": 0.00075108, "temporal1": 0.00074188, "temporal2": 5.95e-06, "temporal3": 6.36e-06, "temporal4": 6.48e-06, "total": 0.002271498553454876}