{"temporal0": 5.66e-06, "temporal1": 0.00074077, "temporal2": 0.00075328, "temporal3": 6.98e-06, "temporal4": 7.05e-06, "total": 0.0015206062234938145}