{"temporal0": 5.5e-06, "temporal1": 5.38e-06, "temporal2": 6.02e-06, "temporal3": 0.00074114, "temporal4": 6.42e-06, "total": 0.0007698695408180356}