{"temporal0": 0.0007444, "temporal1": 5.71e-06, "temporal2": 6.48e-06, "temporal3": 6.92e-06, "temporal4": 0.00074193, "total": 0.0022400638554245234}