{"temporal0": 5.85e-06, "temporal1": 6.27e-06, "temporal2": 7.2e-06, "temporal3": 0.00073169, "temporal4": 7.6e-06, "total": 0.0007652639178559184}