{"temporal0": 5.38e-06, "temporal1": 0.00073692, "temporal2": 0.00074371, "temporal3": 6.86e-06, "temporal4": 6.83e-06, "total": 0.001506494591012597}