{"temporal0": 5.55e-06, "temporal1": 5.7e-06, "temporal2": 6.34e-06, "temporal3": 0.00074334, "temporal4": 0.0007366, "total": 0.0015032020164653659}