{"temporal0": 5.96e-06, "temporal1": 0.00075382, "temporal2": 6.73e-06, "temporal3": 6.86e-06, "temporal4": 6.79e-06, "total": 0.0007852120907045901}