{"temporal0": 0.00051109, "temporal1": 3.34e-06, "temporal2": 3.81e-06, "temporal3": 4.04e-06, "temporal4": 0.00050188, "total": 0.001537300064228475}