{"temporal0": 0.0005088, "temporal1": 0.00050925, "temporal2": 4.28e-06, "temporal3": 4.58e-06, "temporal4": 4.76e-06, "total": 0.0015370165929198265}