{"temporal0": 0.00074729, "temporal1": 5.86e-06, "temporal2": 0.00073657, "temporal3": 7.21e-06, "temporal4": 7.28e-06, "total": 0.0022560362704098225}