{"temporal0": 3.27e-06, "temporal1": 2.98e-06, "temporal2": 3.34e-06, "temporal3": 3.61e-06, "temporal4": 0.00150775, "total": 0.0015263938112184405}