{"temporal0": 4.67e-06, "temporal1": 4.83e-06, "temporal2": 5.43e-06, "temporal3": 5.72e-06, "temporal4": 0.00148036, "total": 0.00150360690895468}