{"temporal0": 4.81e-06, "temporal1": 4.92e-06, "temporal2": 0.00074449, "temporal3": 5.92e-06, "temporal4": 6.09e-06, "total": 0.0007711223443038762}