{"temporal0": 1.999e-05, "temporal1": 1.869e-05, "temporal2": 2.008e-05, "temporal3": 2.072e-05, "temporal4": 0.00068064, "total": 0.0007834421121515334}