{"temporal0": 0.00069905, "temporal1": 1.82e-05, "temporal2": 1.961e-05, "temporal3": 1.989e-05, "temporal4": 1.992e-05, "total": 0.0015083083417266607}