{"temporal0": 1.68e-05, "temporal1": 0.00069341, "temporal2": 0.00065951, "temporal3": 1.881e-05, "temporal4": 1.882e-05, "total": 0.001428298419341445}