{"temporal0": 2.021e-05, "temporal1": 1.866e-05, "temporal2": 1.966e-05, "temporal3": 0.00064946, "temporal4": 1.99e-05, "total": 0.0007501507643610239}