{"temporal0": 2.24e-05, "temporal1": 0.00065995, "temporal2": 2.287e-05, "temporal3": 2.279e-05, "temporal4": 0.00064444, "total": 0.0014012602623552084}