{"temporal0": 2.011e-05, "temporal1": 0.0006482, "temporal2": 0.00068563, "temporal3": 2.178e-05, "temporal4": 2.144e-05, "total": 0.0014180330326780677}