{"temporal0": 0.00066981, "temporal1": 1.852e-05, "temporal2": 2.006e-05, "temporal3": 2.089e-05, "temporal4": 0.00067152, "total": 0.0020217313431203365}