{"temporal0": 0.00066663, "temporal1": 1.982e-05, "temporal2": 2.091e-05, "temporal3": 2.118e-05, "temporal4": 0.00064438, "total": 0.002033076947554946}