{"temporal0": 0.00065908, "temporal1": 2.047e-05, "temporal2": 2.187e-05, "temporal3": 2.25e-05, "temporal4": 2.297e-05, "total": 0.00136047403793782}