{"temporal0": 1.931e-05, "temporal1": 1.856e-05, "temporal2": 0.00066929, "temporal3": 0.0006681, "temporal4": 2.092e-05, "total": 0.0014116379898041487}