{"temporal0": 2.363e-05, "temporal1": 2.107e-05, "temporal2": 2.261e-05, "temporal3": 2.322e-05, "temporal4": 0.00066048, "total": 0.0007888009422458708}