{"temporal0": 0.00072285, "temporal1": 0.00065843, "temporal2": 1.837e-05, "temporal3": 1.868e-05, "temporal4": 1.878e-05, "total": 0.0021792517509311438}