{"temporal0": 0.00067861, "temporal1": 1.766e-05, "temporal2": 1.85e-05, "temporal3": 1.825e-05, "temporal4": 1.8e-05, "total": 0.0014435178600251675}