{"temporal0": 1.525e-05, "temporal1": 1.359e-05, "temporal2": 0.00071554, "temporal3": 0.00071468, "temporal4": 1.373e-05, "total": 0.0014836344635114074}