{"temporal0": 2.086e-05, "temporal1": 0.00064567, "temporal2": 1.994e-05, "temporal3": 2.012e-05, "temporal4": 0.00071684, "total": 0.0014464714331552386}