{"temporal0": 2.495e-05, "temporal1": 2.317e-05, "temporal2": 2.478e-05, "temporal3": 0.0012655, "temporal4": 2.543e-05, "total": 0.0014003072865307331}