{"temporal0": 0.00065629, "temporal1": 2.381e-05, "temporal2": 0.00064704, "temporal3": 2.598e-05, "temporal4": 2.601e-05, "total": 0.0020059177186340094}