{"temporal0": 0.00064841, "temporal1": 0.00071993, "temporal2": 1.965e-05, "temporal3": 1.99e-05, "temporal4": 1.986e-05, "total": 0.002037719590589404}