{"temporal0": 2.224e-05, "temporal1": 0.00067705, "temporal2": 2.285e-05, "temporal3": 0.00064451, "temporal4": 2.177e-05, "total": 0.0014101241249591112}