{"temporal0": 2.44e-05, "temporal1": 2.339e-05, "temporal2": 0.00065035, "temporal3": 2.451e-05, "temporal4": 0.00064629, "total": 0.0013982122763991356}