{"temporal0": 1.989e-05, "temporal1": 1.911e-05, "temporal2": 0.00063815, "temporal3": 0.00068437, "temporal4": 2.135e-05, "total": 0.0014048564480617642}