{"temporal0": 5.05e-06, "temporal1": 0.00100287, "temporal2": 4.04e-06, "temporal3": 4.19e-06, "temporal4": 0.00049939, "total": 0.0015211614081636071}