{"temporal0": 6.31e-06, "temporal1": 0.00073502, "temporal2": 7.59e-06, "temporal3": 8e-06, "temporal4": 8.08e-06, "total": 0.0007727318443357944}