{"temporal0": 0.00075516, "temporal1": 7.09e-06, "temporal2": 8.11e-06, "temporal3": 8.52e-06, "temporal4": 0.0007213, "total": 0.002262489404529333}