{"temporal0": 5.93e-06, "temporal1": 6.99e-06, "temporal2": 0.00073108, "temporal3": 0.0007273, "temporal4": 8.97e-06, "total": 0.0014861859381198883}