{"temporal0": 0.00074736, "temporal1": 5.26e-06, "temporal2": 6.15e-06, "temporal3": 6.6e-06, "temporal4": 0.00073863, "total": 0.002260815119370818}