{"temporal0": 0.00074309, "temporal1": 0.00072959, "temporal2": 7.46e-06, "temporal3": 7.75e-06, "temporal4": 7.78e-06, "total": 0.002244650386273861}