{"temporal0": 4.23e-06, "temporal1": 3.75e-06, "temporal2": 0.0005005, "temporal3": 4.63e-06, "temporal4": 0.0005082, "total": 0.0010266380850225687}