{"temporal0": 5.59e-06, "temporal1": 0.00050375, "temporal2": 4.88e-06, "temporal3": 0.00050074, "temporal4": 0.00049784, "total": 0.0015180741902440786}