{"temporal0": 4.33e-06, "temporal1": 3.78e-06, "temporal2": 0.00100584, "temporal3": 4.24e-06, "temporal4": 4.46e-06, "total": 0.0010297574335709214}