{"temporal0": 0.00100752, "temporal1": 3.77e-06, "temporal2": 4.15e-06, "temporal3": 4.49e-06, "temporal4": 4.79e-06, "total": 0.002024497138336301}