{"temporal0": 0.00050287, "temporal1": 0.00049953, "temporal2": 5.23e-06, "temporal3": 0.00050752, "temporal4": 5.38e-06, "total": 0.0020256121642887592}