{"temporal0": 6.14e-06, "temporal1": 6.74e-06, "temporal2": 7.82e-06, "temporal3": 8.37e-06, "temporal4": 0.00145441, "total": 0.0014927588636055589}