{"temporal0": 5.72e-06, "temporal1": 6.22e-06, "temporal2": 0.00073015, "temporal3": 7.75e-06, "temporal4": 0.00075088, "total": 0.0015079458244144917}