{"temporal0": 5.49e-06, "temporal1": 6.08e-06, "temporal2": 0.00073922, "temporal3": 7.71e-06, "temporal4": 7.99e-06, "total": 0.0007725893519818783}