{"temporal0": 0.00050885, "temporal1": 0.00050148, "temporal2": 4.7e-06, "temporal3": 4.85e-06, "temporal4": 0.00050148, "total": 0.0020360881462693214}