{"temporal0": 0.00050465, "temporal1": 0.0005084, "temporal2": 4.03e-06, "temporal3": 0.00049865, "temporal4": 4.46e-06, "total": 0.0020210924558341503}