{"temporal0": 0.0005062, "temporal1": 4.25e-06, "temporal2": 0.0005025, "temporal3": 4.87e-06, "temporal4": 5.09e-06, "total": 0.0015336991054937243}