{"temporal0": 6.27e-06, "temporal1": 6.71e-06, "temporal2": 0.00072398, "temporal3": 0.00073863, "temporal4": 8.04e-06, "total": 0.00148994370829314}