{"temporal0": 5.71e-06, "temporal1": 6.51e-06, "temporal2": 7.64e-06, "temporal3": 0.00147501, "temporal4": 8.23e-06, "total": 0.0015091424575075507}