{"temporal0": 5.27e-06, "temporal1": 4.16e-06, "temporal2": 0.00050119, "temporal3": 0.00050249, "temporal4": 0.00050067, "total": 0.0015200853813439608}