{"temporal0": 6.84e-06, "temporal1": 7.75e-06, "temporal2": 0.00072631, "temporal3": 0.00072601, "temporal4": 9.79e-06, "total": 0.0014825938269495964}