{"temporal0": 6.59e-06, "temporal1": 0.00074065, "temporal2": 8.06e-06, "temporal3": 8.48e-06, "temporal4": 0.00072432, "total": 0.0014922355767339468}