{"temporal0": 7.09e-06, "temporal1": 8.35e-06, "temporal2": 9.91e-06, "temporal3": 0.00072546, "temporal4": 1.102e-05, "total": 0.0007693791412748396}