{"temporal0": 6.88e-06, "temporal1": 7.69e-06, "temporal2": 0.00074851, "temporal3": 9.39e-06, "temporal4": 0.00072471, "total": 0.0015030659269541502}