{"temporal0": 4.42e-06, "temporal1": 4.49e-06, "temporal2": 4.8e-06, "temporal3": 0.00149351, "temporal4": 5.34e-06, "total": 0.001515507115982473}