{"temporal0": 0.0007381, "temporal1": 8.23e-06, "temporal2": 9.63e-06, "temporal3": 1.019e-05, "temporal4": 1.037e-05, "total": 0.001507352339103818}