{"temporal0": 0.00074395, "temporal1": 7.9e-06, "temporal2": 9.35e-06, "temporal3": 1.016e-05, "temporal4": 1.046e-05, "total": 0.0015107850776985288}