{"temporal0": 0.00073967, "temporal1": 8.03e-06, "temporal2": 9.56e-06, "temporal3": 0.00072256, "temporal4": 1.04e-05, "total": 0.002220392460003495}