{"temporal0": 6.3e-06, "temporal1": 0.00146326, "temporal2": 8.57e-06, "temporal3": 9.31e-06, "temporal4": 9.67e-06, "total": 0.0015044242609292269}