{"temporal0": 5.46e-06, "temporal1": 5.15e-06, "temporal2": 0.00049772, "temporal3": 5.64e-06, "temporal4": 0.00049999, "total": 0.001018366776406765}