{"temporal0": 0.00074024, "temporal1": 0.00074994, "temporal2": 8.84e-06, "temporal3": 9.43e-06, "temporal4": 9.62e-06, "total": 0.0022446741349995136}