{"temporal0": 0.00050426, "temporal1": 4.59e-06, "temporal2": 4.94e-06, "temporal3": 5.25e-06, "temporal4": 0.00050073, "total": 0.0015267126727849245}