{"temporal0": 5.03e-06, "temporal1": 4.67e-06, "temporal2": 0.00050219, "temporal3": 0.00049976, "temporal4": 5.61e-06, "total": 0.0010224370053038}