{"temporal0": 0.00050529, "temporal1": 0.00050142, "temporal2": 4.91e-06, "temporal3": 0.00049861, "temporal4": 5.37e-06, "total": 0.002017427934333682}