{"temporal0": 0.00146694, "temporal1": 6.9e-06, "temporal2": 7.79e-06, "temporal3": 8.01e-06, "temporal4": 7.93e-06, "total": 0.00295726559124887}