{"temporal0": 5.96e-06, "temporal1": 0.00073566, "temporal2": 0.00073842, "temporal3": 8.43e-06, "temporal4": 8.77e-06, "total": 0.0015069822547957301}