{"temporal0": 1.86e-05, "temporal1": 1.764e-05, "temporal2": 1.912e-05, "temporal3": 0.00066341, "temporal4": 0.00067905, "total": 0.0014182096347212791}