{"temporal0": 1.863e-05, "temporal1": 1.887e-05, "temporal2": 2.097e-05, "temporal3": 0.00130436, "temporal4": 2.226e-05, "total": 0.001401806715875864}