{"temporal0": 2.116e-05, "temporal1": 2.317e-05, "temporal2": 0.00065534, "temporal3": 2.564e-05, "temporal4": 2.519e-05, "total": 0.0007679976406507194}