{"temporal0": 2.043e-05, "temporal1": 2.187e-05, "temporal2": 0.00065221, "temporal3": 0.00065197, "temporal4": 2.58e-05, "total": 0.0013939436757937074}