{"temporal0": 0.00066374, "temporal1": 0.00072838, "temporal2": 1.953e-05, "temporal3": 2.016e-05, "temporal4": 2.035e-05, "total": 0.0021153129637241364}