{"temporal0": 2.185e-05, "temporal1": 2.232e-05, "temporal2": 2.443e-05, "temporal3": 2.523e-05, "temporal4": 0.00065578, "total": 0.0007746072369627655}