{"temporal0": 1.596e-05, "temporal1": 0.00069866, "temporal2": 2.014e-05, "temporal3": 2.076e-05, "temporal4": 0.00064737, "total": 0.0014137204270809889}