{"temporal0": 1.386e-05, "temporal1": 1.48e-05, "temporal2": 0.00072158, "temporal3": 1.63e-05, "temporal4": 1.634e-05, "total": 0.0007884523365646601}