{"temporal0": 2.075e-05, "temporal1": 0.0013021, "temporal2": 2.267e-05, "temporal3": 2.277e-05, "temporal4": 2.257e-05, "total": 0.00141308328602463}