{"temporal0": 0.00138951, "temporal1": 1.519e-05, "temporal2": 1.625e-05, "temporal3": 1.641e-05, "temporal4": 1.635e-05, "total": 0.002888905582949519}