{"temporal0": 1.543e-05, "temporal1": 0.00066836, "temporal2": 0.00068606, "temporal3": 1.916e-05, "temporal4": 1.923e-05, "total": 0.0014219328295439482}