{"temporal0": 0.00069615, "temporal1": 1.651e-05, "temporal2": 1.808e-05, "temporal3": 1.829e-05, "temporal4": 1.833e-05, "total": 0.0014849146828055382}