{"temporal0": 1.389e-05, "temporal1": 1.595e-05, "temporal2": 1.792e-05, "temporal3": 0.00133199, "temporal4": 1.824e-05, "total": 0.0014087341260164976}