{"temporal0": 0.00070899, "temporal1": 1.259e-05, "temporal2": 1.365e-05, "temporal3": 1.372e-05, "temporal4": 0.00072219, "total": 0.0022110715508461}