{"temporal0": 1.634e-05, "temporal1": 1.809e-05, "temporal2": 0.00066234, "temporal3": 2.126e-05, "temporal4": 0.0006622, "total": 0.0013998718932271004}