{"temporal0": 0.00069047, "temporal1": 1.736e-05, "temporal2": 1.969e-05, "temporal3": 2.081e-05, "temporal4": 0.00066584, "total": 0.0020815080497413874}