{"temporal0": 1.657e-05, "temporal1": 1.746e-05, "temporal2": 0.00067315, "temporal3": 2.08e-05, "temporal4": 2.136e-05, "total": 0.0007689247140660882}