{"temporal0": 1.08e-05, "temporal1": 0.00068947, "temporal2": 0.00069793, "temporal3": 1.469e-05, "temporal4": 1.44e-05, "total": 0.0014339005574584007}