{"temporal0": 0.00067865, "temporal1": 0.00067079, "temporal2": 2.157e-05, "temporal3": 2.28e-05, "temporal4": 2.345e-05, "total": 0.002073995303362608}