{"temporal0": 0.00067209, "temporal1": 1.826e-05, "temporal2": 2.04e-05, "temporal3": 2.114e-05, "temporal4": 0.00069164, "total": 0.002076274249702692}