{"temporal0": 1.295e-05, "temporal1": 1.319e-05, "temporal2": 1.426e-05, "temporal3": 0.00143047, "temporal4": 1.413e-05, "total": 0.001492872484959662}