{"temporal0": 4.45e-06, "temporal1": 0.00050312, "temporal2": 4.97e-06, "temporal3": 0.0009936, "temporal4": 5.58e-06, "total": 0.0015174982836470008}