{"temporal0": 4.23e-06, "temporal1": 0.00050739, "temporal2": 5.54e-06, "temporal3": 6.01e-06, "temporal4": 6.31e-06, "total": 0.0005340461502783}