{"temporal0": 8e-06, "temporal1": 0.00072642, "temporal2": 7.83e-06, "temporal3": 7.94e-06, "temporal4": 7.85e-06, "total": 0.0007649153703823686}