{"temporal0": 4.58e-06, "temporal1": 0.0005014, "temporal2": 0.00049994, "temporal3": 0.00049926, "temporal4": 5.96e-06, "total": 0.0015184003859758377}