{"temporal0": 0.00073321, "temporal1": 7.67e-06, "temporal2": 8.21e-06, "temporal3": 8.27e-06, "temporal4": 0.00072818, "total": 0.002214736072346568}