{"temporal0": 0.00050905, "temporal1": 4.22e-06, "temporal2": 4.75e-06, "temporal3": 0.00050661, "temporal4": 0.00050055, "total": 0.0020370464771986008}