{"temporal0": 0.0005026, "temporal1": 4.75e-06, "temporal2": 5.32e-06, "temporal3": 5.67e-06, "temporal4": 0.00098879, "total": 0.0020098104141652584}