{"temporal0": 4.21e-06, "temporal1": 0.00050035, "temporal2": 0.00050101, "temporal3": 6.04e-06, "temporal4": 6.37e-06, "total": 0.0010221159318462014}