{"temporal0": 7.63e-06, "temporal1": 0.00073258, "temporal2": 8.34e-06, "temporal3": 0.00072439, "temporal4": 8.64e-06, "total": 0.0014930105535313487}