{"temporal0": 6.84e-06, "temporal1": 6.7e-06, "temporal2": 0.00146438, "temporal3": 7.96e-06, "temporal4": 8.14e-06, "total": 0.0015016142278909683}