{"temporal0": 6.47e-06, "temporal1": 0.00073572, "temporal2": 6.41e-06, "temporal3": 0.00073535, "temporal4": 6.73e-06, "total": 0.001499634119682014}