{"temporal0": 0.00146579, "temporal1": 7.47e-06, "temporal2": 8.38e-06, "temporal3": 8.81e-06, "temporal4": 8.99e-06, "total": 0.00293814018368721}