{"temporal0": 7.36e-06, "temporal1": 7.25e-06, "temporal2": 0.00072516, "temporal3": 8.37e-06, "temporal4": 8.34e-06, "total": 0.0007638460374437273}