{"temporal0": 0.00050558, "temporal1": 0.00050191, "temporal2": 0.00050747, "temporal3": 5.15e-06, "temporal4": 5.39e-06, "total": 0.0020258119329810143}