{"temporal0": 0.00074615, "temporal1": 6e-06, "temporal2": 6.69e-06, "temporal3": 0.00075186, "temporal4": 7.03e-06, "total": 0.0022724028676748276}