{"temporal0": 4.47e-06, "temporal1": 0.00049894, "temporal2": 5.35e-06, "temporal3": 5.74e-06, "temporal4": 0.00050085, "total": 0.0010212005581706762}