{"temporal0": 4.14e-06, "temporal1": 4.58e-06, "temporal2": 0.00049853, "temporal3": 0.00050057, "temporal4": 0.00049828, "total": 0.0015112634282559156}