{"temporal0": 8.16e-06, "temporal1": 7.85e-06, "temporal2": 8.78e-06, "temporal3": 0.000729, "temporal4": 9.35e-06, "total": 0.0007750074728392065}