{"temporal0": 0.00050406, "temporal1": 4.59e-06, "temporal2": 5.07e-06, "temporal3": 0.00049936, "temporal4": 5.72e-06, "total": 0.0015195871237665415}