{"temporal0": 6.39e-06, "temporal1": 5.86e-06, "temporal2": 0.00075102, "temporal3": 6.41e-06, "temporal4": 0.00073852, "total": 0.0015127273509278893}