{"temporal0": 6.98e-06, "temporal1": 6.5e-06, "temporal2": 0.0007339, "temporal3": 7.58e-06, "temporal4": 0.00073383, "total": 0.0015004775486886501}