{"temporal0": 8.55e-06, "temporal1": 7.79e-06, "temporal2": 0.00072929, "temporal3": 8.55e-06, "temporal4": 8.53e-06, "total": 0.0007721764850430191}