{"temporal0": 3.92e-06, "temporal1": 4.2e-06, "temporal2": 4.99e-06, "temporal3": 5.46e-06, "temporal4": 0.00148906, "total": 0.0015133512206375599}