{"temporal0": 8.08e-06, "temporal1": 0.00146917, "temporal2": 7.69e-06, "temporal3": 8.04e-06, "temporal4": 8.12e-06, "total": 0.001509893569163978}