{"temporal0": 0.00074222, "temporal1": 6.66e-06, "temporal2": 7.46e-06, "temporal3": 0.00072722, "temporal4": 8.11e-06, "total": 0.002215081127360463}