{"temporal0": 0.00050437, "temporal1": 4.24e-06, "temporal2": 0.00050184, "temporal3": 5.21e-06, "temporal4": 5.54e-06, "total": 0.001522200764156878}