{"temporal0": 8.2e-06, "temporal1": 8.26e-06, "temporal2": 9.26e-06, "temporal3": 9.74e-06, "temporal4": 0.00072616, "total": 0.0007724667666479945}