{"temporal0": 0.00073915, "temporal1": 6.9e-06, "temporal2": 7.72e-06, "temporal3": 8.13e-06, "temporal4": 0.00072932, "total": 0.002213600557297468}