{"temporal0": 7e-06, "temporal1": 6.38e-06, "temporal2": 6.94e-06, "temporal3": 0.00072776, "temporal4": 0.00075093, "total": 0.0015050899237394333}