{"temporal0": 8.13e-06, "temporal1": 7.2e-06, "temporal2": 7.61e-06, "temporal3": 0.00073747, "temporal4": 7.7e-06, "total": 0.0007746695191599429}