{"temporal0": 0.00075322, "temporal1": 7.2e-06, "temporal2": 7.64e-06, "temporal3": 7.79e-06, "temporal4": 7.82e-06, "total": 0.00154668849427253}