{"temporal0": 0.00073885, "temporal1": 6.98e-06, "temporal2": 7.73e-06, "temporal3": 8.01e-06, "temporal4": 0.00072284, "total": 0.00223141978494823}