{"temporal0": 0.001009, "temporal1": 4.33e-06, "temporal2": 5.11e-06, "temporal3": 5.56e-06, "temporal4": 5.88e-06, "total": 0.002039999468252063}