{"temporal0": 5.07e-06, "temporal1": 0.00050336, "temporal2": 5.2e-06, "temporal3": 0.00049637, "temporal4": 0.0005072, "total": 0.0015213440638035536}