{"temporal0": 0.00050494, "temporal1": 4.47e-06, "temporal2": 0.00099232, "temporal3": 5.49e-06, "temporal4": 5.79e-06, "total": 0.0020200114231556654}