{"temporal0": 6.75e-06, "temporal1": 0.00075231, "temporal2": 0.00072805, "temporal3": 7.65e-06, "temporal4": 7.73e-06, "total": 0.0015101496828719974}