{"temporal0": 7.54e-06, "temporal1": 0.00145354, "temporal2": 8.42e-06, "temporal3": 8.91e-06, "temporal4": 9.08e-06, "total": 0.0014980998821556568}