{"temporal0": 0.000509, "temporal1": 3.5e-06, "temporal2": 3.99e-06, "temporal3": 4.37e-06, "temporal4": 4.7e-06, "total": 0.001031373511068523}