{"temporal0": 0.00075143, "temporal1": 5.78e-06, "temporal2": 6.68e-06, "temporal3": 7.13e-06, "temporal4": 7.28e-06, "total": 0.0015440565766766667}