{"temporal0": 0.00075252, "temporal1": 5.7e-06, "temporal2": 6.67e-06, "temporal3": 7.18e-06, "temporal4": 7.37e-06, "total": 0.0015239224303513765}