{"temporal0": 4.43e-06, "temporal1": 3.44e-06, "temporal2": 0.00101055, "temporal3": 3.97e-06, "temporal4": 4.11e-06, "total": 0.001030438463203609}