{"temporal0": 4.4e-06, "temporal1": 0.00050734, "temporal2": 3.86e-06, "temporal3": 0.00050574, "temporal4": 0.00050443, "total": 0.0015299329534173012}