{"temporal0": 0.00101349, "temporal1": 3.59e-06, "temporal2": 4.06e-06, "temporal3": 4.42e-06, "temporal4": 0.00050918, "total": 0.00254422752186656}