{"temporal0": 4.44e-06, "temporal1": 0.00074794, "temporal2": 5.79e-06, "temporal3": 6.19e-06, "temporal4": 0.00074384, "total": 0.0015105123165994883}