{"temporal0": 4.49e-06, "temporal1": 4.91e-06, "temporal2": 5.6e-06, "temporal3": 0.00074529, "temporal4": 5.91e-06, "total": 0.000770359009038657}