{"temporal0": 3.91e-06, "temporal1": 0.000506, "temporal2": 0.00050591, "temporal3": 4.21e-06, "temporal4": 4.44e-06, "total": 0.0010284277377650142}