{"temporal0": 3.47e-06, "temporal1": 3.07e-06, "temporal2": 3.38e-06, "temporal3": 0.00050514, "temporal4": 0.00050607, "total": 0.00102601433172822}