{"temporal0": 4.54e-06, "temporal1": 0.00050443, "temporal2": 0.00050315, "temporal3": 0.00050385, "temporal4": 4.29e-06, "total": 0.0015240615466609597}