{"temporal0": 5.74e-06, "temporal1": 6.29e-06, "temporal2": 7.23e-06, "temporal3": 0.00073842, "temporal4": 0.00073845, "total": 0.001502620754763484}