{"temporal0": 0.00075905, "temporal1": 4.64e-06, "temporal2": 5.3e-06, "temporal3": 0.0007396, "temporal4": 5.7e-06, "total": 0.0022787749767303467}