{"temporal0": 3.7e-06, "temporal1": 0.000507, "temporal2": 0.0005044, "temporal3": 4.07e-06, "temporal4": 0.00050228, "total": 0.0015246972907334566}