{"temporal0": 0.00074955, "temporal1": 4.84e-06, "temporal2": 5.52e-06, "temporal3": 5.92e-06, "temporal4": 5.98e-06, "total": 0.0015280739171430469}