{"temporal0": 0.00074858, "temporal1": 5.02e-06, "temporal2": 0.00074139, "temporal3": 6.37e-06, "temporal4": 6.51e-06, "total": 0.002245867159217596}