{"temporal0": 3.53e-06, "temporal1": 0.00151938, "temporal2": 3.25e-06, "temporal3": 3.37e-06, "temporal4": 3.5e-06, "total": 0.0015367957530543208}