{"temporal0": 0.00050866, "temporal1": 3.31e-06, "temporal2": 0.00050551, "temporal3": 0.00050309, "temporal4": 4.57e-06, "total": 0.0020318685565143824}