{"temporal0": 5.81e-06, "temporal1": 6.47e-06, "temporal2": 0.00073435, "temporal3": 0.00075275, "temporal4": 7.46e-06, "total": 0.00151063350494951}