{"temporal0": 4.19e-06, "temporal1": 4.58e-06, "temporal2": 0.00074632, "temporal3": 0.00073869, "temporal4": 5.57e-06, "total": 0.0015026879264041781}