{"temporal0": 0.00074715, "temporal1": 4.97e-06, "temporal2": 0.00074584, "temporal3": 6.04e-06, "temporal4": 6.2e-06, "total": 0.0022466331720352173}