{"temporal0": 6.4e-06, "temporal1": 0.0007377, "temporal2": 0.00073828, "temporal3": 7.45e-06, "temporal4": 7.31e-06, "total": 0.0015048771165311337}