{"temporal0": 0.0005097, "temporal1": 3.45e-06, "temporal2": 3.84e-06, "temporal3": 0.00050385, "temporal4": 0.00050507, "total": 0.002039339393377304}