{"temporal0": 3.66e-06, "temporal1": 3.44e-06, "temporal2": 4.02e-06, "temporal3": 0.00152045, "temporal4": 4.47e-06, "total": 0.0015394868096336722}