{"temporal0": 0.00050664, "temporal1": 4.35e-06, "temporal2": 0.00050549, "temporal3": 4.92e-06, "temporal4": 0.00050239, "total": 0.0020318012684583664}