{"temporal0": 6.67e-06, "temporal1": 0.00074085, "temporal2": 7.49e-06, "temporal3": 7.88e-06, "temporal4": 7.96e-06, "total": 0.0007792201358824968}