{"temporal0": 5.56e-06, "temporal1": 5.59e-06, "temporal2": 6.3e-06, "temporal3": 0.0007348, "temporal4": 0.0007395, "total": 0.0014997590333223343}