{"temporal0": 0.00051129, "temporal1": 3.98e-06, "temporal2": 4.37e-06, "temporal3": 0.00050488, "temporal4": 0.00050328, "total": 0.002042896579951048}