{"temporal0": 0.00074395, "temporal1": 0.00075532, "temporal2": 5.93e-06, "temporal3": 6.06e-06, "temporal4": 5.89e-06, "total": 0.00225904886610806}