{"temporal0": 5.34e-06, "temporal1": 5.21e-06, "temporal2": 0.00075306, "temporal3": 6.07e-06, "temporal4": 6.01e-06, "total": 0.0007821359322406352}