{"temporal0": 4.74e-06, "temporal1": 4.86e-06, "temporal2": 0.00074046, "temporal3": 5.85e-06, "temporal4": 5.95e-06, "total": 0.00076928676571697}