{"temporal0": 0.00050782, "temporal1": 3.96e-06, "temporal2": 4.43e-06, "temporal3": 4.68e-06, "temporal4": 4.85e-06, "total": 0.0010347232455387712}