{"temporal0": 5.18e-06, "temporal1": 5.23e-06, "temporal2": 5.97e-06, "temporal3": 6.28e-06, "temporal4": 0.00147358, "total": 0.001505043008364737}