{"temporal0": 4.76e-06, "temporal1": 0.00148627, "temporal2": 5.63e-06, "temporal3": 6.01e-06, "temporal4": 6.14e-06, "total": 0.0015184966614469886}