{"temporal0": 0.00074905, "temporal1": 4.76e-06, "temporal2": 5.42e-06, "temporal3": 0.00074384, "temporal4": 5.87e-06, "total": 0.0022452494595199823}