{"temporal0": 5.14e-06, "temporal1": 5.34e-06, "temporal2": 6.03e-06, "temporal3": 6.39e-06, "temporal4": 0.00149989, "total": 0.001525952247902751}