{"temporal0": 5.58e-06, "temporal1": 0.00074247, "temporal2": 5.99e-06, "temporal3": 6.16e-06, "temporal4": 0.00073628, "total": 0.0015007213223725557}