{"temporal0": 0.00075351, "temporal1": 5.43e-06, "temporal2": 6.33e-06, "temporal3": 6.76e-06, "temporal4": 0.00073646, "total": 0.002271792618557811}