{"temporal0": 0.00075639, "temporal1": 4.41e-06, "temporal2": 5.19e-06, "temporal3": 0.0007449, "temporal4": 5.78e-06, "total": 0.002268047770485282}