{"temporal0": 5.62e-06, "temporal1": 5.43e-06, "temporal2": 5.99e-06, "temporal3": 6.38e-06, "temporal4": 0.00074521, "total": 0.0007735706167295575}