{"temporal0": 3.45e-06, "temporal1": 0.00101194, "temporal2": 3.31e-06, "temporal3": 3.5e-06, "temporal4": 3.67e-06, "total": 0.0010302875889465213}