{"temporal0": 5.09e-06, "temporal1": 0.00074521, "temporal2": 6.42e-06, "temporal3": 6.87e-06, "temporal4": 0.000741, "total": 0.0015104874037206173}