{"temporal0": 0.00050786, "temporal1": 0.0005079, "temporal2": 0.0005055, "temporal3": 3.88e-06, "temporal4": 4.01e-06, "total": 0.0020367507822811604}