{"temporal0": 0.00050988, "temporal1": 3.05e-06, "temporal2": 3.4e-06, "temporal3": 0.00100779, "temporal4": 3.81e-06, "total": 0.0020350522827357054}