{"temporal0": 0.00075939, "temporal1": 0.00075572, "temporal2": 5.79e-06, "temporal3": 5.98e-06, "temporal4": 5.96e-06, "total": 0.0023029164876788855}