{"temporal0": 4.78e-06, "temporal1": 5.87e-06, "temporal2": 0.0007411, "temporal3": 7.64e-06, "temporal4": 7.83e-06, "total": 0.0007722533773630857}