{"temporal0": 0.00050979, "temporal1": 3.7e-06, "temporal2": 0.00051013, "temporal3": 3.69e-06, "temporal4": 3.84e-06, "total": 0.00154036411549896}