{"temporal0": 3.82e-06, "temporal1": 3.37e-06, "temporal2": 3.76e-06, "temporal3": 3.94e-06, "temporal4": 0.00050382, "total": 0.0005228884983807802}