{"temporal0": 0.00101749, "temporal1": 3.1e-06, "temporal2": 0.00050706, "temporal3": 3.6e-06, "temporal4": 3.77e-06, "total": 0.002555043436586857}