{"temporal0": 0.0005099, "temporal1": 3.1e-06, "temporal2": 3.45e-06, "temporal3": 3.59e-06, "temporal4": 0.00050471, "total": 0.001535133458673954}