{"temporal0": 3.76e-06, "temporal1": 3.29e-06, "temporal2": 0.00050708, "temporal3": 0.00050978, "temporal4": 0.00050664, "total": 0.0015340519603341818}