{"temporal0": 5.05e-06, "temporal1": 5.76e-06, "temporal2": 0.00075365, "temporal3": 0.00074528, "temporal4": 7e-06, "total": 0.0015193618601188064}