{"temporal0": 4.79e-06, "temporal1": 0.00148758, "temporal2": 6.37e-06, "temporal3": 6.87e-06, "temporal4": 7.09e-06, "total": 0.0015174526488408446}