{"temporal0": 0.00051153, "temporal1": 0.00101026, "temporal2": 3.84e-06, "temporal3": 4e-06, "temporal4": 4.13e-06, "total": 0.002047908026725054}