{"temporal0": 3.61e-06, "temporal1": 3.08e-06, "temporal2": 3.42e-06, "temporal3": 0.00151015, "temporal4": 3.81e-06, "total": 0.0015285232802852988}