{"temporal0": 5.33e-06, "temporal1": 5.88e-06, "temporal2": 0.00073811, "temporal3": 7.09e-06, "temporal4": 0.00074123, "total": 0.0015029520727694035}