{"temporal0": 4.37e-06, "temporal1": 0.00050671, "temporal2": 0.00050378, "temporal3": 0.00050503, "temporal4": 4.56e-06, "total": 0.0015290401643142104}