{"temporal0": 4.94e-06, "temporal1": 5.37e-06, "temporal2": 6.06e-06, "temporal3": 6.33e-06, "temporal4": 0.00074505, "total": 0.0007743994356133044}