{"temporal0": 3.85e-06, "temporal1": 0.00075018, "temporal2": 0.00074284, "temporal3": 5.25e-06, "temporal4": 5.33e-06, "total": 0.0015113228000700474}