{"temporal0": 0.00074821, "temporal1": 0.00074175, "temporal2": 6.15e-06, "temporal3": 6.28e-06, "temporal4": 6.17e-06, "total": 0.0022572583984583616}