{"temporal0": 0.00050867, "temporal1": 0.00050999, "temporal2": 3.88e-06, "temporal3": 4.08e-06, "temporal4": 0.00050925, "total": 0.0020426881965249777}