{"temporal0": 4.55e-06, "temporal1": 5.28e-06, "temporal2": 0.00074761, "temporal3": 0.00073753, "temporal4": 6.35e-06, "total": 0.00150682486128062}