{"temporal0": 4.52e-06, "temporal1": 4.95e-06, "temporal2": 5.72e-06, "temporal3": 0.00074024, "temporal4": 6.11e-06, "total": 0.0007666003075428307}