{"temporal0": 0.00075044, "temporal1": 0.00074625, "temporal2": 5.5e-06, "temporal3": 5.88e-06, "temporal4": 5.96e-06, "total": 0.002256150124594569}