{"temporal0": 0.00075493, "temporal1": 4.22e-06, "temporal2": 0.00074773, "temporal3": 5.3e-06, "temporal4": 5.46e-06, "total": 0.0022661976981908083}