{"temporal0": 3.74e-06, "temporal1": 4.54e-06, "temporal2": 5.45e-06, "temporal3": 5.86e-06, "temporal4": 0.00075396, "total": 0.0007774112746119499}