{"temporal0": 4.94e-06, "temporal1": 5.37e-06, "temporal2": 0.00074135, "temporal3": 6.27e-06, "temporal4": 0.00074022, "total": 0.0015042644226923585}