{"temporal0": 0.00075591, "temporal1": 4.23e-06, "temporal2": 4.91e-06, "temporal3": 0.00074184, "temporal4": 5.34e-06, "total": 0.0022761120926588774}