{"temporal0": 4.39e-06, "temporal1": 3.44e-06, "temporal2": 0.00100748, "temporal3": 4.04e-06, "temporal4": 0.00050491, "total": 0.0015293618198484182}