{"temporal0": 3.89e-06, "temporal1": 3.36e-06, "temporal2": 3.74e-06, "temporal3": 3.94e-06, "temporal4": 0.00100682, "total": 0.0010254945373162627}