{"temporal0": 5.25e-06, "temporal1": 5.28e-06, "temporal2": 6.02e-06, "temporal3": 0.00147466, "temporal4": 6.58e-06, "total": 0.0015046208864077926}