{"temporal0": 0.00074927, "temporal1": 5.19e-06, "temporal2": 6.02e-06, "temporal3": 0.00075419, "temporal4": 6.4e-06, "total": 0.0022615399211645126}