{"temporal0": 9.18e-06, "temporal1": 8.69e-06, "temporal2": 9.28e-06, "temporal3": 0.00142947, "temporal4": 9.56e-06, "total": 0.0014721844345331192}