{"temporal0": 0.00072467, "temporal1": 9.67e-06, "temporal2": 1.048e-05, "temporal3": 1.07e-05, "temporal4": 1.079e-05, "total": 0.0015037485864013433}