{"temporal0": 9.12e-06, "temporal1": 0.00073111, "temporal2": 9.86e-06, "temporal3": 1.012e-05, "temporal4": 0.00071055, "total": 0.001477452227845788}