{"temporal0": 1.027e-05, "temporal1": 0.00074579, "temporal2": 1.121e-05, "temporal3": 0.00070144, "temporal4": 1.109e-05, "total": 0.0014901448739692569}