{"temporal0": 9.41e-06, "temporal1": 8.96e-06, "temporal2": 9.69e-06, "temporal3": 0.00145147, "temporal4": 9.91e-06, "total": 0.0015005208551883698}