{"temporal0": 1.058e-05, "temporal1": 1.081e-05, "temporal2": 1.178e-05, "temporal3": 1.222e-05, "temporal4": 0.00140809, "total": 0.0014701210893690586}