{"temporal0": 1.129e-05, "temporal1": 0.00070881, "temporal2": 1.219e-05, "temporal3": 0.00070948, "temporal4": 1.244e-05, "total": 0.0014688780065625906}