{"temporal0": 1.104e-05, "temporal1": 0.0007135, "temporal2": 0.00071079, "temporal3": 1.264e-05, "temporal4": 1.278e-05, "total": 0.0014775808667764068}