{"temporal0": 0.00145621, "temporal1": 9.86e-06, "temporal2": 1.055e-05, "temporal3": 1.08e-05, "temporal4": 1.083e-05, "total": 0.002940525533631444}