{"temporal0": 9.61e-06, "temporal1": 0.00071193, "temporal2": 0.00072882, "temporal3": 1.084e-05, "temporal4": 1.104e-05, "total": 0.0014824050012975931}