{"temporal0": 8.25e-06, "temporal1": 0.00071783, "temporal2": 9.22e-06, "temporal3": 9.51e-06, "temporal4": 0.00072474, "total": 0.0014758554752916098}