{"temporal0": 1.017e-05, "temporal1": 1.07e-05, "temporal2": 1.191e-05, "temporal3": 1.245e-05, "temporal4": 0.00071661, "total": 0.0007776368292979896}