{"temporal0": 9.54e-06, "temporal1": 1.015e-05, "temporal2": 0.00071545, "temporal3": 1.196e-05, "temporal4": 1.227e-05, "total": 0.0007738944259472191}