{"temporal0": 1.173e-05, "temporal1": 1.301e-05, "temporal2": 0.00070362, "temporal3": 1.453e-05, "temporal4": 0.00070178, "total": 0.001457463949918747}