{"temporal0": 9.76e-06, "temporal1": 1.043e-05, "temporal2": 0.00071544, "temporal3": 1.19e-05, "temporal4": 1.19e-05, "total": 0.0007708269986324012}