{"temporal0": 8.23e-06, "temporal1": 8.34e-06, "temporal2": 9.12e-06, "temporal3": 9.46e-06, "temporal4": 0.0007436, "total": 0.0007844011997804046}