{"temporal0": 0.0014537, "temporal1": 9.34e-06, "temporal2": 1.047e-05, "temporal3": 1.101e-05, "temporal4": 1.13e-05, "total": 0.0029414023738354445}