{"temporal0": 0.00072182, "temporal1": 1.019e-05, "temporal2": 1.139e-05, "temporal3": 1.198e-05, "temporal4": 1.218e-05, "total": 0.001462906482629478}