{"temporal0": 1.136e-05, "temporal1": 1.232e-05, "temporal2": 0.00070905, "temporal3": 0.00070808, "temporal4": 1.415e-05, "total": 0.0014699578750878572}