{"temporal0": 0.00071957, "temporal1": 1.046e-05, "temporal2": 1.159e-05, "temporal3": 1.195e-05, "temporal4": 1.2e-05, "total": 0.0014577589463442564}