{"temporal0": 8.02e-06, "temporal1": 0.00072183, "temporal2": 0.00074662, "temporal3": 9.61e-06, "temporal4": 9.71e-06, "total": 0.0015063286991789937}