{"temporal0": 0.00142647, "temporal1": 1.024e-05, "temporal2": 1.106e-05, "temporal3": 1.124e-05, "temporal4": 1.104e-05, "total": 0.0028838301077485085}