{"temporal0": 4.89e-06, "temporal1": 4.53e-06, "temporal2": 0.00151664, "temporal3": 4.84e-06, "temporal4": 4.89e-06, "total": 0.0015397992683574557}