{"temporal0": 0.00051676, "temporal1": 0.00051316, "temporal2": 4.07e-06, "temporal3": 4.06e-06, "temporal4": 0.00051295, "total": 0.002067948691546917}