{"temporal0": 7.92e-06, "temporal1": 4.19e-06, "temporal2": 0.00051338, "temporal3": 3.83e-06, "temporal4": 0.00051344, "total": 0.0010486918035894632}