{"temporal0": 0.00102686, "temporal1": 0.0005132, "temporal2": 4.41e-06, "temporal3": 4.35e-06, "temporal4": 4.35e-06, "total": 0.002581357955932617}