{"temporal0": 0.00102576, "temporal1": 4.75e-06, "temporal2": 4.37e-06, "temporal3": 4.28e-06, "temporal4": 4.29e-06, "total": 0.0020682334434241056}