{"temporal0": 0.00076689, "temporal1": 0.00075887, "temporal2": 3.95e-06, "temporal3": 4.01e-06, "temporal4": 4.08e-06, "total": 0.0023057623766362667}