{"temporal0": 0.00076167, "temporal1": 4.04e-06, "temporal2": 4.2e-06, "temporal3": 4.28e-06, "temporal4": 4.17e-06, "total": 0.0015395373338833451}