{"temporal0": 0.00076237, "temporal1": 3.74e-06, "temporal2": 3.98e-06, "temporal3": 0.00076274, "temporal4": 4.17e-06, "total": 0.0023027253337204456}