{"temporal0": 6.47e-06, "temporal1": 0.00102482, "temporal2": 3.87e-06, "temporal3": 0.00051353, "temporal4": 3.93e-06, "total": 0.0015566678484901786}