{"temporal0": 0.00076121, "temporal1": 3.23e-06, "temporal2": 3.43e-06, "temporal3": 3.51e-06, "temporal4": 3.6e-06, "total": 0.0015356331132352352}