{"temporal0": 6.73e-06, "temporal1": 0.00051456, "temporal2": 0.00051295, "temporal3": 4.03e-06, "temporal4": 0.00051241, "total": 0.0015558481682091951}