{"temporal0": 4.73e-06, "temporal1": 0.00075897, "temporal2": 4.58e-06, "temporal3": 4.8e-06, "temporal4": 4.81e-06, "total": 0.0007817420409992337}