{"temporal0": 8.05e-06, "temporal1": 4.22e-06, "temporal2": 4.03e-06, "temporal3": 0.00051467, "temporal4": 0.00102335, "total": 0.0015595811419188976}