{"temporal0": 7.65e-06, "temporal1": 0.000514, "temporal2": 0.00051272, "temporal3": 4.12e-06, "temporal4": 4.27e-06, "total": 0.001047101803123951}