{"temporal0": 5.75e-06, "temporal1": 0.00075943, "temporal2": 5.39e-06, "temporal3": 5.56e-06, "temporal4": 0.00075548, "total": 0.0015359066892415285}