{"temporal0": 5.75e-06, "temporal1": 4.06e-06, "temporal2": 0.000514, "temporal3": 0.00051287, "temporal4": 4.35e-06, "total": 0.0010466466192156076}