{"temporal0": 0.00076228, "temporal1": 0.00075758, "temporal2": 3.82e-06, "temporal3": 3.91e-06, "temporal4": 3.89e-06, "total": 0.002299414249137044}