{"temporal0": 3.97e-06, "temporal1": 3.05e-06, "temporal2": 3.11e-06, "temporal3": 3.18e-06, "temporal4": 0.00151559, "total": 0.0015338172670453787}