{"temporal0": 5.57e-06, "temporal1": 0.00075652, "temporal2": 5.84e-06, "temporal3": 0.00075722, "temporal4": 6.07e-06, "total": 0.001534473616629839}