{"temporal0": 6.52e-06, "temporal1": 4.18e-06, "temporal2": 3.84e-06, "temporal3": 0.00102118, "temporal4": 0.00051426, "total": 0.0015559709863737226}