{"temporal0": 0.00051616, "temporal1": 4.01e-06, "temporal2": 0.00051313, "temporal3": 4.08e-06, "temporal4": 0.00051253, "total": 0.0020663512405008078}