{"temporal0": 3.65e-06, "temporal1": 3.23e-06, "temporal2": 0.00075971, "temporal3": 0.00075714, "temporal4": 3.57e-06, "total": 0.001530917244963348}