{"temporal0": 6.63e-06, "temporal1": 0.0007619, "temporal2": 4.48e-06, "temporal3": 0.00075351, "temporal4": 4.18e-06, "total": 0.001535714021883905}