{"temporal0": 0.00051592, "temporal1": 4.13e-06, "temporal2": 3.85e-06, "temporal3": 3.84e-06, "temporal4": 3.92e-06, "total": 0.0010473079746589065}