{"temporal0": 6.83e-06, "temporal1": 0.00051366, "temporal2": 0.00051221, "temporal3": 4.24e-06, "temporal4": 4.4e-06, "total": 0.0010454009752720594}