{"temporal0": 0.0007583, "temporal1": 5.26e-06, "temporal2": 5.6e-06, "temporal3": 5.72e-06, "temporal4": 0.00075441, "total": 0.0022946365643292665}