{"temporal0": 4.58e-06, "temporal1": 0.00075757, "temporal2": 3.81e-06, "temporal3": 3.89e-06, "temporal4": 3.93e-06, "total": 0.0007779052248224616}