{"temporal0": 4.33e-06, "temporal1": 3.88e-06, "temporal2": 0.00075598, "temporal3": 4.23e-06, "temporal4": 4.29e-06, "total": 0.0007757636485621333}