{"temporal0": 4.18e-06, "temporal1": 3.79e-06, "temporal2": 3.93e-06, "temporal3": 4.02e-06, "temporal4": 0.00076098, "total": 0.0007807179936207831}