{"temporal0": 0.00075934, "temporal1": 4.31e-06, "temporal2": 4.67e-06, "temporal3": 4.85e-06, "temporal4": 4.82e-06, "total": 0.0015412135981023312}