{"temporal0": 0.00076293, "temporal1": 4.08e-06, "temporal2": 0.00075316, "temporal3": 4.46e-06, "temporal4": 4.33e-06, "total": 0.0022940391208976507}