{"temporal0": 8.3e-06, "temporal1": 5.9e-06, "temporal2": 0.00150722, "temporal3": 5.47e-06, "temporal4": 5.2e-06, "total": 0.001536163967102766}