{"temporal0": 6.11e-06, "temporal1": 4.52e-06, "temporal2": 4.4e-06, "temporal3": 4.39e-06, "temporal4": 0.00150978, "total": 0.0015332490438595414}