{"temporal0": 0.00051667, "temporal1": 4.18e-06, "temporal2": 0.00051194, "temporal3": 0.00051259, "temporal4": 4.11e-06, "total": 0.0020661221351474524}