{"temporal0": 6.72e-06, "temporal1": 3.6e-06, "temporal2": 3.71e-06, "temporal3": 0.00153328, "temporal4": 4.12e-06, "total": 0.0015551988035440445}