{"temporal0": 3.66e-06, "temporal1": 3.29e-06, "temporal2": 3.49e-06, "temporal3": 0.00150688, "temporal4": 3.55e-06, "total": 0.0015245474642142653}