{"temporal0": 4.39e-06, "temporal1": 4.01e-06, "temporal2": 4.18e-06, "temporal3": 0.0015123, "temporal4": 4.36e-06, "total": 0.001532684313133359}